LectureId;DateKey;FromTimeKey;UntilTimeKey;ClassKey;SubgroupKey;RoomKey;ActivityKey;UserCount;TotalStudents;AttendanceRate
383344;20250926;103000;123000;4025;5787962;520;2;;;
383344;20250926;103000;123000;4025;5807007;520;2;;;
383345;20251003;103000;123000;4025;5787962;520;2;;;
383345;20251003;103000;123000;4025;5807007;520;2;;;
383346;20251010;103000;123000;4025;5787962;520;2;;;
383346;20251010;103000;123000;4025;5807007;520;2;;;
383347;20251017;103000;123000;4025;5787962;520;2;;;
383347;20251017;103000;123000;4025;5807007;520;2;;;
383348;20251024;103000;123000;4025;5787962;520;2;;;
383348;20251024;103000;123000;4025;5807007;520;2;;;
383349;20251031;103000;123000;4025;5787962;520;2;;;
383349;20251031;103000;123000;4025;5807007;520;2;;;
383350;20251107;103000;123000;4025;5787962;520;2;;;
383350;20251107;103000;123000;4025;5807007;520;2;;;
383351;20251114;103000;123000;4025;5787962;520;2;;;
383351;20251114;103000;123000;4025;5807007;520;2;;;
383352;20251121;103000;123000;4025;5787962;520;2;;;
383352;20251121;103000;123000;4025;5807007;520;2;;;
383353;20251128;103000;123000;4025;5787962;520;2;;;
383353;20251128;103000;123000;4025;5807007;520;2;;;
383354;20251205;103000;123000;4025;5787962;520;2;;;
383354;20251205;103000;123000;4025;5807007;520;2;;;
383355;20251212;103000;123000;4025;5787962;520;2;;;
383355;20251212;103000;123000;4025;5807007;520;2;;;
383356;20251219;103000;123000;4025;5787962;520;2;;;
383356;20251219;103000;123000;4025;5807007;520;2;;;
394486;20250922;81500;101500;4025;5807211;520;2;;;
394486;20250922;81500;101500;4025;5830071;520;2;;;
394487;20250929;81500;101500;4025;5807211;520;2;;;
394487;20250929;81500;101500;4025;5830071;520;2;;;
394488;20251006;81500;101500;4025;5807211;520;2;;;
394488;20251006;81500;101500;4025;5830071;520;2;;;
394489;20251013;81500;101500;4025;5807211;520;2;;;
394489;20251013;81500;101500;4025;5830071;520;2;;;
394490;20251020;81500;101500;4025;5807211;520;2;;;
394490;20251020;81500;101500;4025;5830071;520;2;;;
394491;20251027;81500;101500;4025;5807211;520;2;;;
394491;20251027;81500;101500;4025;5830071;520;2;;;
394492;20251103;81500;101500;4025;5807211;520;2;;;
394492;20251103;81500;101500;4025;5830071;520;2;;;
394494;20251117;81500;101500;4025;5807211;520;2;;;
394494;20251117;81500;101500;4025;5830071;520;2;;;
394495;20251124;81500;101500;4025;5807211;520;2;;;
394495;20251124;81500;101500;4025;5830071;520;2;;;
394496;20251201;81500;101500;4025;5807211;520;2;;;
394496;20251201;81500;101500;4025;5830071;520;2;;;
394497;20251208;81500;101500;4025;5807211;520;2;;;
394497;20251208;81500;101500;4025;5830071;520;2;;;
394498;20251215;81500;101500;4025;5807211;520;2;;;
394498;20251215;81500;101500;4025;5830071;520;2;;;
395377;20250922;103000;123000;4025;5788370;2291;2;;;
395378;20250929;103000;123000;4025;5788370;2291;2;;;
395379;20251006;103000;123000;4025;5788370;2291;2;;;
395380;20251013;103000;123000;4025;5788370;2291;2;;;
395381;20251020;103000;123000;4025;5788370;2291;2;;;
395382;20251027;103000;123000;4025;5788370;2291;2;;;
395383;20251103;103000;123000;4025;5788370;2291;2;;;
395385;20251117;103000;123000;4025;5788370;2291;2;;;
395386;20251124;103000;123000;4025;5788370;2291;2;;;
395387;20251201;103000;123000;4025;5788370;2291;2;;;
395388;20251208;103000;123000;4025;5788370;2291;2;;;
395389;20251215;103000;123000;4025;5788370;2291;2;;;
387561;20250922;81500;101500;4025;5937307;2291;2;;;
387561;20250922;81500;101500;4025;5796255;2291;2;;;
387562;20250929;81500;101500;4025;5937307;2291;2;;;
387562;20250929;81500;101500;4025;5796255;2291;2;;;
387563;20251006;81500;101500;4025;5937307;2291;2;;;
387563;20251006;81500;101500;4025;5796255;2291;2;;;
387564;20251013;81500;101500;4025;5937307;2291;2;;;
387564;20251013;81500;101500;4025;5796255;2291;2;;;
387565;20251020;81500;101500;4025;5937307;2291;2;;;
387565;20251020;81500;101500;4025;5796255;2291;2;;;
387566;20251027;81500;101500;4025;5937307;2291;2;;;
387566;20251027;81500;101500;4025;5796255;2291;2;;;
387567;20251103;81500;101500;4025;5937307;2291;2;;;
387567;20251103;81500;101500;4025;5796255;2291;2;;;
387569;20251117;81500;101500;4025;5937307;2291;2;;;
387569;20251117;81500;101500;4025;5796255;2291;2;;;
387570;20251124;81500;101500;4025;5937307;2291;2;;;
387570;20251124;81500;101500;4025;5796255;2291;2;;;
387571;20251201;81500;101500;4025;5937307;2291;2;;;
387571;20251201;81500;101500;4025;5796255;2291;2;;;
387572;20251208;81500;101500;4025;5937307;2291;2;;;
387572;20251208;81500;101500;4025;5796255;2291;2;;;
387573;20251215;81500;101500;4025;5937307;2291;2;;;
387573;20251215;81500;101500;4025;5796255;2291;2;;;
386185;20250925;91500;101500;4047;5753211;2968;2;;;
386186;20251002;91500;101500;4047;5753211;2968;2;;;
386187;20251009;91500;101500;4047;5753211;2968;2;;;
386188;20251016;91500;101500;4047;5753211;2968;2;;;
386189;20251023;91500;101500;4047;5753211;2968;2;;;
386190;20251030;91500;101500;4047;5753211;2968;2;;;
386191;20251106;91500;101500;4047;5753211;2968;2;;;
386192;20251113;91500;101500;4047;5753211;2968;2;;;
386193;20251120;91500;101500;4047;5753211;2968;2;;;
386194;20251127;91500;101500;4047;5753211;2968;2;;;
386195;20251204;91500;101500;4047;5753211;2968;2;;;
386196;20251211;91500;101500;4047;5753211;2968;2;;;
386197;20251218;91500;101500;4047;5753211;2968;2;;;
386198;20250925;103000;123000;4047;5753211;2968;2;;;
386199;20251002;103000;123000;4047;5753211;2968;2;;;
386200;20251009;103000;123000;4047;5753211;2968;2;;;
386201;20251016;103000;123000;4047;5753211;2968;2;;;
386202;20251023;103000;123000;4047;5753211;2968;2;;;
386203;20251030;103000;123000;4047;5753211;2968;2;;;
386204;20251106;103000;123000;4047;5753211;2968;2;;;
386205;20251113;103000;123000;4047;5753211;2968;2;;;
386206;20251120;103000;123000;4047;5753211;2968;2;;;
386207;20251127;103000;123000;4047;5753211;2968;2;;;
386208;20251204;103000;123000;4047;5753211;2968;2;;;
386209;20251211;103000;123000;4047;5753211;2968;2;;;
386210;20251218;103000;123000;4047;5753211;2968;2;;;
386146;20250924;91500;101500;4047;6115667;2968;2;;;
386147;20251001;91500;101500;4047;6115667;2968;2;;;
386148;20251008;91500;101500;4047;6115667;2968;2;;;
386149;20251015;91500;101500;4047;6115667;2968;2;;;
386150;20251022;91500;101500;4047;6115667;2968;2;;;
386151;20251029;91500;101500;4047;6115667;2968;2;;;
386152;20251105;91500;101500;4047;6115667;2968;2;;;
386153;20251112;91500;101500;4047;6115667;2968;2;;;
386154;20251119;91500;101500;4047;6115667;2968;2;;;
386155;20251126;91500;101500;4047;6115667;2968;2;;;
386156;20251203;91500;101500;4047;6115667;2968;2;;;
386157;20251210;91500;101500;4047;6115667;2968;2;;;
386158;20251217;91500;101500;4047;6115667;2968;2;;;
386159;20250924;103000;123000;4047;6115667;2968;2;;;
386160;20251001;103000;123000;4047;6115667;2968;2;;;
386161;20251008;103000;123000;4047;6115667;2968;2;;;
386162;20251015;103000;123000;4047;6115667;2968;2;;;
386163;20251022;103000;123000;4047;6115667;2968;2;;;
386164;20251029;103000;123000;4047;6115667;2968;2;;;
386165;20251105;103000;123000;4047;6115667;2968;2;;;
386166;20251112;103000;123000;4047;6115667;2968;2;;;
386167;20251119;103000;123000;4047;6115667;2968;2;;;
386168;20251126;103000;123000;4047;6115667;2968;2;;;
386169;20251203;103000;123000;4047;6115667;2968;2;;;
386170;20251210;103000;123000;4047;6115667;2968;2;;;
386171;20251217;103000;123000;4047;6115667;2968;2;;;
395451;20250925;133000;153000;4022;5939143;2313;2;;;
395451;20250925;133000;153000;4022;5976638;2313;2;;;
395451;20250925;133000;153000;4022;5788163;2313;2;;;
395452;20251002;133000;153000;4022;5939143;2313;2;;;
395452;20251002;133000;153000;4022;5976638;2313;2;;;
395452;20251002;133000;153000;4022;5788163;2313;2;;;
395453;20251009;133000;153000;4022;5939143;2313;2;;;
395453;20251009;133000;153000;4022;5976638;2313;2;;;
395453;20251009;133000;153000;4022;5788163;2313;2;;;
395454;20251016;133000;153000;4022;5939143;2313;2;;;
395454;20251016;133000;153000;4022;5976638;2313;2;;;
395454;20251016;133000;153000;4022;5788163;2313;2;;;
395455;20251023;133000;153000;4022;5939143;2313;2;;;
395455;20251023;133000;153000;4022;5976638;2313;2;;;
395455;20251023;133000;153000;4022;5788163;2313;2;;;
395456;20251030;133000;153000;4022;5939143;2313;2;;;
395456;20251030;133000;153000;4022;5976638;2313;2;;;
395456;20251030;133000;153000;4022;5788163;2313;2;;;
395457;20251106;133000;153000;4022;5939143;2313;2;;;
395457;20251106;133000;153000;4022;5976638;2313;2;;;
395457;20251106;133000;153000;4022;5788163;2313;2;;;
395458;20251113;133000;153000;4022;5939143;2313;2;;;
395458;20251113;133000;153000;4022;5976638;2313;2;;;
395458;20251113;133000;153000;4022;5788163;2313;2;;;
395459;20251120;133000;153000;4022;5939143;2313;2;;;
395459;20251120;133000;153000;4022;5976638;2313;2;;;
395459;20251120;133000;153000;4022;5788163;2313;2;;;
395460;20251127;133000;153000;4022;5939143;2313;2;;;
395460;20251127;133000;153000;4022;5976638;2313;2;;;
395460;20251127;133000;153000;4022;5788163;2313;2;;;
395461;20251204;133000;153000;4022;5939143;2313;2;;;
395461;20251204;133000;153000;4022;5976638;2313;2;;;
395461;20251204;133000;153000;4022;5788163;2313;2;;;
395462;20251211;133000;153000;4022;5939143;2313;2;;;
395462;20251211;133000;153000;4022;5976638;2313;2;;;
395462;20251211;133000;153000;4022;5788163;2313;2;;;
386094;20250924;103000;123000;4048;5753212;2326;2;;;
386095;20251001;103000;123000;4048;5753212;2326;2;;;
386096;20251008;103000;123000;4048;5753212;2326;2;;;
386097;20251015;103000;123000;4048;5753212;2326;2;;;
386098;20251022;103000;123000;4048;5753212;2326;2;;;
386099;20251029;103000;123000;4048;5753212;2326;2;;;
386100;20251105;103000;123000;4048;5753212;2326;2;;;
386101;20251112;103000;123000;4048;5753212;2326;2;;;
386102;20251119;103000;123000;4048;5753212;2326;2;;;
386103;20251126;103000;123000;4048;5753212;2326;2;;;
386104;20251203;103000;123000;4048;5753212;2326;2;;;
386105;20251210;103000;123000;4048;5753212;2326;2;;;
386106;20251217;103000;123000;4048;5753212;2326;2;;;
386123;20251016;103000;123000;4048;5976666;2326;2;;;
386123;20251016;103000;123000;4048;6115668;2326;2;;;
386124;20251023;103000;123000;4048;5976666;2326;2;;;
386124;20251023;103000;123000;4048;6115668;2326;2;;;
386125;20251030;103000;123000;4048;5976666;2326;2;;;
386125;20251030;103000;123000;4048;6115668;2326;2;;;
386127;20251113;103000;123000;4048;5976666;2326;2;;;
386127;20251113;103000;123000;4048;6115668;2326;2;;;
386128;20251120;103000;123000;4048;5976666;2326;2;;;
386128;20251120;103000;123000;4048;6115668;2326;2;;;
386129;20251127;103000;123000;4048;5976666;2326;2;;;
386129;20251127;103000;123000;4048;6115668;2326;2;;;
386130;20251204;103000;123000;4048;5976666;2326;2;;;
386130;20251204;103000;123000;4048;6115668;2326;2;;;
386131;20251211;103000;123000;4048;5976666;2326;2;;;
386131;20251211;103000;123000;4048;6115668;2326;2;;;
384661;20250924;81500;101500;4024;5788369;2296;2;;;
384662;20251001;81500;101500;4024;5788369;2296;2;;;
384663;20251008;81500;101500;4024;5788369;2296;2;;;
384664;20251015;81500;101500;4024;5788369;2296;2;;;
384665;20251022;81500;101500;4024;5788369;2296;2;;;
384666;20251029;81500;101500;4024;5788369;2296;2;;;
384667;20251105;81500;101500;4024;5788369;2296;2;;;
384668;20251112;81500;101500;4024;5788369;2296;2;;;
384669;20251119;81500;101500;4024;5788369;2296;2;;;
384670;20251126;81500;101500;4024;5788369;2296;2;;;
384671;20251203;81500;101500;4024;5788369;2296;2;;;
384672;20251210;81500;101500;4024;5788369;2296;2;;;
384673;20251217;81500;101500;4024;5788369;2296;2;;;
395128;20250923;103000;123000;4024;5788369;2291;2;;;
395129;20250930;103000;123000;4024;5788369;2291;2;;;
395130;20251007;103000;123000;4024;5788369;2291;2;;;
395131;20251014;103000;123000;4024;5788369;2291;2;;;
395132;20251021;103000;123000;4024;5788369;2291;2;;;
395133;20251028;103000;123000;4024;5788369;2291;2;;;
395134;20251104;103000;123000;4024;5788369;2291;2;;;
395136;20251118;103000;123000;4024;5788369;2291;2;;;
395137;20251125;103000;123000;4024;5788369;2291;2;;;
395138;20251202;103000;123000;4024;5788369;2291;2;;;
395139;20251209;103000;123000;4024;5788369;2291;2;;;
395140;20251216;103000;123000;4024;5788369;2291;2;;;
395509;20250923;133000;153000;4024;5937510;2313;2;;;
395509;20250923;133000;153000;4024;5872097;2313;2;;;
395510;20250930;133000;153000;4024;5937510;2313;2;;;
395510;20250930;133000;153000;4024;5872097;2313;2;;;
395511;20251007;133000;153000;4024;5937510;2313;2;;;
395511;20251007;133000;153000;4024;5872097;2313;2;;;
395512;20251014;133000;153000;4024;5937510;2313;2;;;
395512;20251014;133000;153000;4024;5872097;2313;2;;;
395513;20251021;133000;153000;4024;5937510;2313;2;;;
395513;20251021;133000;153000;4024;5872097;2313;2;;;
395514;20251028;133000;153000;4024;5937510;2313;2;;;
395514;20251028;133000;153000;4024;5872097;2313;2;;;
395515;20251104;133000;153000;4024;5937510;2313;2;;;
395515;20251104;133000;153000;4024;5872097;2313;2;;;
395517;20251118;133000;153000;4024;5937510;2313;2;;;
395517;20251118;133000;153000;4024;5872097;2313;2;;;
395518;20251125;133000;153000;4024;5937510;2313;2;;;
395518;20251125;133000;153000;4024;5872097;2313;2;;;
395519;20251202;133000;153000;4024;5937510;2313;2;;;
395519;20251202;133000;153000;4024;5872097;2313;2;;;
395520;20251209;133000;153000;4024;5937510;2313;2;;;
395520;20251209;133000;153000;4024;5872097;2313;2;;;
395521;20251216;133000;153000;4024;5937510;2313;2;;;
395521;20251216;133000;153000;4024;5872097;2313;2;;;
384046;20250925;81500;101500;4024;5937510;2326;2;;;
384046;20250925;81500;101500;4024;5872097;2326;2;;;
384046;20250925;81500;101500;4024;5940744;2326;2;;;
384047;20251002;81500;101500;4024;5937510;2326;2;;;
384047;20251002;81500;101500;4024;5872097;2326;2;;;
384047;20251002;81500;101500;4024;5940744;2326;2;;;
384048;20251009;81500;101500;4024;5937510;2326;2;;;
384048;20251009;81500;101500;4024;5872097;2326;2;;;
384048;20251009;81500;101500;4024;5940744;2326;2;;;
384049;20251016;81500;101500;4024;5937510;2326;2;;;
384049;20251016;81500;101500;4024;5872097;2326;2;;;
384049;20251016;81500;101500;4024;5940744;2326;2;;;
384050;20251023;81500;101500;4024;5937510;2326;2;;;
384050;20251023;81500;101500;4024;5872097;2326;2;;;
384050;20251023;81500;101500;4024;5940744;2326;2;;;
384051;20251030;81500;101500;4024;5937510;2326;2;;;
384051;20251030;81500;101500;4024;5872097;2326;2;;;
384051;20251030;81500;101500;4024;5940744;2326;2;;;
384052;20251106;81500;101500;4024;5937510;2326;2;;;
384052;20251106;81500;101500;4024;5872097;2326;2;;;
384052;20251106;81500;101500;4024;5940744;2326;2;;;
384053;20251113;81500;101500;4024;5937510;2326;2;;;
384053;20251113;81500;101500;4024;5872097;2326;2;;;
384053;20251113;81500;101500;4024;5940744;2326;2;;;
384054;20251120;81500;101500;4024;5937510;2326;2;;;
384054;20251120;81500;101500;4024;5872097;2326;2;;;
384054;20251120;81500;101500;4024;5940744;2326;2;;;
384055;20251127;81500;101500;4024;5937510;2326;2;;;
384055;20251127;81500;101500;4024;5872097;2326;2;;;
384055;20251127;81500;101500;4024;5940744;2326;2;;;
384056;20251204;81500;101500;4024;5937510;2326;2;;;
384056;20251204;81500;101500;4024;5872097;2326;2;;;
384056;20251204;81500;101500;4024;5940744;2326;2;;;
384057;20251211;81500;101500;4024;5937510;2326;2;;;
384057;20251211;81500;101500;4024;5872097;2326;2;;;
384057;20251211;81500;101500;4024;5940744;2326;2;;;
384058;20251218;81500;101500;4024;5937510;2326;2;;;
384058;20251218;81500;101500;4024;5872097;2326;2;;;
384058;20251218;81500;101500;4024;5940744;2326;2;;;
382343;20250926;81500;111500;4011;5997665;1622;2;;;
382344;20251003;81500;111500;4011;5997665;1622;2;;;
382345;20251010;81500;111500;4011;5997665;1622;2;;;
382346;20251017;81500;111500;4011;5997665;1622;2;;;
382347;20251024;81500;111500;4011;5997665;1622;2;;;
382348;20251031;81500;111500;4011;5997665;1622;2;;;
382349;20251107;81500;111500;4011;5997665;1622;2;;;
382350;20251114;81500;111500;4011;5997665;1622;2;;;
382351;20251121;81500;111500;4011;5997665;1622;2;;;
382352;20251128;81500;111500;4011;5997665;1622;2;;;
382353;20251205;81500;111500;4011;5997665;1622;2;;;
382354;20251212;81500;111500;4011;5997665;1622;2;;;
382355;20251219;81500;111500;4011;5997665;1622;2;;;
382204;20250926;113000;133000;4012;5997462;1622;2;;;
382205;20251003;113000;133000;4012;5997462;1622;2;;;
382206;20251010;113000;133000;4012;5997462;1622;2;;;
382207;20251017;113000;133000;4012;5997462;1622;2;;;
382208;20251024;113000;133000;4012;5997462;1622;2;;;
382209;20251031;113000;133000;4012;5997462;1622;2;;;
382210;20251107;113000;133000;4012;5997462;1622;2;;;
382211;20251114;113000;133000;4012;5997462;1622;2;;;
382212;20251121;113000;133000;4012;5997462;1622;2;;;
382213;20251128;113000;133000;4012;5997462;1622;2;;;
382214;20251205;113000;133000;4012;5997462;1622;2;;;
382215;20251212;113000;133000;4012;5997462;1622;2;;;
382216;20251219;113000;133000;4012;5997462;1622;2;;;
395800;20250922;133000;163000;4049;5976667;2968;2;;;
395800;20250922;133000;163000;4049;5753213;2968;2;;;
395801;20250929;133000;163000;4049;5976667;2968;2;;;
395801;20250929;133000;163000;4049;5753213;2968;2;;;
395802;20251006;133000;163000;4049;5976667;2968;2;;;
395802;20251006;133000;163000;4049;5753213;2968;2;;;
395803;20251013;133000;163000;4049;5976667;2968;2;;;
395803;20251013;133000;163000;4049;5753213;2968;2;;;
395804;20251020;133000;163000;4049;5976667;2968;2;;;
395804;20251020;133000;163000;4049;5753213;2968;2;;;
395805;20251027;133000;163000;4049;5976667;2968;2;;;
395805;20251027;133000;163000;4049;5753213;2968;2;;;
395806;20251103;133000;163000;4049;5976667;2968;2;;;
395806;20251103;133000;163000;4049;5753213;2968;2;;;
395808;20251117;133000;163000;4049;5976667;2968;2;;;
395808;20251117;133000;163000;4049;5753213;2968;2;;;
395809;20251124;133000;163000;4049;5976667;2968;2;;;
395809;20251124;133000;163000;4049;5753213;2968;2;;;
395810;20251201;133000;163000;4049;5976667;2968;2;;;
395810;20251201;133000;163000;4049;5753213;2968;2;;;
395811;20251208;133000;163000;4049;5976667;2968;2;;;
395811;20251208;133000;163000;4049;5753213;2968;2;;;
395812;20251215;133000;163000;4049;5976667;2968;2;;;
395812;20251215;133000;163000;4049;5753213;2968;2;;;
394526;20250922;103000;123000;4050;5753214;2309;2;;;
394526;20250922;103000;123000;4050;5976668;2309;2;;;
394527;20250929;103000;123000;4050;5753214;2326;2;;;
394527;20250929;103000;123000;4050;5976668;2326;2;;;
394528;20251006;103000;123000;4050;5753214;2326;2;;;
394528;20251006;103000;123000;4050;5976668;2326;2;;;
394529;20251013;103000;123000;4050;5753214;2326;2;;;
394529;20251013;103000;123000;4050;5976668;2326;2;;;
394530;20251020;103000;123000;4050;5753214;2326;2;;;
394530;20251020;103000;123000;4050;5976668;2326;2;;;
394532;20251103;103000;123000;4050;5753214;514;2;;;
394532;20251103;103000;123000;4050;5976668;514;2;;;
394534;20251117;103000;123000;4050;5753214;2311;2;;;
394534;20251117;103000;123000;4050;5976668;2311;2;;;
394536;20251201;103000;123000;4050;5753214;2299;2;;;
394536;20251201;103000;123000;4050;5976668;2299;2;;;
394537;20251208;103000;123000;4050;5753214;2311;2;;;
394537;20251208;103000;123000;4050;5976668;2311;2;;;
394538;20251215;103000;123000;4050;5753214;2311;2;;;
394538;20251215;103000;123000;4050;5976668;2311;2;;;
384518;20250926;91500;101500;4032;5788173;2968;2;;;
384519;20251003;91500;101500;4032;5788173;2968;2;;;
384520;20251010;91500;101500;4032;5788173;2968;2;;;
384521;20251017;91500;101500;4032;5788173;2968;2;;;
384522;20251024;91500;101500;4032;5788173;2968;2;;;
384523;20251031;91500;101500;4032;5788173;2968;2;;;
384524;20251107;91500;101500;4032;5788173;2968;2;;;
384525;20251114;91500;101500;4032;5788173;2968;2;;;
384526;20251121;91500;101500;4032;5788173;2968;2;;;
384527;20251128;91500;101500;4032;5788173;2968;2;;;
384528;20251205;91500;101500;4032;5788173;2968;2;;;
384529;20251212;91500;101500;4032;5788173;2968;2;;;
384530;20251219;91500;101500;4032;5788173;2968;2;;;
384531;20250926;103000;123000;4032;5788173;2968;2;;;
384532;20251003;103000;123000;4032;5788173;2968;2;;;
384533;20251010;103000;123000;4032;5788173;2968;2;;;
384534;20251017;103000;123000;4032;5788173;2968;2;;;
384535;20251024;103000;123000;4032;5788173;2968;2;;;
384536;20251031;103000;123000;4032;5788173;2968;2;;;
384537;20251107;103000;123000;4032;5788173;2968;2;;;
384538;20251114;103000;123000;4032;5788173;2968;2;;;
384539;20251121;103000;123000;4032;5788173;2968;2;;;
384540;20251128;103000;123000;4032;5788173;2968;2;;;
384541;20251205;103000;123000;4032;5788173;2968;2;;;
384542;20251212;103000;123000;4032;5788173;2968;2;;;
384543;20251219;103000;123000;4032;5788173;2968;2;;;
395703;20250922;133000;153000;4008;5997458;1616;2;;;
395704;20250929;133000;153000;4008;5997458;1616;2;;;
395705;20251006;133000;153000;4008;5997458;1616;2;;;
395706;20251013;133000;153000;4008;5997458;1616;2;;;
395707;20251020;133000;153000;4008;5997458;1616;2;;;
395708;20251027;133000;153000;4008;5997458;1616;2;;;
395709;20251103;133000;153000;4008;5997458;1616;2;;;
395711;20251117;133000;153000;4008;5997458;1616;2;;;
395712;20251124;133000;153000;4008;5997458;1616;2;;;
395713;20251201;133000;153000;4008;5997458;1616;2;;;
395714;20251208;133000;153000;4008;5997458;1616;2;;;
395715;20251215;133000;153000;4008;5997458;1616;2;;;
452916;20250922;103000;133000;4049;6115669;2968;2;;;
452917;20250929;103000;133000;4049;6115669;2968;2;;;
452918;20251006;103000;133000;4049;6115669;2968;2;;;
452919;20251013;103000;133000;4049;6115669;2968;2;;;
452920;20251020;103000;133000;4049;6115669;2968;2;;;
452921;20251027;103000;133000;4049;6115669;2968;2;;;
452922;20251103;103000;133000;4049;6115669;2968;2;;;
452924;20251117;103000;133000;4049;6115669;2968;2;;;
452925;20251124;103000;133000;4049;6115669;2968;2;;;
452926;20251201;103000;133000;4049;6115669;2968;2;;;
452927;20251208;103000;133000;4049;6115669;2968;2;;;
452928;20251215;103000;133000;4049;6115669;2968;2;;;
386096;20251008;103000;123000;4048;5753212;2317;2;;;
386094;20250924;103000;123000;4048;5753212;2317;2;;;
386095;20251001;103000;123000;4048;5753212;2317;2;;;
386097;20251015;103000;123000;4048;5753212;2317;2;;;
386098;20251022;103000;123000;4048;5753212;2317;2;;;
386099;20251029;103000;123000;4048;5753212;2317;2;;;
386100;20251105;103000;123000;4048;5753212;2317;2;;;
386101;20251112;103000;123000;4048;5753212;2317;2;;;
386102;20251119;103000;123000;4048;5753212;2317;2;;;
386103;20251126;103000;123000;4048;5753212;2317;2;;;
386104;20251203;103000;123000;4048;5753212;2317;2;;;
386105;20251210;103000;123000;4048;5753212;2317;2;;;
386106;20251217;103000;123000;4048;5753212;2317;2;;;
381724;20250924;91500;123000;4007;5829010;2326;2;;;
381725;20251001;91500;123000;4007;5829010;2326;2;;;
381726;20251008;91500;123000;4007;5829010;2326;2;;;
381727;20251015;91500;123000;4007;5829010;2326;2;;;
381728;20251022;91500;123000;4007;5829010;2326;2;;;
381729;20251029;91500;123000;4007;5829010;2326;2;;;
381730;20251105;91500;123000;4007;5829010;2326;2;;;
381731;20251112;91500;123000;4007;5829010;2326;2;;;
381732;20251119;91500;123000;4007;5829010;2326;2;;;
381733;20251126;91500;123000;4007;5829010;2326;2;;;
381734;20251203;91500;123000;4007;5829010;2326;2;;;
381735;20251210;91500;123000;4007;5829010;2326;2;;;
381736;20251217;91500;123000;4007;5829010;2326;2;;;
384348;20250924;81500;101500;4023;5788164;2317;2;;;
384348;20250924;81500;101500;4023;5939144;2317;2;;;
384349;20251001;81500;101500;4023;5788164;2317;2;;;
384349;20251001;81500;101500;4023;5939144;2317;2;;;
384350;20251008;81500;101500;4023;5788164;2317;2;;;
384350;20251008;81500;101500;4023;5939144;2317;2;;;
384351;20251015;81500;101500;4023;5788164;2317;2;;;
384351;20251015;81500;101500;4023;5939144;2317;2;;;
384352;20251022;81500;101500;4023;5788164;2317;2;;;
384352;20251022;81500;101500;4023;5939144;2317;2;;;
384353;20251029;81500;101500;4023;5788164;2317;2;;;
384353;20251029;81500;101500;4023;5939144;2317;2;;;
384354;20251105;81500;101500;4023;5788164;2317;2;;;
384354;20251105;81500;101500;4023;5939144;2317;2;;;
384356;20251119;81500;101500;4023;5788164;2317;2;;;
384356;20251119;81500;101500;4023;5939144;2317;2;;;
384357;20251126;81500;101500;4023;5788164;2317;2;;;
384357;20251126;81500;101500;4023;5939144;2317;2;;;
384358;20251203;81500;101500;4023;5788164;2317;2;;;
384358;20251203;81500;101500;4023;5939144;2317;2;;;
384359;20251210;81500;101500;4023;5788164;2317;2;;;
384359;20251210;81500;101500;4023;5939144;2317;2;;;
384360;20251217;81500;101500;4023;5788164;2317;2;;;
384360;20251217;81500;101500;4023;5939144;2317;2;;;
384355;20251112;81500;101500;4023;5788164;2317;2;;;
384355;20251112;81500;101500;4023;5939144;2317;2;;;
381475;20250923;103000;123000;4007;5938924;2296;2;;;
381476;20250930;103000;123000;4007;5938924;2296;2;;;
381477;20251007;103000;123000;4007;5938924;2296;2;;;
381478;20251014;103000;123000;4007;5938924;2296;2;;;
381479;20251021;103000;123000;4007;5938924;2296;2;;;
381480;20251028;103000;123000;4007;5938924;2296;2;;;
381481;20251104;103000;123000;4007;5938924;2296;2;;;
381483;20251118;103000;123000;4007;5938924;2296;2;;;
395964;20250923;103000;123000;4175;5937667;2322;2;;;
395965;20250930;103000;123000;4175;5937667;2322;2;;;
395966;20251007;103000;123000;4175;5937667;2322;2;;;
395967;20251014;103000;123000;4175;5937667;2322;2;;;
395968;20251021;103000;123000;4175;5937667;2322;2;;;
395969;20251028;103000;123000;4175;5937667;2322;2;;;
395970;20251104;103000;123000;4175;5937667;2322;2;;;
395972;20251118;103000;123000;4175;5937667;2322;2;;;
395655;20250923;133000;153000;4031;5788172;2322;2;;;
395656;20250930;133000;153000;4031;5788172;2322;2;;;
395657;20251007;133000;153000;4031;5788172;2322;2;;;
395658;20251014;133000;153000;4031;5788172;2322;2;;;
395659;20251021;133000;153000;4031;5788172;2322;2;;;
395660;20251028;133000;153000;4031;5788172;2322;2;;;
395661;20251104;133000;153000;4031;5788172;2322;2;;;
395663;20251118;133000;153000;4031;5788172;2322;2;;;
395664;20251125;133000;153000;4031;5788172;2322;2;;;
395665;20251202;133000;153000;4031;5788172;2322;2;;;
395666;20251209;133000;153000;4031;5788172;2322;2;;;
395667;20251216;133000;153000;4031;5788172;2322;2;;;
395668;20250923;154500;164500;4031;5788172;2322;2;;;
395669;20250930;154500;164500;4031;5788172;2322;2;;;
395670;20251007;154500;164500;4031;5788172;2322;2;;;
395671;20251014;154500;164500;4031;5788172;2322;2;;;
395672;20251021;154500;164500;4031;5788172;2322;2;;;
395673;20251028;154500;164500;4031;5788172;2322;2;;;
395674;20251104;154500;164500;4031;5788172;2322;2;;;
395676;20251118;154500;164500;4031;5788172;2322;2;;;
395677;20251125;154500;164500;4031;5788172;2322;2;;;
395678;20251202;154500;164500;4031;5788172;2322;2;;;
395679;20251209;154500;164500;4031;5788172;2322;2;;;
395680;20251216;154500;164500;4031;5788172;2322;2;;;
395764;20251104;133000;164500;4009;5829216;2291;2;;;
395767;20251125;133000;164500;4009;5829216;2291;2;;;
395768;20251202;133000;164500;4009;5829216;2291;2;;;
395769;20251209;133000;164500;4009;5829216;2291;2;;;
383081;20250922;81500;101500;4023;5807005;2304;2;;;
383081;20250922;81500;101500;4023;5787960;2304;2;;;
383082;20250929;81500;101500;4023;5807005;2304;2;;;
383082;20250929;81500;101500;4023;5787960;2304;2;;;
383083;20251006;81500;101500;4023;5807005;2304;2;;;
383083;20251006;81500;101500;4023;5787960;2304;2;;;
383084;20251013;81500;101500;4023;5807005;2304;2;;;
383084;20251013;81500;101500;4023;5787960;2304;2;;;
383085;20251020;81500;101500;4023;5807005;2304;2;;;
383085;20251020;81500;101500;4023;5787960;2304;2;;;
383086;20251027;81500;101500;4023;5807005;2304;2;;;
383086;20251027;81500;101500;4023;5787960;2304;2;;;
383087;20251103;81500;101500;4023;5807005;2304;2;;;
383087;20251103;81500;101500;4023;5787960;2304;2;;;
383089;20251117;81500;101500;4023;5807005;2304;2;;;
383089;20251117;81500;101500;4023;5787960;2304;2;;;
383090;20251124;81500;101500;4023;5807005;2304;2;;;
383090;20251124;81500;101500;4023;5787960;2304;2;;;
383091;20251201;81500;101500;4023;5807005;2304;2;;;
383091;20251201;81500;101500;4023;5787960;2304;2;;;
383092;20251208;81500;101500;4023;5807005;2304;2;;;
383092;20251208;81500;101500;4023;5787960;2304;2;;;
383093;20251215;81500;101500;4023;5807005;2304;2;;;
383093;20251215;81500;101500;4023;5787960;2304;2;;;
394473;20250922;103000;123000;4023;5807209;2304;2;;;
394474;20250929;103000;123000;4023;5807209;2304;2;;;
394475;20251006;103000;123000;4023;5807209;2304;2;;;
394476;20251013;103000;123000;4023;5807209;2304;2;;;
394477;20251020;103000;123000;4023;5807209;2304;2;;;
394478;20251027;103000;123000;4023;5807209;2304;2;;;
394479;20251103;103000;123000;4023;5807209;2304;2;;;
394481;20251117;103000;123000;4023;5807209;2304;2;;;
394482;20251124;103000;123000;4023;5807209;2304;2;;;
394483;20251201;103000;123000;4023;5807209;2304;2;;;
394484;20251208;103000;123000;4023;5807209;2304;2;;;
394485;20251215;103000;123000;4023;5807209;2304;2;;;
395315;20250922;81500;101500;4023;5788164;1622;2;;;
395315;20250922;81500;101500;4023;5939144;1622;2;;;
395317;20251006;81500;101500;4023;5788164;1622;2;;;
395317;20251006;81500;101500;4023;5939144;1622;2;;;
395318;20251013;81500;101500;4023;5788164;1622;2;;;
395318;20251013;81500;101500;4023;5939144;1622;2;;;
395319;20251020;81500;101500;4023;5788164;1622;2;;;
395319;20251020;81500;101500;4023;5939144;1622;2;;;
395320;20251027;81500;101500;4023;5788164;1622;2;;;
395320;20251027;81500;101500;4023;5939144;1622;2;;;
395321;20251103;81500;101500;4023;5788164;1622;2;;;
395321;20251103;81500;101500;4023;5939144;1622;2;;;
395323;20251117;81500;101500;4023;5788164;1622;2;;;
395323;20251117;81500;101500;4023;5939144;1622;2;;;
395324;20251124;81500;101500;4023;5788164;1622;2;;;
395324;20251124;81500;101500;4023;5939144;1622;2;;;
395326;20251208;81500;101500;4023;5788164;1622;2;;;
395326;20251208;81500;101500;4023;5939144;1622;2;;;
395327;20251215;81500;101500;4023;5788164;1622;2;;;
395327;20251215;81500;101500;4023;5939144;1622;2;;;
395316;20250929;81500;101500;4023;5788164;2323;2;;;
395316;20250929;81500;101500;4023;5939144;2323;2;;;
395325;20251201;81500;101500;4023;5788164;2323;2;;;
395325;20251201;81500;101500;4023;5939144;2323;2;;;
394499;20250923;81500;101500;4023;5807005;2322;2;;;
394499;20250923;81500;101500;4023;5787960;2322;2;;;
394500;20250930;81500;101500;4023;5807005;2322;2;;;
394500;20250930;81500;101500;4023;5787960;2322;2;;;
394501;20251007;81500;101500;4023;5807005;2322;2;;;
394501;20251007;81500;101500;4023;5787960;2322;2;;;
394502;20251014;81500;101500;4023;5807005;2322;2;;;
394502;20251014;81500;101500;4023;5787960;2322;2;;;
394504;20251028;81500;101500;4023;5807005;1616;2;;;
394504;20251028;81500;101500;4023;5787960;1616;2;;;
394507;20251118;81500;101500;4023;5807005;2322;2;;;
394507;20251118;81500;101500;4023;5787960;2322;2;;;
394508;20251125;81500;101500;4023;5807005;2322;2;;;
394508;20251125;81500;101500;4023;5787960;2322;2;;;
394509;20251202;81500;101500;4023;5807005;2317;2;;;
394509;20251202;81500;101500;4023;5787960;2317;2;;;
394511;20251216;81500;101500;4023;5807005;2322;2;;;
394511;20251216;81500;101500;4023;5787960;2322;2;;;
396431;20250923;91500;123000;4007;5879551;522;2;;;
396432;20250930;91500;123000;4007;5879551;521;2;;;
396434;20251014;91500;123000;4007;5879551;525;2;;;
396436;20251028;91500;123000;4007;5879551;2303;2;;;
396437;20251104;91500;123000;4007;5879551;525;2;;;
396443;20251216;91500;123000;4007;5879551;1563;2;;;
387640;20250923;103000;123000;4023;5796253;2317;2;;;
387640;20250923;103000;123000;4023;5937305;2317;2;;;
382266;20250930;91500;123000;4007;5997661;1563;2;;;
387641;20250930;103000;123000;4023;5796253;2317;2;;;
387641;20250930;103000;123000;4023;5937305;2317;2;;;
455256;20260505;81500;174500;4038;5872112;2326;2;;;
455256;20260505;81500;174500;4038;5799593;2326;2;;;
455256;20260505;81500;174500;4038;5807021;2326;2;;;
394544;20250924;133000;153000;4023;5830069;2322;2;;;
394544;20250924;133000;153000;4023;5807209;2322;2;;;
394545;20251001;133000;153000;4023;5830069;2311;2;;;
394545;20251001;133000;153000;4023;5807209;2311;2;;;
394546;20251008;133000;153000;4023;5830069;2301;2;;;
394546;20251008;133000;153000;4023;5807209;2301;2;;;
394547;20251015;133000;153000;4023;5830069;2301;2;;;
394547;20251015;133000;153000;4023;5807209;2301;2;;;
394548;20251022;133000;153000;4023;5830069;2301;2;;;
394548;20251022;133000;153000;4023;5807209;2301;2;;;
394549;20251029;133000;153000;4023;5830069;2301;2;;;
394549;20251029;133000;153000;4023;5807209;2301;2;;;
394550;20251105;133000;153000;4023;5830069;2301;2;;;
394550;20251105;133000;153000;4023;5807209;2301;2;;;
394551;20251112;133000;153000;4023;5830069;2305;2;;;
394551;20251112;133000;153000;4023;5807209;2305;2;;;
394552;20251119;133000;153000;4023;5830069;2301;2;;;
394552;20251119;133000;153000;4023;5807209;2301;2;;;
394553;20251126;133000;153000;4023;5830069;2305;2;;;
394553;20251126;133000;153000;4023;5807209;2305;2;;;
394554;20251203;133000;153000;4023;5830069;2305;2;;;
394554;20251203;133000;153000;4023;5807209;2305;2;;;
394555;20251210;133000;153000;4023;5830069;2305;2;;;
394555;20251210;133000;153000;4023;5807209;2305;2;;;
394556;20251217;133000;153000;4023;5830069;2305;2;;;
394556;20251217;133000;153000;4023;5807209;2305;2;;;
395787;20251016;133000;153000;4023;5788368;2304;2;;;
395795;20251211;133000;153000;4023;5788368;2304;2;;;
395784;20250925;133000;153000;4023;5788368;2323;2;;;
395785;20251002;133000;153000;4023;5788368;2323;2;;;
395789;20251030;133000;153000;4023;5788368;2323;2;;;
395790;20251106;133000;153000;4023;5788368;2323;2;;;
395791;20251113;133000;153000;4023;5788368;2323;2;;;
395792;20251120;133000;153000;4023;5788368;2323;2;;;
395793;20251127;133000;153000;4023;5788368;2323;2;;;
395786;20251009;133000;153000;4023;5788368;2323;2;;;
395788;20251023;133000;153000;4023;5788368;2323;2;;;
395794;20251204;133000;153000;4023;5788368;2323;2;;;
395587;20250925;133000;153000;4024;5807210;2304;2;;;
395588;20251002;133000;153000;4024;5807210;2304;2;;;
395592;20251030;133000;153000;4024;5807210;2304;2;;;
395593;20251106;133000;153000;4024;5807210;2304;2;;;
395594;20251113;133000;153000;4024;5807210;2304;2;;;
395595;20251120;133000;153000;4024;5807210;2304;2;;;
395596;20251127;133000;153000;4024;5807210;2304;2;;;
384047;20251002;81500;101500;4024;5937510;1622;2;;;
384047;20251002;81500;101500;4024;5872097;1622;2;;;
384047;20251002;81500;101500;4024;5940744;1622;2;;;
384048;20251009;81500;101500;4024;5937510;1622;2;;;
384048;20251009;81500;101500;4024;5872097;1622;2;;;
384048;20251009;81500;101500;4024;5940744;1622;2;;;
384049;20251016;81500;101500;4024;5937510;1622;2;;;
384049;20251016;81500;101500;4024;5872097;1622;2;;;
384049;20251016;81500;101500;4024;5940744;1622;2;;;
384050;20251023;81500;101500;4024;5937510;1622;2;;;
384050;20251023;81500;101500;4024;5872097;1622;2;;;
384050;20251023;81500;101500;4024;5940744;1622;2;;;
384054;20251120;81500;101500;4024;5937510;1622;2;;;
384054;20251120;81500;101500;4024;5872097;1622;2;;;
384054;20251120;81500;101500;4024;5940744;1622;2;;;
384055;20251127;81500;101500;4024;5937510;1622;2;;;
384055;20251127;81500;101500;4024;5872097;1622;2;;;
384055;20251127;81500;101500;4024;5940744;1622;2;;;
384056;20251204;81500;101500;4024;5937510;1622;2;;;
384056;20251204;81500;101500;4024;5872097;1622;2;;;
384056;20251204;81500;101500;4024;5940744;1622;2;;;
384057;20251211;81500;101500;4024;5937510;1622;2;;;
384057;20251211;81500;101500;4024;5872097;1622;2;;;
384057;20251211;81500;101500;4024;5940744;1622;2;;;
384058;20251218;81500;101500;4024;5937510;1622;2;;;
384058;20251218;81500;101500;4024;5872097;1622;2;;;
384058;20251218;81500;101500;4024;5940744;1622;2;;;
384051;20251030;81500;101500;4024;5937510;2318;2;;;
384051;20251030;81500;101500;4024;5872097;2318;2;;;
384051;20251030;81500;101500;4024;5940744;2318;2;;;
384052;20251106;81500;101500;4024;5937510;2318;2;;;
384052;20251106;81500;101500;4024;5872097;2318;2;;;
384052;20251106;81500;101500;4024;5940744;2318;2;;;
384053;20251113;81500;101500;4024;5937510;2318;2;;;
384053;20251113;81500;101500;4024;5872097;2318;2;;;
384053;20251113;81500;101500;4024;5940744;2318;2;;;
384478;20251218;81500;101500;4024;5939145;2318;2;;;
384478;20251218;81500;101500;4024;5788165;2318;2;;;
384467;20251002;81500;101500;4024;5939145;523;2;;;
384467;20251002;81500;101500;4024;5788165;523;2;;;
384469;20251016;81500;101500;4024;5939145;523;2;;;
384469;20251016;81500;101500;4024;5788165;523;2;;;
384471;20251030;81500;101500;4024;5939145;523;2;;;
384471;20251030;81500;101500;4024;5788165;523;2;;;
384472;20251106;81500;101500;4024;5939145;523;2;;;
384472;20251106;81500;101500;4024;5788165;523;2;;;
384473;20251113;81500;101500;4024;5939145;523;2;;;
384473;20251113;81500;101500;4024;5788165;523;2;;;
384475;20251127;81500;101500;4024;5939145;523;2;;;
384475;20251127;81500;101500;4024;5788165;523;2;;;
384477;20251211;81500;101500;4024;5939145;523;2;;;
384477;20251211;81500;101500;4024;5788165;523;2;;;
426819;20250922;103000;123000;4056;5889401;2313;2;;;
426819;20250922;103000;123000;4056;6083185;2313;2;;;
426820;20250929;103000;123000;4056;5889401;2313;2;;;
426820;20250929;103000;123000;4056;6083185;2313;2;;;
426821;20251006;103000;123000;4056;5889401;2313;2;;;
426821;20251006;103000;123000;4056;6083185;2313;2;;;
426822;20251013;103000;123000;4056;5889401;2313;2;;;
426822;20251013;103000;123000;4056;6083185;2313;2;;;
426823;20251020;103000;123000;4056;5889401;2313;2;;;
426823;20251020;103000;123000;4056;6083185;2313;2;;;
426824;20251027;103000;123000;4056;5889401;2313;2;;;
426824;20251027;103000;123000;4056;6083185;2313;2;;;
426825;20251103;103000;123000;4056;5889401;2313;2;;;
426825;20251103;103000;123000;4056;6083185;2313;2;;;
426826;20251117;103000;123000;4056;5889401;2313;2;;;
426826;20251117;103000;123000;4056;6083185;2313;2;;;
426165;20251110;133000;153000;4056;5889401;2313;2;;;
426165;20251110;133000;153000;4056;6083185;2313;2;;;
426827;20250922;133000;153000;4056;5889401;2313;2;;;
426827;20250922;133000;153000;4056;6083185;2313;2;;;
426828;20250929;133000;153000;4056;5889401;2313;2;;;
426828;20250929;133000;153000;4056;6083185;2313;2;;;
426829;20251006;133000;153000;4056;5889401;2313;2;;;
426829;20251006;133000;153000;4056;6083185;2313;2;;;
426830;20251013;133000;153000;4056;5889401;2313;2;;;
426830;20251013;133000;153000;4056;6083185;2313;2;;;
426831;20251020;133000;153000;4056;5889401;2313;2;;;
426831;20251020;133000;153000;4056;6083185;2313;2;;;
426832;20251027;133000;153000;4056;5889401;2313;2;;;
426832;20251027;133000;153000;4056;6083185;2313;2;;;
426833;20251103;133000;153000;4056;5889401;2313;2;;;
426833;20251103;133000;153000;4056;6083185;2313;2;;;
426834;20251117;133000;153000;4056;5889401;2313;2;;;
426834;20251117;133000;153000;4056;6083185;2313;2;;;
386355;20250925;91500;101500;4179;6082490;2291;2;;;
386355;20250925;91500;101500;4179;5995907;2291;2;;;
386356;20251002;91500;101500;4179;6082490;2291;2;;;
386356;20251002;91500;101500;4179;5995907;2291;2;;;
386357;20251009;91500;101500;4179;6082490;2291;2;;;
386357;20251009;91500;101500;4179;5995907;2291;2;;;
386358;20251016;91500;101500;4179;6082490;2291;2;;;
386358;20251016;91500;101500;4179;5995907;2291;2;;;
386359;20251023;91500;101500;4179;6082490;2291;2;;;
386359;20251023;91500;101500;4179;5995907;2291;2;;;
386360;20251030;91500;101500;4179;6082490;2291;2;;;
386360;20251030;91500;101500;4179;5995907;2291;2;;;
386361;20251106;91500;101500;4179;6082490;2291;2;;;
386361;20251106;91500;101500;4179;5995907;2291;2;;;
386362;20251113;91500;101500;4179;6082490;2291;2;;;
386362;20251113;91500;101500;4179;5995907;2291;2;;;
386363;20251120;91500;101500;4179;6082490;2291;2;;;
386363;20251120;91500;101500;4179;5995907;2291;2;;;
386364;20251127;91500;101500;4179;6082490;2291;2;;;
386364;20251127;91500;101500;4179;5995907;2291;2;;;
386365;20251204;91500;101500;4179;6082490;2291;2;;;
386365;20251204;91500;101500;4179;5995907;2291;2;;;
386366;20251211;91500;101500;4179;6082490;2291;2;;;
386366;20251211;91500;101500;4179;5995907;2291;2;;;
386367;20251218;91500;101500;4179;6082490;2291;2;;;
386367;20251218;91500;101500;4179;5995907;2291;2;;;
386368;20250925;103000;123000;4179;6082490;2291;2;;;
386368;20250925;103000;123000;4179;5995907;2291;2;;;
386369;20251002;103000;123000;4179;6082490;2291;2;;;
386369;20251002;103000;123000;4179;5995907;2291;2;;;
386370;20251009;103000;123000;4179;6082490;2291;2;;;
386370;20251009;103000;123000;4179;5995907;2291;2;;;
386371;20251016;103000;123000;4179;6082490;2291;2;;;
386371;20251016;103000;123000;4179;5995907;2291;2;;;
386372;20251023;103000;123000;4179;6082490;2291;2;;;
386372;20251023;103000;123000;4179;5995907;2291;2;;;
386373;20251030;103000;123000;4179;6082490;2291;2;;;
386373;20251030;103000;123000;4179;5995907;2291;2;;;
386374;20251106;103000;123000;4179;6082490;2291;2;;;
386374;20251106;103000;123000;4179;5995907;2291;2;;;
386375;20251113;103000;123000;4179;6082490;2291;2;;;
386375;20251113;103000;123000;4179;5995907;2291;2;;;
386376;20251120;103000;123000;4179;6082490;2291;2;;;
386376;20251120;103000;123000;4179;5995907;2291;2;;;
386377;20251127;103000;123000;4179;6082490;2291;2;;;
386377;20251127;103000;123000;4179;5995907;2291;2;;;
386378;20251204;103000;123000;4179;6082490;2291;2;;;
386378;20251204;103000;123000;4179;5995907;2291;2;;;
386379;20251211;103000;123000;4179;6082490;2291;2;;;
386379;20251211;103000;123000;4179;5995907;2291;2;;;
386380;20251218;103000;123000;4179;6082490;2291;2;;;
386380;20251218;103000;123000;4179;5995907;2291;2;;;
395098;20250923;81500;101500;4180;6082491;2319;2;;;
395098;20250923;81500;101500;4180;5995908;2319;2;;;
395099;20250930;81500;101500;4180;6082491;2319;2;;;
395099;20250930;81500;101500;4180;5995908;2319;2;;;
395100;20251007;81500;101500;4180;6082491;2319;2;;;
395100;20251007;81500;101500;4180;5995908;2319;2;;;
395101;20251014;81500;101500;4180;6082491;2319;2;;;
395101;20251014;81500;101500;4180;5995908;2319;2;;;
395102;20251021;81500;101500;4180;6082491;2319;2;;;
395102;20251021;81500;101500;4180;5995908;2319;2;;;
395103;20251028;81500;101500;4180;6082491;2319;2;;;
395103;20251028;81500;101500;4180;5995908;2319;2;;;
395104;20251104;81500;101500;4180;6082491;2319;2;;;
395104;20251104;81500;101500;4180;5995908;2319;2;;;
395106;20251118;81500;101500;4180;6082491;2319;2;;;
395106;20251118;81500;101500;4180;5995908;2319;2;;;
395107;20251125;81500;101500;4180;6082491;2319;2;;;
395107;20251125;81500;101500;4180;5995908;2319;2;;;
395108;20251202;81500;101500;4180;6082491;2319;2;;;
395108;20251202;81500;101500;4180;5995908;2319;2;;;
395109;20251209;81500;101500;4180;6082491;2319;2;;;
395109;20251209;81500;101500;4180;5995908;2319;2;;;
395110;20251216;81500;101500;4180;6082491;2319;2;;;
395110;20251216;81500;101500;4180;5995908;2319;2;;;
384518;20250926;91500;101500;4032;6083398;2968;2;;;
384519;20251003;91500;101500;4032;6083398;2968;2;;;
384520;20251010;91500;101500;4032;6083398;2968;2;;;
384521;20251017;91500;101500;4032;6083398;2968;2;;;
384522;20251024;91500;101500;4032;6083398;2968;2;;;
384523;20251031;91500;101500;4032;6083398;2968;2;;;
384524;20251107;91500;101500;4032;6083398;2968;2;;;
384525;20251114;91500;101500;4032;6083398;2968;2;;;
384526;20251121;91500;101500;4032;6083398;2968;2;;;
384527;20251128;91500;101500;4032;6083398;2968;2;;;
384528;20251205;91500;101500;4032;6083398;2968;2;;;
384529;20251212;91500;101500;4032;6083398;2968;2;;;
384530;20251219;91500;101500;4032;6083398;2968;2;;;
384531;20250926;103000;123000;4032;6083398;2968;2;;;
384532;20251003;103000;123000;4032;6083398;2968;2;;;
384533;20251010;103000;123000;4032;6083398;2968;2;;;
384534;20251017;103000;123000;4032;6083398;2968;2;;;
384535;20251024;103000;123000;4032;6083398;2968;2;;;
384536;20251031;103000;123000;4032;6083398;2968;2;;;
384537;20251107;103000;123000;4032;6083398;2968;2;;;
384538;20251114;103000;123000;4032;6083398;2968;2;;;
384539;20251121;103000;123000;4032;6083398;2968;2;;;
384540;20251128;103000;123000;4032;6083398;2968;2;;;
384541;20251205;103000;123000;4032;6083398;2968;2;;;
384542;20251212;103000;123000;4032;6083398;2968;2;;;
384543;20251219;103000;123000;4032;6083398;2968;2;;;
395271;20250923;133000;163000;4032;5939153;2968;2;;;
395271;20250923;133000;163000;4032;5788377;2968;2;;;
395271;20250923;133000;163000;4032;6083398;2968;2;;;
395272;20250930;133000;163000;4032;5939153;2968;2;;;
395272;20250930;133000;163000;4032;5788377;2968;2;;;
395272;20250930;133000;163000;4032;6083398;2968;2;;;
395273;20251007;133000;163000;4032;5939153;2968;2;;;
395273;20251007;133000;163000;4032;5788377;2968;2;;;
395273;20251007;133000;163000;4032;6083398;2968;2;;;
395274;20251014;133000;163000;4032;5939153;2968;2;;;
395274;20251014;133000;163000;4032;5788377;2968;2;;;
395274;20251014;133000;163000;4032;6083398;2968;2;;;
395275;20251021;133000;163000;4032;5939153;2968;2;;;
395275;20251021;133000;163000;4032;5788377;2968;2;;;
395275;20251021;133000;163000;4032;6083398;2968;2;;;
395276;20251028;133000;163000;4032;5939153;2968;2;;;
395276;20251028;133000;163000;4032;5788377;2968;2;;;
395276;20251028;133000;163000;4032;6083398;2968;2;;;
395277;20251104;133000;163000;4032;5939153;2968;2;;;
395277;20251104;133000;163000;4032;5788377;2968;2;;;
395277;20251104;133000;163000;4032;6083398;2968;2;;;
395279;20251118;133000;163000;4032;5939153;2968;2;;;
395279;20251118;133000;163000;4032;5788377;2968;2;;;
395279;20251118;133000;163000;4032;6083398;2968;2;;;
395280;20251125;133000;163000;4032;5939153;2968;2;;;
395280;20251125;133000;163000;4032;5788377;2968;2;;;
395280;20251125;133000;163000;4032;6083398;2968;2;;;
395281;20251202;133000;163000;4032;5939153;2968;2;;;
395281;20251202;133000;163000;4032;5788377;2968;2;;;
395281;20251202;133000;163000;4032;6083398;2968;2;;;
395282;20251209;133000;163000;4032;5939153;2968;2;;;
395282;20251209;133000;163000;4032;5788377;2968;2;;;
395282;20251209;133000;163000;4032;6083398;2968;2;;;
395283;20251216;133000;163000;4032;5939153;2968;2;;;
395283;20251216;133000;163000;4032;5788377;2968;2;;;
395283;20251216;133000;163000;4032;6083398;2968;2;;;
386316;20250925;91500;101500;4179;5889324;2313;2;;;
386317;20251002;91500;101500;4179;5889324;2313;2;;;
386318;20251009;91500;101500;4179;5889324;2313;2;;;
386319;20251016;91500;101500;4179;5889324;2313;2;;;
386320;20251023;91500;101500;4179;5889324;2313;2;;;
386321;20251030;91500;101500;4179;5889324;2313;2;;;
386322;20251106;91500;101500;4179;5889324;2313;2;;;
386323;20251113;91500;101500;4179;5889324;2313;2;;;
386324;20251120;91500;101500;4179;5889324;2313;2;;;
386325;20251127;91500;101500;4179;5889324;2313;2;;;
386326;20251204;91500;101500;4179;5889324;2313;2;;;
386327;20251211;91500;101500;4179;5889324;2313;2;;;
386328;20251218;91500;101500;4179;5889324;2313;2;;;
386329;20250925;103000;123000;4179;5889324;2313;2;;;
386330;20251002;103000;123000;4179;5889324;2313;2;;;
386331;20251009;103000;123000;4179;5889324;2313;2;;;
386332;20251016;103000;123000;4179;5889324;2313;2;;;
386333;20251023;103000;123000;4179;5889324;2313;2;;;
386334;20251030;103000;123000;4179;5889324;2313;2;;;
386335;20251106;103000;123000;4179;5889324;2313;2;;;
386336;20251113;103000;123000;4179;5889324;2313;2;;;
386337;20251120;103000;123000;4179;5889324;2313;2;;;
386338;20251127;103000;123000;4179;5889324;2313;2;;;
386339;20251204;103000;123000;4179;5889324;2313;2;;;
386340;20251211;103000;123000;4179;5889324;2313;2;;;
386341;20251218;103000;123000;4179;5889324;2313;2;;;
396357;20250923;81500;101500;4180;5889325;2293;2;;;
396358;20250930;81500;101500;4180;5889325;2293;2;;;
396359;20251007;81500;101500;4180;5889325;2293;2;;;
396360;20251014;81500;101500;4180;5889325;2293;2;;;
396361;20251021;81500;101500;4180;5889325;2293;2;;;
396362;20251028;81500;101500;4180;5889325;2293;2;;;
396363;20251104;81500;101500;4180;5889325;2293;2;;;
396365;20251118;81500;101500;4180;5889325;2293;2;;;
396366;20251125;81500;101500;4180;5889325;2293;2;;;
396367;20251202;81500;101500;4180;5889325;2293;2;;;
396368;20251209;81500;101500;4180;5889325;2293;2;;;
396369;20251216;81500;101500;4180;5889325;2293;2;;;
426926;20260224;81500;174500;4038;5872112;2326;2;;;
426926;20260224;81500;174500;4038;5799593;2326;2;;;
426926;20260224;81500;174500;4038;5807021;2326;2;;;
426927;20260310;81500;174500;4038;5872112;2326;2;;;
426927;20260310;81500;174500;4038;5799593;2326;2;;;
426927;20260310;81500;174500;4038;5807021;2326;2;;;
426928;20260324;81500;174500;4038;5872112;2326;2;;;
426928;20260324;81500;174500;4038;5799593;2326;2;;;
426928;20260324;81500;174500;4038;5807021;2326;2;;;
426930;20260421;81500;174500;4038;5872112;2326;2;;;
426930;20260421;81500;174500;4038;5799593;2326;2;;;
426930;20260421;81500;174500;4038;5807021;2326;2;;;
396261;20250922;103000;123000;4069;5753006;2319;2;;;
396261;20250922;103000;123000;4069;5872325;2319;2;;;
396261;20250922;103000;123000;4069;6032224;2319;2;;;
396262;20250929;103000;123000;4069;5753006;2319;2;;;
396262;20250929;103000;123000;4069;5872325;2319;2;;;
396262;20250929;103000;123000;4069;6032224;2319;2;;;
396263;20251006;103000;123000;4069;5753006;2319;2;;;
396263;20251006;103000;123000;4069;5872325;2319;2;;;
396263;20251006;103000;123000;4069;6032224;2319;2;;;
396264;20251013;103000;123000;4069;5753006;2319;2;;;
396264;20251013;103000;123000;4069;5872325;2319;2;;;
396264;20251013;103000;123000;4069;6032224;2319;2;;;
396265;20251020;103000;123000;4069;5753006;2319;2;;;
396265;20251020;103000;123000;4069;5872325;2319;2;;;
396265;20251020;103000;123000;4069;6032224;2319;2;;;
396266;20251027;103000;123000;4069;5753006;2319;2;;;
396266;20251027;103000;123000;4069;5872325;2319;2;;;
396266;20251027;103000;123000;4069;6032224;2319;2;;;
396267;20251103;103000;123000;4069;5753006;2319;2;;;
396267;20251103;103000;123000;4069;5872325;2319;2;;;
396267;20251103;103000;123000;4069;6032224;2319;2;;;
396269;20251117;103000;123000;4069;5753006;2319;2;;;
396269;20251117;103000;123000;4069;5872325;2319;2;;;
396269;20251117;103000;123000;4069;6032224;2319;2;;;
396270;20251124;103000;123000;4069;5753006;2319;2;;;
396270;20251124;103000;123000;4069;5872325;2319;2;;;
396270;20251124;103000;123000;4069;6032224;2319;2;;;
396271;20251201;103000;123000;4069;5753006;2319;2;;;
396271;20251201;103000;123000;4069;5872325;2319;2;;;
396271;20251201;103000;123000;4069;6032224;2319;2;;;
396272;20251208;103000;123000;4069;5753006;2319;2;;;
396272;20251208;103000;123000;4069;5872325;2319;2;;;
396272;20251208;103000;123000;4069;6032224;2319;2;;;
396273;20251215;103000;123000;4069;5753006;2319;2;;;
396273;20251215;103000;123000;4069;5872325;2319;2;;;
396273;20251215;103000;123000;4069;6032224;2319;2;;;
381653;20250926;103000;123000;4010;5938927;1116;2;;;
381653;20250926;103000;123000;4010;5830056;1116;2;;;
381654;20251003;103000;123000;4010;5938927;1116;2;;;
381654;20251003;103000;123000;4010;5830056;1116;2;;;
381655;20251010;103000;123000;4010;5938927;1116;2;;;
381655;20251010;103000;123000;4010;5830056;1116;2;;;
381656;20251017;103000;123000;4010;5938927;1116;2;;;
381656;20251017;103000;123000;4010;5830056;1116;2;;;
381657;20251024;103000;123000;4010;5938927;1116;2;;;
381657;20251024;103000;123000;4010;5830056;1116;2;;;
381658;20251031;103000;123000;4010;5938927;1116;2;;;
381658;20251031;103000;123000;4010;5830056;1116;2;;;
381659;20251107;103000;123000;4010;5938927;1116;2;;;
381659;20251107;103000;123000;4010;5830056;1116;2;;;
381660;20251114;103000;123000;4010;5938927;1116;2;;;
381660;20251114;103000;123000;4010;5830056;1116;2;;;
381661;20251121;103000;123000;4010;5938927;1116;2;;;
381661;20251121;103000;123000;4010;5830056;1116;2;;;
381662;20251128;103000;123000;4010;5938927;1116;2;;;
381662;20251128;103000;123000;4010;5830056;1116;2;;;
381663;20251205;103000;123000;4010;5938927;1116;2;;;
381663;20251205;103000;123000;4010;5830056;1116;2;;;
381664;20251212;103000;123000;4010;5938927;1116;2;;;
381664;20251212;103000;123000;4010;5830056;1116;2;;;
381665;20251219;103000;123000;4010;5938927;1116;2;;;
381665;20251219;103000;123000;4010;5830056;1116;2;;;
395729;20250922;133000;153000;4010;5879758;1604;2;;;
383768;20250926;81500;101500;4026;5830072;2304;2;;;
383768;20250926;81500;101500;4026;5807212;2304;2;;;
383769;20251003;81500;101500;4026;5830072;2304;2;;;
383769;20251003;81500;101500;4026;5807212;2304;2;;;
383770;20251010;81500;101500;4026;5830072;2304;2;;;
383770;20251010;81500;101500;4026;5807212;2304;2;;;
383771;20251017;81500;101500;4026;5830072;2304;2;;;
383771;20251017;81500;101500;4026;5807212;2304;2;;;
383772;20251024;81500;101500;4026;5830072;2304;2;;;
383772;20251024;81500;101500;4026;5807212;2304;2;;;
383773;20251031;81500;101500;4026;5830072;2304;2;;;
383773;20251031;81500;101500;4026;5807212;2304;2;;;
383774;20251107;81500;101500;4026;5830072;2304;2;;;
383774;20251107;81500;101500;4026;5807212;2304;2;;;
383775;20251114;81500;101500;4026;5830072;2304;2;;;
383775;20251114;81500;101500;4026;5807212;2304;2;;;
383776;20251121;81500;101500;4026;5830072;2304;2;;;
383776;20251121;81500;101500;4026;5807212;2304;2;;;
383777;20251128;81500;101500;4026;5830072;2304;2;;;
383777;20251128;81500;101500;4026;5807212;2304;2;;;
383778;20251205;81500;101500;4026;5830072;2304;2;;;
383778;20251205;81500;101500;4026;5807212;2304;2;;;
383779;20251212;81500;101500;4026;5830072;2304;2;;;
383779;20251212;81500;101500;4026;5807212;2304;2;;;
383780;20251219;81500;101500;4026;5830072;2304;2;;;
383780;20251219;81500;101500;4026;5807212;2304;2;;;
381784;20250926;154500;174500;4010;5829013;1116;2;;;
381785;20251003;154500;174500;4010;5829013;1116;2;;;
381786;20251010;154500;174500;4010;5829013;1116;2;;;
381787;20251017;154500;174500;4010;5829013;1116;2;;;
381788;20251024;154500;174500;4010;5829013;1116;2;;;
381789;20251031;154500;174500;4010;5829013;1116;2;;;
381790;20251107;154500;174500;4010;5829013;1116;2;;;
381791;20251114;154500;174500;4010;5829013;1116;2;;;
381792;20251121;154500;174500;4010;5829013;1116;2;;;
381793;20251128;154500;174500;4010;5829013;1116;2;;;
381794;20251205;154500;174500;4010;5829013;1116;2;;;
381795;20251212;154500;174500;4010;5829013;1116;2;;;
381796;20251219;154500;174500;4010;5829013;1116;2;;;
394473;20250922;103000;123000;4023;5830069;2304;2;;;
394474;20250929;103000;123000;4023;5830069;2304;2;;;
394475;20251006;103000;123000;4023;5830069;2304;2;;;
394476;20251013;103000;123000;4023;5830069;2304;2;;;
394477;20251020;103000;123000;4023;5830069;2304;2;;;
394478;20251027;103000;123000;4023;5830069;2304;2;;;
394479;20251103;103000;123000;4023;5830069;2304;2;;;
394481;20251117;103000;123000;4023;5830069;2304;2;;;
394482;20251124;103000;123000;4023;5830069;2304;2;;;
394483;20251201;103000;123000;4023;5830069;2304;2;;;
394484;20251208;103000;123000;4023;5830069;2304;2;;;
394485;20251215;103000;123000;4023;5830069;2304;2;;;
387561;20250922;81500;101500;4025;5976641;2291;2;;;
387562;20250929;81500;101500;4025;5976641;2291;2;;;
387563;20251006;81500;101500;4025;5976641;2291;2;;;
387564;20251013;81500;101500;4025;5976641;2291;2;;;
387565;20251020;81500;101500;4025;5976641;2291;2;;;
387566;20251027;81500;101500;4025;5976641;2291;2;;;
387567;20251103;81500;101500;4025;5976641;2291;2;;;
387569;20251117;81500;101500;4025;5976641;2291;2;;;
387570;20251124;81500;101500;4025;5976641;2291;2;;;
387571;20251201;81500;101500;4025;5976641;2291;2;;;
387572;20251208;81500;101500;4025;5976641;2291;2;;;
387573;20251215;81500;101500;4025;5976641;2291;2;;;
395813;20250922;103000;123000;4026;5788167;2318;2;;;
395813;20250922;103000;123000;4026;5939147;2318;2;;;
395814;20250929;103000;123000;4026;5788167;2318;2;;;
395814;20250929;103000;123000;4026;5939147;2318;2;;;
395815;20251006;103000;123000;4026;5788167;2318;2;;;
395815;20251006;103000;123000;4026;5939147;2318;2;;;
395816;20251013;103000;123000;4026;5788167;2318;2;;;
395816;20251013;103000;123000;4026;5939147;2318;2;;;
395817;20251020;103000;123000;4026;5788167;2318;2;;;
395817;20251020;103000;123000;4026;5939147;2318;2;;;
395818;20251027;103000;123000;4026;5788167;2318;2;;;
395818;20251027;103000;123000;4026;5939147;2318;2;;;
395819;20251103;103000;123000;4026;5788167;2318;2;;;
395819;20251103;103000;123000;4026;5939147;2318;2;;;
395821;20251117;103000;123000;4026;5788167;2318;2;;;
395821;20251117;103000;123000;4026;5939147;2318;2;;;
395822;20251124;103000;123000;4026;5788167;2318;2;;;
395822;20251124;103000;123000;4026;5939147;2318;2;;;
395823;20251201;103000;123000;4026;5788167;2318;2;;;
395823;20251201;103000;123000;4026;5939147;2318;2;;;
395824;20251208;103000;123000;4026;5788167;2318;2;;;
395824;20251208;103000;123000;4026;5939147;2318;2;;;
395825;20251215;103000;123000;4026;5788167;2318;2;;;
395825;20251215;103000;123000;4026;5939147;2318;2;;;
384832;20250925;81500;101500;4026;5788371;1549;2;;;
384832;20250925;81500;101500;4026;5830072;1549;2;;;
384833;20251002;81500;101500;4026;5788371;1549;2;;;
384833;20251002;81500;101500;4026;5830072;1549;2;;;
384834;20251009;81500;101500;4026;5788371;1549;2;;;
384834;20251009;81500;101500;4026;5830072;1549;2;;;
384835;20251016;81500;101500;4026;5788371;1549;2;;;
384835;20251016;81500;101500;4026;5830072;1549;2;;;
384836;20251023;81500;101500;4026;5788371;1549;2;;;
384836;20251023;81500;101500;4026;5830072;1549;2;;;
384837;20251030;81500;101500;4026;5788371;1549;2;;;
384837;20251030;81500;101500;4026;5830072;1549;2;;;
384838;20251106;81500;101500;4026;5788371;1549;2;;;
384838;20251106;81500;101500;4026;5830072;1549;2;;;
384839;20251113;81500;101500;4026;5788371;1549;2;;;
384839;20251113;81500;101500;4026;5830072;1549;2;;;
384840;20251120;81500;101500;4026;5788371;1549;2;;;
384840;20251120;81500;101500;4026;5830072;1549;2;;;
384841;20251127;81500;101500;4026;5788371;1549;2;;;
384841;20251127;81500;101500;4026;5830072;1549;2;;;
384842;20251204;81500;101500;4026;5788371;1549;2;;;
384842;20251204;81500;101500;4026;5830072;1549;2;;;
384843;20251211;81500;101500;4026;5788371;1549;2;;;
384843;20251211;81500;101500;4026;5830072;1549;2;;;
384844;20251218;81500;101500;4026;5788371;1549;2;;;
384844;20251218;81500;101500;4026;5830072;1549;2;;;
381810;20250930;103000;123000;4007;5829010;2316;2;;;
396045;20250923;154500;174500;4012;5879556;1549;2;;;
396046;20250930;154500;174500;4012;5879556;1549;2;;;
396047;20251007;154500;174500;4012;5879556;1549;2;;;
396048;20251014;154500;174500;4012;5879556;1549;2;;;
396049;20251021;154500;174500;4012;5879556;1549;2;;;
396050;20251028;154500;174500;4012;5879556;1549;2;;;
396051;20251104;154500;174500;4012;5879556;1549;2;;;
396053;20251118;154500;174500;4012;5879556;1549;2;;;
396054;20251125;154500;174500;4012;5879556;1549;2;;;
396055;20251202;154500;174500;4012;5879556;1549;2;;;
396056;20251209;154500;174500;4012;5879556;1549;2;;;
396057;20251216;154500;174500;4012;5879556;1549;2;;;
387614;20250923;81500;101500;4024;5976640;2296;2;;;
387614;20250923;81500;101500;4024;5796254;2296;2;;;
387614;20250923;81500;101500;4024;5937306;2296;2;;;
387615;20250930;81500;101500;4024;5976640;2296;2;;;
387615;20250930;81500;101500;4024;5796254;2296;2;;;
387615;20250930;81500;101500;4024;5937306;2296;2;;;
387616;20251007;81500;101500;4024;5976640;2296;2;;;
387616;20251007;81500;101500;4024;5796254;2296;2;;;
387616;20251007;81500;101500;4024;5937306;2296;2;;;
387617;20251014;81500;101500;4024;5976640;2296;2;;;
387617;20251014;81500;101500;4024;5796254;2296;2;;;
387617;20251014;81500;101500;4024;5937306;2296;2;;;
387618;20251021;81500;101500;4024;5976640;2296;2;;;
387618;20251021;81500;101500;4024;5796254;2296;2;;;
387618;20251021;81500;101500;4024;5937306;2296;2;;;
387619;20251028;81500;101500;4024;5976640;2296;2;;;
387619;20251028;81500;101500;4024;5796254;2296;2;;;
387619;20251028;81500;101500;4024;5937306;2296;2;;;
387620;20251104;81500;101500;4024;5976640;2296;2;;;
387620;20251104;81500;101500;4024;5796254;2296;2;;;
387620;20251104;81500;101500;4024;5937306;2296;2;;;
387622;20251118;81500;101500;4024;5976640;2296;2;;;
387622;20251118;81500;101500;4024;5796254;2296;2;;;
387622;20251118;81500;101500;4024;5937306;2296;2;;;
387623;20251125;81500;101500;4024;5976640;2296;2;;;
387623;20251125;81500;101500;4024;5796254;2296;2;;;
387623;20251125;81500;101500;4024;5937306;2296;2;;;
387624;20251202;81500;101500;4024;5976640;2296;2;;;
387624;20251202;81500;101500;4024;5796254;2296;2;;;
387624;20251202;81500;101500;4024;5937306;2296;2;;;
387625;20251209;81500;101500;4024;5976640;2296;2;;;
387625;20251209;81500;101500;4024;5796254;2296;2;;;
387625;20251209;81500;101500;4024;5937306;2296;2;;;
387626;20251216;81500;101500;4024;5976640;2296;2;;;
387626;20251216;81500;101500;4024;5796254;2296;2;;;
387626;20251216;81500;101500;4024;5937306;2296;2;;;
384832;20250925;81500;101500;4026;5976642;1549;2;;;
384833;20251002;81500;101500;4026;5976642;1549;2;;;
384834;20251009;81500;101500;4026;5976642;1549;2;;;
384835;20251016;81500;101500;4026;5976642;1549;2;;;
384836;20251023;81500;101500;4026;5976642;1549;2;;;
384837;20251030;81500;101500;4026;5976642;1549;2;;;
384838;20251106;81500;101500;4026;5976642;1549;2;;;
384839;20251113;81500;101500;4026;5976642;1549;2;;;
384840;20251120;81500;101500;4026;5976642;1549;2;;;
384841;20251127;81500;101500;4026;5976642;1549;2;;;
384842;20251204;81500;101500;4026;5976642;1549;2;;;
384843;20251211;81500;101500;4026;5976642;1549;2;;;
384844;20251218;81500;101500;4026;5976642;1549;2;;;
396002;20250923;103000;123000;4069;5753210;2308;2;;;
396002;20250923;103000;123000;4069;5976664;2308;2;;;
396002;20250923;103000;123000;4069;6115689;2308;2;;;
396002;20250923;103000;123000;4069;6032224;2308;2;;;
396003;20250930;103000;123000;4069;5753210;2308;2;;;
396003;20250930;103000;123000;4069;5976664;2308;2;;;
396003;20250930;103000;123000;4069;6115689;2308;2;;;
396003;20250930;103000;123000;4069;6032224;2308;2;;;
396004;20251007;103000;123000;4069;5753210;2308;2;;;
396004;20251007;103000;123000;4069;5976664;2308;2;;;
396004;20251007;103000;123000;4069;6115689;2308;2;;;
396004;20251007;103000;123000;4069;6032224;2308;2;;;
396005;20251014;103000;123000;4069;5753210;2308;2;;;
396005;20251014;103000;123000;4069;5976664;2308;2;;;
396005;20251014;103000;123000;4069;6115689;2308;2;;;
396005;20251014;103000;123000;4069;6032224;2308;2;;;
396006;20251021;103000;123000;4069;5753210;2308;2;;;
396006;20251021;103000;123000;4069;5976664;2308;2;;;
396006;20251021;103000;123000;4069;6115689;2308;2;;;
396006;20251021;103000;123000;4069;6032224;2308;2;;;
396007;20251028;103000;123000;4069;5753210;2308;2;;;
396007;20251028;103000;123000;4069;5976664;2308;2;;;
396007;20251028;103000;123000;4069;6115689;2308;2;;;
396007;20251028;103000;123000;4069;6032224;2308;2;;;
396008;20251104;103000;123000;4069;5753210;2308;2;;;
396008;20251104;103000;123000;4069;5976664;2308;2;;;
396008;20251104;103000;123000;4069;6115689;2308;2;;;
396008;20251104;103000;123000;4069;6032224;2308;2;;;
396010;20251118;103000;123000;4069;5753210;2308;2;;;
396010;20251118;103000;123000;4069;5976664;2308;2;;;
396010;20251118;103000;123000;4069;6115689;2308;2;;;
396010;20251118;103000;123000;4069;6032224;2308;2;;;
396011;20251125;103000;123000;4069;5753210;2308;2;;;
396011;20251125;103000;123000;4069;5976664;2308;2;;;
396011;20251125;103000;123000;4069;6115689;2308;2;;;
396011;20251125;103000;123000;4069;6032224;2308;2;;;
396012;20251202;103000;123000;4069;5753210;2308;2;;;
396012;20251202;103000;123000;4069;5976664;2308;2;;;
396012;20251202;103000;123000;4069;6115689;2308;2;;;
396012;20251202;103000;123000;4069;6032224;2308;2;;;
396013;20251209;103000;123000;4069;5753210;2308;2;;;
396013;20251209;103000;123000;4069;5976664;2308;2;;;
396013;20251209;103000;123000;4069;6115689;2308;2;;;
396013;20251209;103000;123000;4069;6032224;2308;2;;;
396014;20251216;103000;123000;4069;5753210;2308;2;;;
396014;20251216;103000;123000;4069;5976664;2308;2;;;
396014;20251216;103000;123000;4069;6115689;2308;2;;;
396014;20251216;103000;123000;4069;6032224;2308;2;;;
395989;20250923;91500;101500;4069;5753210;2308;2;;;
395989;20250923;91500;101500;4069;5976664;2308;2;;;
395989;20250923;91500;101500;4069;6115689;2308;2;;;
395989;20250923;91500;101500;4069;6032224;2308;2;;;
395990;20250930;91500;101500;4069;5753210;2308;2;;;
395990;20250930;91500;101500;4069;5976664;2308;2;;;
395990;20250930;91500;101500;4069;6115689;2308;2;;;
395990;20250930;91500;101500;4069;6032224;2308;2;;;
395991;20251007;91500;101500;4069;5753210;2308;2;;;
395991;20251007;91500;101500;4069;5976664;2308;2;;;
395991;20251007;91500;101500;4069;6115689;2308;2;;;
395991;20251007;91500;101500;4069;6032224;2308;2;;;
395992;20251014;91500;101500;4069;5753210;2308;2;;;
395992;20251014;91500;101500;4069;5976664;2308;2;;;
395992;20251014;91500;101500;4069;6115689;2308;2;;;
395992;20251014;91500;101500;4069;6032224;2308;2;;;
395993;20251021;91500;101500;4069;5753210;2308;2;;;
395993;20251021;91500;101500;4069;5976664;2308;2;;;
395993;20251021;91500;101500;4069;6115689;2308;2;;;
395993;20251021;91500;101500;4069;6032224;2308;2;;;
395994;20251028;91500;101500;4069;5753210;2308;2;;;
395994;20251028;91500;101500;4069;5976664;2308;2;;;
395994;20251028;91500;101500;4069;6115689;2308;2;;;
395994;20251028;91500;101500;4069;6032224;2308;2;;;
395995;20251104;91500;101500;4069;5753210;2308;2;;;
395995;20251104;91500;101500;4069;5976664;2308;2;;;
395995;20251104;91500;101500;4069;6115689;2308;2;;;
395995;20251104;91500;101500;4069;6032224;2308;2;;;
395997;20251118;91500;101500;4069;5753210;2308;2;;;
395997;20251118;91500;101500;4069;5976664;2308;2;;;
395997;20251118;91500;101500;4069;6115689;2308;2;;;
395997;20251118;91500;101500;4069;6032224;2308;2;;;
395998;20251125;91500;101500;4069;5753210;2308;2;;;
395998;20251125;91500;101500;4069;5976664;2308;2;;;
395998;20251125;91500;101500;4069;6115689;2308;2;;;
395998;20251125;91500;101500;4069;6032224;2308;2;;;
395999;20251202;91500;101500;4069;5753210;2308;2;;;
395999;20251202;91500;101500;4069;5976664;2308;2;;;
395999;20251202;91500;101500;4069;6115689;2308;2;;;
395999;20251202;91500;101500;4069;6032224;2308;2;;;
396000;20251209;91500;101500;4069;5753210;2308;2;;;
396000;20251209;91500;101500;4069;5976664;2308;2;;;
396000;20251209;91500;101500;4069;6115689;2308;2;;;
396000;20251209;91500;101500;4069;6032224;2308;2;;;
396001;20251216;91500;101500;4069;5753210;2308;2;;;
396001;20251216;91500;101500;4069;5976664;2308;2;;;
396001;20251216;91500;101500;4069;6115689;2308;2;;;
396001;20251216;91500;101500;4069;6032224;2308;2;;;
386591;20250924;91500;101500;4069;5830094;2313;2;;;
386591;20250924;91500;101500;4069;5889391;2313;2;;;
386591;20250924;91500;101500;4069;5915911;2313;2;;;
386591;20250924;91500;101500;4069;6032224;2313;2;;;
386592;20251001;91500;101500;4069;5830094;2313;2;;;
386592;20251001;91500;101500;4069;5889391;2313;2;;;
386592;20251001;91500;101500;4069;5915911;2313;2;;;
386592;20251001;91500;101500;4069;6032224;2313;2;;;
386593;20251008;91500;101500;4069;5830094;2313;2;;;
386593;20251008;91500;101500;4069;5889391;2313;2;;;
386593;20251008;91500;101500;4069;5915911;2313;2;;;
386593;20251008;91500;101500;4069;6032224;2313;2;;;
386594;20251015;91500;101500;4069;5830094;2313;2;;;
386594;20251015;91500;101500;4069;5889391;2313;2;;;
386594;20251015;91500;101500;4069;5915911;2313;2;;;
386594;20251015;91500;101500;4069;6032224;2313;2;;;
386595;20251022;91500;101500;4069;5830094;2313;2;;;
386595;20251022;91500;101500;4069;5889391;2313;2;;;
386595;20251022;91500;101500;4069;5915911;2313;2;;;
386595;20251022;91500;101500;4069;6032224;2313;2;;;
386596;20251029;91500;101500;4069;5830094;2313;2;;;
386596;20251029;91500;101500;4069;5889391;2313;2;;;
386596;20251029;91500;101500;4069;5915911;2313;2;;;
386596;20251029;91500;101500;4069;6032224;2313;2;;;
386597;20251105;91500;101500;4069;5830094;2313;2;;;
386597;20251105;91500;101500;4069;5889391;2313;2;;;
386597;20251105;91500;101500;4069;5915911;2313;2;;;
386597;20251105;91500;101500;4069;6032224;2313;2;;;
386598;20251112;91500;101500;4069;5830094;2313;2;;;
386598;20251112;91500;101500;4069;5889391;2313;2;;;
386598;20251112;91500;101500;4069;5915911;2313;2;;;
386598;20251112;91500;101500;4069;6032224;2313;2;;;
386599;20251119;91500;101500;4069;5830094;2313;2;;;
386599;20251119;91500;101500;4069;5889391;2313;2;;;
386599;20251119;91500;101500;4069;5915911;2313;2;;;
386599;20251119;91500;101500;4069;6032224;2313;2;;;
386600;20251126;91500;101500;4069;5830094;2313;2;;;
386600;20251126;91500;101500;4069;5889391;2313;2;;;
386600;20251126;91500;101500;4069;5915911;2313;2;;;
386600;20251126;91500;101500;4069;6032224;2313;2;;;
386601;20251203;91500;101500;4069;5830094;2313;2;;;
386601;20251203;91500;101500;4069;5889391;2313;2;;;
386601;20251203;91500;101500;4069;5915911;2313;2;;;
386601;20251203;91500;101500;4069;6032224;2313;2;;;
386602;20251210;91500;101500;4069;5830094;2313;2;;;
386602;20251210;91500;101500;4069;5889391;2313;2;;;
386602;20251210;91500;101500;4069;5915911;2313;2;;;
386602;20251210;91500;101500;4069;6032224;2313;2;;;
386603;20251217;91500;101500;4069;5830094;2313;2;;;
386603;20251217;91500;101500;4069;5889391;2313;2;;;
386603;20251217;91500;101500;4069;5915911;2313;2;;;
386603;20251217;91500;101500;4069;6032224;2313;2;;;
386604;20250924;103000;123000;4069;5830094;2313;2;;;
386604;20250924;103000;123000;4069;5889391;2313;2;;;
386604;20250924;103000;123000;4069;5915911;2313;2;;;
386604;20250924;103000;123000;4069;6032224;2313;2;;;
386605;20251001;103000;123000;4069;5830094;2313;2;;;
386605;20251001;103000;123000;4069;5889391;2313;2;;;
386605;20251001;103000;123000;4069;5915911;2313;2;;;
386605;20251001;103000;123000;4069;6032224;2313;2;;;
386606;20251008;103000;123000;4069;5830094;2313;2;;;
386606;20251008;103000;123000;4069;5889391;2313;2;;;
386606;20251008;103000;123000;4069;5915911;2313;2;;;
386606;20251008;103000;123000;4069;6032224;2313;2;;;
386607;20251015;103000;123000;4069;5830094;2313;2;;;
386607;20251015;103000;123000;4069;5889391;2313;2;;;
386607;20251015;103000;123000;4069;5915911;2313;2;;;
386607;20251015;103000;123000;4069;6032224;2313;2;;;
386608;20251022;103000;123000;4069;5830094;2313;2;;;
386608;20251022;103000;123000;4069;5889391;2313;2;;;
386608;20251022;103000;123000;4069;5915911;2313;2;;;
386608;20251022;103000;123000;4069;6032224;2313;2;;;
386609;20251029;103000;123000;4069;5830094;2313;2;;;
386609;20251029;103000;123000;4069;5889391;2313;2;;;
386609;20251029;103000;123000;4069;5915911;2313;2;;;
386609;20251029;103000;123000;4069;6032224;2313;2;;;
386610;20251105;103000;123000;4069;5830094;2313;2;;;
386610;20251105;103000;123000;4069;5889391;2313;2;;;
386610;20251105;103000;123000;4069;5915911;2313;2;;;
386610;20251105;103000;123000;4069;6032224;2313;2;;;
386611;20251112;103000;123000;4069;5830094;2313;2;;;
386611;20251112;103000;123000;4069;5889391;2313;2;;;
386611;20251112;103000;123000;4069;5915911;2313;2;;;
386611;20251112;103000;123000;4069;6032224;2313;2;;;
386612;20251119;103000;123000;4069;5830094;2313;2;;;
386612;20251119;103000;123000;4069;5889391;2313;2;;;
386612;20251119;103000;123000;4069;5915911;2313;2;;;
386612;20251119;103000;123000;4069;6032224;2313;2;;;
386613;20251126;103000;123000;4069;5830094;2313;2;;;
386613;20251126;103000;123000;4069;5889391;2313;2;;;
386613;20251126;103000;123000;4069;5915911;2313;2;;;
386613;20251126;103000;123000;4069;6032224;2313;2;;;
386614;20251203;103000;123000;4069;5830094;2313;2;;;
386614;20251203;103000;123000;4069;5889391;2313;2;;;
386614;20251203;103000;123000;4069;5915911;2313;2;;;
386614;20251203;103000;123000;4069;6032224;2313;2;;;
386615;20251210;103000;123000;4069;5830094;2313;2;;;
386615;20251210;103000;123000;4069;5889391;2313;2;;;
386615;20251210;103000;123000;4069;5915911;2313;2;;;
386615;20251210;103000;123000;4069;6032224;2313;2;;;
386616;20251217;103000;123000;4069;5830094;2313;2;;;
386616;20251217;103000;123000;4069;5889391;2313;2;;;
386616;20251217;103000;123000;4069;5915911;2313;2;;;
386616;20251217;103000;123000;4069;6032224;2313;2;;;
386146;20250924;91500;101500;4047;5976665;2968;2;;;
386147;20251001;91500;101500;4047;5976665;2968;2;;;
386148;20251008;91500;101500;4047;5976665;2968;2;;;
386149;20251015;91500;101500;4047;5976665;2968;2;;;
386150;20251022;91500;101500;4047;5976665;2968;2;;;
386151;20251029;91500;101500;4047;5976665;2968;2;;;
386152;20251105;91500;101500;4047;5976665;2968;2;;;
386153;20251112;91500;101500;4047;5976665;2968;2;;;
386154;20251119;91500;101500;4047;5976665;2968;2;;;
386155;20251126;91500;101500;4047;5976665;2968;2;;;
386156;20251203;91500;101500;4047;5976665;2968;2;;;
386157;20251210;91500;101500;4047;5976665;2968;2;;;
386158;20251217;91500;101500;4047;5976665;2968;2;;;
386159;20250924;103000;123000;4047;5976665;2968;2;;;
386160;20251001;103000;123000;4047;5976665;2968;2;;;
386161;20251008;103000;123000;4047;5976665;2968;2;;;
386162;20251015;103000;123000;4047;5976665;2968;2;;;
386163;20251022;103000;123000;4047;5976665;2968;2;;;
386164;20251029;103000;123000;4047;5976665;2968;2;;;
386165;20251105;103000;123000;4047;5976665;2968;2;;;
386166;20251112;103000;123000;4047;5976665;2968;2;;;
386167;20251119;103000;123000;4047;5976665;2968;2;;;
386168;20251126;103000;123000;4047;5976665;2968;2;;;
386169;20251203;103000;123000;4047;5976665;2968;2;;;
386170;20251210;103000;123000;4047;5976665;2968;2;;;
386171;20251217;103000;123000;4047;5976665;2968;2;;;
383370;20250926;133000;153000;4024;5976640;2317;2;;;
383370;20250926;133000;153000;4024;5830070;2317;2;;;
383370;20250926;133000;153000;4024;5787961;2317;2;;;
383370;20250926;133000;153000;4024;5807006;2317;2;;;
383371;20251003;133000;153000;4024;5976640;2317;2;;;
383371;20251003;133000;153000;4024;5830070;2317;2;;;
383371;20251003;133000;153000;4024;5787961;2317;2;;;
383371;20251003;133000;153000;4024;5807006;2317;2;;;
383372;20251010;133000;153000;4024;5976640;2317;2;;;
383372;20251010;133000;153000;4024;5830070;2317;2;;;
383372;20251010;133000;153000;4024;5787961;2317;2;;;
383372;20251010;133000;153000;4024;5807006;2317;2;;;
383373;20251017;133000;153000;4024;5976640;2317;2;;;
383373;20251017;133000;153000;4024;5830070;2317;2;;;
383373;20251017;133000;153000;4024;5787961;2317;2;;;
383373;20251017;133000;153000;4024;5807006;2317;2;;;
383374;20251024;133000;153000;4024;5976640;2317;2;;;
383374;20251024;133000;153000;4024;5830070;2317;2;;;
383374;20251024;133000;153000;4024;5787961;2317;2;;;
383374;20251024;133000;153000;4024;5807006;2317;2;;;
383375;20251031;133000;153000;4024;5976640;2317;2;;;
383375;20251031;133000;153000;4024;5830070;2317;2;;;
383375;20251031;133000;153000;4024;5787961;2317;2;;;
383375;20251031;133000;153000;4024;5807006;2317;2;;;
383376;20251107;133000;153000;4024;5976640;2317;2;;;
383376;20251107;133000;153000;4024;5830070;2317;2;;;
383376;20251107;133000;153000;4024;5787961;2317;2;;;
383376;20251107;133000;153000;4024;5807006;2317;2;;;
383377;20251114;133000;153000;4024;5976640;2317;2;;;
383377;20251114;133000;153000;4024;5830070;2317;2;;;
383377;20251114;133000;153000;4024;5787961;2317;2;;;
383377;20251114;133000;153000;4024;5807006;2317;2;;;
383378;20251121;133000;153000;4024;5976640;2317;2;;;
383378;20251121;133000;153000;4024;5830070;2317;2;;;
383378;20251121;133000;153000;4024;5787961;2317;2;;;
383378;20251121;133000;153000;4024;5807006;2317;2;;;
383379;20251128;133000;153000;4024;5976640;2317;2;;;
383379;20251128;133000;153000;4024;5830070;2317;2;;;
383379;20251128;133000;153000;4024;5787961;2317;2;;;
383379;20251128;133000;153000;4024;5807006;2317;2;;;
383380;20251205;133000;153000;4024;5976640;2317;2;;;
383380;20251205;133000;153000;4024;5830070;2317;2;;;
383380;20251205;133000;153000;4024;5787961;2317;2;;;
383380;20251205;133000;153000;4024;5807006;2317;2;;;
383381;20251212;133000;153000;4024;5976640;2317;2;;;
383381;20251212;133000;153000;4024;5830070;2317;2;;;
383381;20251212;133000;153000;4024;5787961;2317;2;;;
383381;20251212;133000;153000;4024;5807006;2317;2;;;
383382;20251219;133000;153000;4024;5976640;2317;2;;;
383382;20251219;133000;153000;4024;5830070;2317;2;;;
383382;20251219;133000;153000;4024;5787961;2317;2;;;
383382;20251219;133000;153000;4024;5807006;2317;2;;;
395571;20250923;133000;153000;4024;5976640;2326;2;;;
395571;20250923;133000;153000;4024;5807210;2326;2;;;
395572;20250930;133000;153000;4024;5976640;2326;2;;;
395572;20250930;133000;153000;4024;5807210;2326;2;;;
395573;20251007;133000;153000;4024;5976640;2326;2;;;
395573;20251007;133000;153000;4024;5807210;2326;2;;;
395574;20251014;133000;153000;4024;5976640;2326;2;;;
395574;20251014;133000;153000;4024;5807210;2326;2;;;
395575;20251021;133000;153000;4024;5976640;2326;2;;;
395575;20251021;133000;153000;4024;5807210;2326;2;;;
395576;20251028;133000;153000;4024;5976640;2326;2;;;
395576;20251028;133000;153000;4024;5807210;2326;2;;;
395577;20251104;133000;153000;4024;5976640;2326;2;;;
395577;20251104;133000;153000;4024;5807210;2326;2;;;
395579;20251118;133000;153000;4024;5976640;2326;2;;;
395579;20251118;133000;153000;4024;5807210;2326;2;;;
395580;20251125;133000;153000;4024;5976640;2326;2;;;
395580;20251125;133000;153000;4024;5807210;2326;2;;;
395581;20251202;133000;153000;4024;5976640;2326;2;;;
395581;20251202;133000;153000;4024;5807210;2326;2;;;
395582;20251209;133000;153000;4024;5976640;2326;2;;;
395582;20251209;133000;153000;4024;5807210;2326;2;;;
395583;20251216;133000;153000;4024;5976640;2326;2;;;
395583;20251216;133000;153000;4024;5807210;2326;2;;;
396333;20251015;133000;153000;4176;5937668;1563;2;;;
396346;20251015;154500;164500;4176;5937668;1563;2;;;
395571;20250923;130000;150000;4024;5976640;2326;2;;;
395571;20250923;130000;150000;4024;5807210;2326;2;;;
395572;20250930;130000;150000;4024;5976640;2326;2;;;
395572;20250930;130000;150000;4024;5807210;2326;2;;;
395573;20251007;130000;150000;4024;5976640;2326;2;;;
395573;20251007;130000;150000;4024;5807210;2326;2;;;
395574;20251014;130000;150000;4024;5976640;2326;2;;;
395574;20251014;130000;150000;4024;5807210;2326;2;;;
395575;20251021;130000;150000;4024;5976640;2326;2;;;
395575;20251021;130000;150000;4024;5807210;2326;2;;;
470314;20250924;103000;123000;4024;5807210;523;2;;;
470315;20251001;103000;123000;4024;5807210;523;2;;;
470317;20251015;103000;123000;4024;5807210;523;2;;;
470347;20250924;81500;101500;4013;5997463;2301;2;;;
470349;20250925;91500;101500;4013;5997463;2294;2;;;
386749;20250925;81500;101500;4053;5915918;2296;2;;;
386750;20251002;81500;101500;4053;5915918;2296;2;;;
386751;20251009;81500;101500;4053;5915918;2296;2;;;
386752;20251016;81500;101500;4053;5915918;2296;2;;;
386753;20251023;81500;101500;4053;5915918;2296;2;;;
386754;20251030;81500;101500;4053;5915918;2296;2;;;
386755;20251106;81500;101500;4053;5915918;2296;2;;;
386756;20251113;81500;101500;4053;5915918;2296;2;;;
386757;20251120;81500;101500;4053;5915918;2296;2;;;
386758;20251127;81500;101500;4053;5915918;2296;2;;;
386759;20251204;81500;101500;4053;5915918;2296;2;;;
386761;20251218;81500;101500;4053;5915918;2296;2;;;
386760;20251211;81500;101500;4053;5915918;2299;2;;;
381436;20250922;81500;101500;4007;5938924;2322;2;;;
381437;20250929;81500;101500;4007;5938924;2322;2;;;
381438;20251006;81500;101500;4007;5938924;2322;2;;;
381439;20251013;81500;101500;4007;5938924;2322;2;;;
381440;20251020;81500;101500;4007;5938924;2322;2;;;
381441;20251027;81500;101500;4007;5938924;2322;2;;;
381442;20251103;81500;101500;4007;5938924;2322;2;;;
381444;20251117;81500;101500;4007;5938924;2322;2;;;
381445;20251124;81500;101500;4007;5938924;2322;2;;;
381446;20251201;81500;101500;4007;5938924;2322;2;;;
381447;20251208;81500;101500;4007;5938924;2322;2;;;
381448;20251215;81500;101500;4007;5938924;2322;2;;;
381638;20250922;103000;123000;4008;5938925;1616;2;;;
381639;20250929;103000;123000;4008;5938925;1616;2;;;
381640;20251006;103000;123000;4008;5938925;1616;2;;;
381641;20251013;103000;123000;4008;5938925;1616;2;;;
381642;20251020;103000;123000;4008;5938925;1616;2;;;
381643;20251027;103000;123000;4008;5938925;1616;2;;;
381644;20251103;103000;123000;4008;5938925;1616;2;;;
381646;20251117;103000;123000;4008;5938925;1616;2;;;
381647;20251124;103000;123000;4008;5938925;1616;2;;;
381648;20251201;103000;123000;4008;5938925;1616;2;;;
381649;20251208;103000;123000;4008;5938925;1616;2;;;
381650;20251215;103000;123000;4008;5938925;1616;2;;;
381475;20250923;91500;123000;4007;5938924;2294;2;;;
471373;20250923;103000;123000;4007;5829010;2316;2;;;
471374;20250930;103000;123000;4007;5829010;2316;2;;;
471375;20251007;103000;123000;4007;5829010;2296;2;;;
471376;20251014;103000;123000;4007;5829010;2296;2;;;
471377;20251021;103000;123000;4007;5829010;2296;2;;;
471378;20251028;103000;123000;4007;5829010;2296;2;;;
471383;20251202;103000;123000;4007;5829010;2322;2;;;
471384;20251209;103000;123000;4007;5829010;2322;2;;;
471385;20251216;103000;123000;4007;5829010;2322;2;;;
471391;20250926;91500;123000;4007;5829010;2316;2;;;
471392;20251003;91500;123000;4007;5829010;2316;2;;;
471393;20251010;91500;123000;4007;5829010;2316;2;;;
471394;20251017;91500;123000;4007;5829010;2316;2;;;
471399;20251121;91500;123000;4007;5829010;2316;2;;;
471400;20251128;91500;123000;4007;5829010;2316;2;;;
471401;20251205;91500;123000;4007;5829010;2316;2;;;
471402;20251212;91500;123000;4007;5829010;2316;2;;;
471403;20251219;91500;123000;4007;5829010;2316;2;;;
382840;20250926;103000;123000;4007;5879551;2317;2;;;
382841;20251003;103000;123000;4007;5879551;2317;2;;;
382842;20251010;103000;123000;4007;5879551;2317;2;;;
382843;20251017;103000;123000;4007;5879551;2317;2;;;
382844;20251024;103000;123000;4007;5879551;2317;2;;;
382845;20251031;103000;123000;4007;5879551;2317;2;;;
382846;20251107;103000;123000;4007;5879551;2317;2;;;
382847;20251114;103000;123000;4007;5879551;2317;2;;;
382848;20251121;103000;123000;4007;5879551;2317;2;;;
382849;20251128;103000;123000;4007;5879551;2317;2;;;
382850;20251205;103000;123000;4007;5879551;2317;2;;;
382851;20251212;103000;123000;4007;5879551;2317;2;;;
382852;20251219;103000;123000;4007;5879551;2317;2;;;
471463;20250923;123000;153000;4009;5879553;2291;2;;;
471464;20250930;123000;153000;4009;5879553;2291;2;;;
471472;20251125;123000;153000;4009;5879553;2323;2;;;
471437;20250924;91500;123000;4007;5879551;2322;2;;;
471438;20251001;91500;123000;4007;5879551;2322;2;;;
471439;20251008;91500;123000;4007;5879551;2322;2;;;
471440;20251015;91500;123000;4007;5879551;2322;2;;;
471441;20251022;91500;123000;4007;5879551;2322;2;;;
471442;20251029;91500;123000;4007;5879551;2322;2;;;
471443;20251105;91500;123000;4007;5879551;2322;2;;;
471444;20251112;91500;123000;4007;5879551;2322;2;;;
471445;20251119;91500;123000;4007;5879551;2322;2;;;
471446;20251126;91500;123000;4007;5879551;2322;2;;;
471447;20251203;91500;123000;4007;5879551;2322;2;;;
471448;20251210;91500;123000;4007;5879551;2322;2;;;
471449;20251217;91500;123000;4007;5879551;2322;2;;;
471450;20250924;133000;153000;4010;5879554;2299;2;;;
471451;20251001;133000;153000;4010;5879554;2309;2;;;
471452;20251008;133000;153000;4010;5879554;1563;2;;;
471454;20251022;133000;153000;4010;5879554;2299;2;;;
471455;20251029;133000;153000;4010;5879554;2305;2;;;
471456;20251105;133000;153000;4010;5879554;2299;2;;;
471458;20251119;133000;153000;4010;5879554;2299;2;;;
471459;20251126;133000;153000;4010;5879554;2301;2;;;
471461;20251210;133000;153000;4010;5879554;2301;2;;;
471462;20251217;133000;153000;4010;5879554;2301;2;;;
471424;20250925;133000;164500;4007;5879551;2294;2;;;
471425;20251002;133000;164500;4007;5879551;2294;2;;;
471426;20251009;133000;164500;4007;5879551;2294;2;;;
471427;20251016;133000;164500;4007;5879551;2294;2;;;
471428;20251023;133000;164500;4007;5879551;2294;2;;;
471429;20251030;133000;164500;4007;5879551;2294;2;;;
471430;20251106;133000;164500;4007;5879551;2294;2;;;
471431;20251113;133000;164500;4007;5879551;2294;2;;;
471432;20251120;133000;164500;4007;5879551;2294;2;;;
471433;20251127;133000;164500;4007;5879551;2294;2;;;
471434;20251204;133000;164500;4007;5879551;2294;2;;;
471435;20251211;133000;164500;4007;5879551;2294;2;;;
471436;20251218;133000;164500;4007;5879551;2294;2;;;
386394;20250922;91500;101500;4069;5753414;2326;2;;;
386394;20250922;91500;101500;4069;5816398;2326;2;;;
386394;20250922;91500;101500;4069;6032224;2326;2;;;
386407;20250922;103000;123000;4069;5753414;2326;2;;;
386407;20250922;103000;123000;4069;5816398;2326;2;;;
386407;20250922;103000;123000;4069;6032224;2326;2;;;
386395;20250929;91500;101500;4069;5753414;2308;2;;;
386395;20250929;91500;101500;4069;5816398;2308;2;;;
386395;20250929;91500;101500;4069;6032224;2308;2;;;
386408;20250929;103000;123000;4069;5753414;2308;2;;;
386408;20250929;103000;123000;4069;5816398;2308;2;;;
386408;20250929;103000;123000;4069;6032224;2308;2;;;
386396;20251006;91500;101500;4069;5753414;514;2;;;
386396;20251006;91500;101500;4069;5816398;514;2;;;
386396;20251006;91500;101500;4069;6032224;514;2;;;
386409;20251006;103000;123000;4069;5753414;514;2;;;
386409;20251006;103000;123000;4069;5816398;514;2;;;
386409;20251006;103000;123000;4069;6032224;514;2;;;
386397;20251013;91500;101500;4069;5753414;514;2;;;
386397;20251013;91500;101500;4069;5816398;514;2;;;
386397;20251013;91500;101500;4069;6032224;514;2;;;
386410;20251013;103000;123000;4069;5753414;514;2;;;
386410;20251013;103000;123000;4069;5816398;514;2;;;
386410;20251013;103000;123000;4069;6032224;514;2;;;
386398;20251020;91500;101500;4069;5753414;514;2;;;
386398;20251020;91500;101500;4069;5816398;514;2;;;
386398;20251020;91500;101500;4069;6032224;514;2;;;
386411;20251020;103000;123000;4069;5753414;514;2;;;
386411;20251020;103000;123000;4069;5816398;514;2;;;
386411;20251020;103000;123000;4069;6032224;514;2;;;
386399;20251027;91500;101500;4069;5753414;514;2;;;
386399;20251027;91500;101500;4069;5816398;514;2;;;
386399;20251027;91500;101500;4069;6032224;514;2;;;
386412;20251027;103000;123000;4069;5753414;514;2;;;
386412;20251027;103000;123000;4069;5816398;514;2;;;
386412;20251027;103000;123000;4069;6032224;514;2;;;
386400;20251103;91500;101500;4069;5753414;525;2;;;
386400;20251103;91500;101500;4069;5816398;525;2;;;
386400;20251103;91500;101500;4069;6032224;525;2;;;
386413;20251103;103000;123000;4069;5753414;525;2;;;
386413;20251103;103000;123000;4069;5816398;525;2;;;
386413;20251103;103000;123000;4069;6032224;525;2;;;
386402;20251117;91500;101500;4069;5753414;2299;2;;;
386402;20251117;91500;101500;4069;5816398;2299;2;;;
386402;20251117;91500;101500;4069;6032224;2299;2;;;
386415;20251117;103000;123000;4069;5753414;2299;2;;;
386415;20251117;103000;123000;4069;5816398;2299;2;;;
386415;20251117;103000;123000;4069;6032224;2299;2;;;
386403;20251124;91500;101500;4069;5753414;2295;2;;;
386403;20251124;91500;101500;4069;5816398;2295;2;;;
386403;20251124;91500;101500;4069;6032224;2295;2;;;
386416;20251124;103000;123000;4069;5753414;2295;2;;;
386416;20251124;103000;123000;4069;5816398;2295;2;;;
386416;20251124;103000;123000;4069;6032224;2295;2;;;
386404;20251201;91500;101500;4069;5753414;2295;2;;;
386404;20251201;91500;101500;4069;5816398;2295;2;;;
386404;20251201;91500;101500;4069;6032224;2295;2;;;
386417;20251201;103000;123000;4069;5753414;2295;2;;;
386417;20251201;103000;123000;4069;5816398;2295;2;;;
386417;20251201;103000;123000;4069;6032224;2295;2;;;
386405;20251208;91500;101500;4069;5753414;2299;2;;;
386405;20251208;91500;101500;4069;5816398;2299;2;;;
386405;20251208;91500;101500;4069;6032224;2299;2;;;
386418;20251208;103000;123000;4069;5753414;2299;2;;;
386418;20251208;103000;123000;4069;5816398;2299;2;;;
386418;20251208;103000;123000;4069;6032224;2299;2;;;
386406;20251215;91500;101500;4069;5753414;2299;2;;;
386406;20251215;91500;101500;4069;5816398;2299;2;;;
386406;20251215;91500;101500;4069;6032224;2299;2;;;
386419;20251215;103000;123000;4069;5753414;2299;2;;;
386419;20251215;103000;123000;4069;5816398;2299;2;;;
386419;20251215;103000;123000;4069;6032224;2299;2;;;
386433;20250922;133000;153000;4181;5889326;2316;2;;;
386434;20250929;133000;153000;4181;5889326;2316;2;;;
386435;20251006;133000;153000;4181;5889326;2316;2;;;
386436;20251013;133000;153000;4181;5889326;2316;2;;;
386437;20251020;133000;153000;4181;5889326;2316;2;;;
386438;20251027;133000;153000;4181;5889326;2316;2;;;
386439;20251103;133000;153000;4181;5889326;2316;2;;;
386441;20251117;133000;153000;4181;5889326;2316;2;;;
386442;20251124;133000;153000;4181;5889326;2316;2;;;
386443;20251201;133000;153000;4181;5889326;2316;2;;;
386444;20251208;133000;153000;4181;5889326;2316;2;;;
386445;20251215;133000;153000;4181;5889326;2316;2;;;
395098;20250926;81500;101500;4180;6082491;2326;2;;;
395098;20250926;81500;101500;4180;5995908;2326;2;;;
395099;20251003;81500;101500;4180;6082491;2326;2;;;
395099;20251003;81500;101500;4180;5995908;2326;2;;;
395100;20251010;81500;101500;4180;6082491;2326;2;;;
395100;20251010;81500;101500;4180;5995908;2326;2;;;
395101;20251017;81500;101500;4180;6082491;2326;2;;;
395101;20251017;81500;101500;4180;5995908;2326;2;;;
395102;20251024;81500;101500;4180;6082491;2326;2;;;
395102;20251024;81500;101500;4180;5995908;2326;2;;;
395103;20251031;81500;101500;4180;6082491;2326;2;;;
395103;20251031;81500;101500;4180;5995908;2326;2;;;
395104;20251107;81500;101500;4180;6082491;2326;2;;;
395104;20251107;81500;101500;4180;5995908;2326;2;;;
395106;20251121;81500;101500;4180;6082491;2326;2;;;
395106;20251121;81500;101500;4180;5995908;2326;2;;;
395107;20251128;81500;101500;4180;6082491;2326;2;;;
395107;20251128;81500;101500;4180;5995908;2326;2;;;
395108;20251205;81500;101500;4180;6082491;2326;2;;;
395108;20251205;81500;101500;4180;5995908;2326;2;;;
395109;20251212;81500;101500;4180;6082491;2326;2;;;
395109;20251212;81500;101500;4180;5995908;2326;2;;;
395110;20251219;81500;101500;4180;6082491;2326;2;;;
395110;20251219;81500;101500;4180;5995908;2326;2;;;
386459;20250926;103000;123000;4181;5995909;2326;2;;;
386460;20251003;103000;123000;4181;5995909;2326;2;;;
386461;20251010;103000;123000;4181;5995909;2326;2;;;
386462;20251017;103000;123000;4181;5995909;2326;2;;;
386463;20251024;103000;123000;4181;5995909;2326;2;;;
386464;20251031;103000;123000;4181;5995909;2326;2;;;
386465;20251107;103000;123000;4181;5995909;2326;2;;;
386466;20251114;103000;123000;4181;5995909;2326;2;;;
386467;20251121;103000;123000;4181;5995909;2326;2;;;
386468;20251128;103000;123000;4181;5995909;2326;2;;;
386469;20251205;103000;123000;4181;5995909;2326;2;;;
386470;20251212;103000;123000;4181;5995909;2326;2;;;
386471;20251219;103000;123000;4181;5995909;2326;2;;;
381784;20250926;154500;174500;4010;5830056;1116;2;;;
381785;20251003;154500;174500;4010;5830056;1116;2;;;
381786;20251010;154500;174500;4010;5830056;1116;2;;;
381787;20251017;154500;174500;4010;5830056;1116;2;;;
381788;20251024;154500;174500;4010;5830056;1116;2;;;
381789;20251031;154500;174500;4010;5830056;1116;2;;;
381790;20251107;154500;174500;4010;5830056;1116;2;;;
381791;20251114;154500;174500;4010;5830056;1116;2;;;
381792;20251121;154500;174500;4010;5830056;1116;2;;;
381793;20251128;154500;174500;4010;5830056;1116;2;;;
381794;20251205;154500;174500;4010;5830056;1116;2;;;
381795;20251212;154500;174500;4010;5830056;1116;2;;;
381796;20251219;154500;174500;4010;5830056;1116;2;;;
395886;20250923;81500;101500;4010;5829013;2317;2;;;
395886;20250923;81500;101500;4010;5830056;2317;2;;;
395887;20250930;81500;101500;4010;5829013;2317;2;;;
395887;20250930;81500;101500;4010;5830056;2317;2;;;
395896;20251202;81500;101500;4010;5829013;2301;2;;;
395896;20251202;81500;101500;4010;5830056;2301;2;;;
471334;20251002;81500;101500;4010;5938927;2294;2;;;
471335;20251009;81500;101500;4010;5938927;2294;2;;;
471336;20251016;81500;101500;4010;5938927;2294;2;;;
471337;20251023;81500;101500;4010;5938927;2294;2;;;
471338;20251030;81500;101500;4010;5938927;2294;2;;;
471339;20251106;81500;101500;4010;5938927;2294;2;;;
471340;20251113;81500;101500;4010;5938927;2294;2;;;
471341;20251120;81500;101500;4010;5938927;2294;2;;;
471342;20251127;81500;101500;4010;5938927;2294;2;;;
471343;20251204;81500;101500;4010;5938927;2294;2;;;
471344;20251211;81500;101500;4010;5938927;2294;2;;;
471345;20251218;81500;101500;4010;5938927;2294;2;;;
381450;20250926;91500;123000;4007;5938924;514;2;;;
381451;20251003;91500;123000;4007;5938924;2303;2;;;
381455;20251031;91500;123000;4007;5938924;2316;2;;;
381456;20251107;91500;123000;4007;5938924;2316;2;;;
381457;20251114;91500;123000;4007;5938924;2316;2;;;
394486;20250923;154500;174500;4025;5807211;520;2;;;
394486;20250923;154500;174500;4025;5830071;520;2;;;
394487;20250930;154500;174500;4025;5807211;520;2;;;
394487;20250930;154500;174500;4025;5830071;520;2;;;
394488;20251007;154500;174500;4025;5807211;520;2;;;
394488;20251007;154500;174500;4025;5830071;520;2;;;
394489;20251014;154500;174500;4025;5807211;520;2;;;
394489;20251014;154500;174500;4025;5830071;520;2;;;
394490;20251021;154500;174500;4025;5807211;520;2;;;
394490;20251021;154500;174500;4025;5830071;520;2;;;
394491;20251028;154500;174500;4025;5807211;520;2;;;
394491;20251028;154500;174500;4025;5830071;520;2;;;
394492;20251104;154500;174500;4025;5807211;520;2;;;
394492;20251104;154500;174500;4025;5830071;520;2;;;
394494;20251118;154500;174500;4025;5807211;520;2;;;
394494;20251118;154500;174500;4025;5830071;520;2;;;
394495;20251125;154500;174500;4025;5807211;520;2;;;
394495;20251125;154500;174500;4025;5830071;520;2;;;
394496;20251202;154500;174500;4025;5807211;520;2;;;
394496;20251202;154500;174500;4025;5830071;520;2;;;
394497;20251209;154500;174500;4025;5807211;520;2;;;
394497;20251209;154500;174500;4025;5830071;520;2;;;
394498;20251216;154500;174500;4025;5807211;520;2;;;
394498;20251216;154500;174500;4025;5830071;520;2;;;
471308;20250930;133000;153000;4010;5938927;514;2;;;
471398;20251114;91500;123000;4007;5829010;2318;2;;;
381484;20251125;91500;123000;4007;5938924;525;2;;;
381477;20251007;91500;123000;4007;5938924;525;2;;;
471307;20250923;133000;153000;4010;5938927;520;2;;;
471315;20251118;133000;153000;4010;5938927;520;2;;;
471316;20251125;133000;153000;4010;5938927;520;2;;;
471318;20251209;133000;153000;4010;5938927;520;2;;;
471474;20251209;123000;153000;4009;5879553;515;2;;;
395888;20251007;81500;101500;4010;5829013;2291;2;;;
395888;20251007;81500;101500;4010;5830056;2291;2;;;
395889;20251014;81500;101500;4010;5829013;2319;2;;;
395889;20251014;81500;101500;4010;5830056;2319;2;;;
395890;20251021;81500;101500;4010;5829013;2319;2;;;
395890;20251021;81500;101500;4010;5830056;2319;2;;;
395891;20251028;81500;101500;4010;5829013;1563;2;;;
395891;20251028;81500;101500;4010;5830056;1563;2;;;
395892;20251104;81500;101500;4010;5829013;2301;2;;;
395892;20251104;81500;101500;4010;5830056;2301;2;;;
395894;20251118;81500;101500;4010;5829013;2319;2;;;
395894;20251118;81500;101500;4010;5830056;2319;2;;;
395895;20251125;81500;101500;4010;5829013;2319;2;;;
395895;20251125;81500;101500;4010;5830056;2319;2;;;
395897;20251209;81500;101500;4010;5829013;1563;2;;;
395897;20251209;81500;101500;4010;5830056;1563;2;;;
395898;20251216;81500;101500;4010;5829013;2319;2;;;
395898;20251216;81500;101500;4010;5830056;2319;2;;;
471654;20251002;133000;153000;4024;5807210;2326;2;;;
471653;20250925;133000;153000;4024;5807210;2319;2;;;
395589;20251009;133000;153000;4024;5807210;2316;2;;;
395590;20251016;133000;153000;4024;5807210;2316;2;;;
395597;20251204;133000;153000;4024;5807210;2316;2;;;
471655;20250925;81500;101500;4008;5829215;520;2;;;
471656;20251002;81500;101500;4008;5829215;520;2;;;
471657;20251009;81500;101500;4008;5829215;520;2;;;
471658;20251016;81500;101500;4008;5829215;520;2;;;
471659;20251023;81500;101500;4008;5829215;520;2;;;
471660;20251030;81500;101500;4008;5829215;520;2;;;
471661;20251106;81500;101500;4008;5829215;520;2;;;
471662;20251113;81500;101500;4008;5829215;520;2;;;
471663;20251120;81500;101500;4008;5829215;520;2;;;
471664;20251127;81500;101500;4008;5829215;520;2;;;
471665;20251204;81500;101500;4008;5829215;520;2;;;
471666;20251211;81500;101500;4008;5829215;520;2;;;
471667;20251218;81500;101500;4008;5829215;520;2;;;
471668;20250925;103000;123000;4022;5788367;522;2;;;
471669;20251002;103000;123000;4022;5788367;522;2;;;
471670;20251009;103000;123000;4022;5788367;525;2;;;
471671;20251016;103000;123000;4022;5788367;525;2;;;
471672;20251023;103000;123000;4022;5788367;525;2;;;
471673;20251030;103000;123000;4022;5788367;525;2;;;
471674;20251106;103000;123000;4022;5788367;525;2;;;
471675;20251113;103000;123000;4022;5788367;525;2;;;
471676;20251120;103000;123000;4022;5788367;525;2;;;
471677;20251127;103000;123000;4022;5788367;525;2;;;
471678;20251204;103000;123000;4022;5788367;525;2;;;
471679;20251211;103000;123000;4022;5788367;525;2;;;
471680;20251218;103000;123000;4022;5788367;525;2;;;
426836;20251001;180000;200000;4199;5996131;1125;2;;;
426837;20251008;180000;200000;4199;5996131;1125;2;;;
426838;20251015;180000;200000;4199;5996131;1125;2;;;
426839;20251022;180000;200000;4199;5996131;1125;2;;;
426840;20251029;180000;200000;4199;5996131;1125;2;;;
426841;20251105;180000;200000;4199;5996131;1125;2;;;
426842;20251112;180000;200000;4199;5996131;1125;2;;;
426843;20251119;180000;200000;4199;5996131;1125;2;;;
426844;20251126;180000;200000;4199;5996131;1125;2;;;
426845;20251203;180000;200000;4199;5996131;1125;2;;;
426846;20251210;180000;200000;4199;5996131;1125;2;;;
426847;20251217;180000;200000;4199;5996131;1125;2;;;
394531;20251027;103000;123000;4050;5753214;2322;2;;;
394531;20251027;103000;123000;4050;5976668;2322;2;;;
394535;20251124;103000;123000;4050;5753214;2322;2;;;
394535;20251124;103000;123000;4050;5976668;2322;2;;;
386121;20251002;103000;123000;4048;5976666;525;2;;;
386121;20251002;103000;123000;4048;6115668;525;2;;;
386122;20251009;103000;123000;4048;5976666;521;2;;;
386122;20251009;103000;123000;4048;6115668;521;2;;;
386126;20251106;103000;123000;4048;5976666;2326;2;;;
386126;20251106;103000;123000;4048;6115668;2326;2;;;
386132;20251218;103000;123000;4048;5976666;1622;2;;;
386132;20251218;103000;123000;4048;6115668;1622;2;;;
471465;20251007;123000;153000;4009;5879553;520;2;;;
471466;20251014;123000;153000;4009;5879553;520;2;;;
471467;20251021;123000;153000;4009;5879553;520;2;;;
471468;20251028;123000;153000;4009;5879553;520;2;;;
471469;20251104;123000;153000;4009;5879553;520;2;;;
471473;20251202;123000;153000;4009;5879553;520;2;;;
471475;20251216;123000;153000;4009;5879553;520;2;;;
422753;20260209;81500;101500;4015;5938932;520;2;;;
422948;20260209;81500;101500;4018;5829021;2296;2;;;
424257;20260209;81500;101500;4021;5997879;2322;2;;;
422768;20260209;103000;123000;4015;5829018;520;2;;;
422783;20260209;133000;153000;4015;5829222;520;2;;;
422828;20260209;103000;123000;4015;5997873;2311;2;;;
422844;20260209;133000;153000;4015;5879355;2301;2;;;
423008;20260209;133000;153000;4014;5938931;2317;2;;;
423040;20260209;133000;153000;4014;5829017;2294;2;;;
423203;20260209;91500;101500;4014;5997668;2317;2;;;
423218;20260209;103000;123000;4014;5997668;2317;2;;;
423432;20260209;103000;123000;4018;5938935;2296;2;;;
423490;20260209;133000;153000;4018;5997672;2296;2;;;
423559;20260209;133000;153000;4018;5959457;2293;2;;;
423559;20260209;133000;153000;4018;5879766;2293;2;;;
423665;20260209;133000;153000;4016;5997466;2322;2;;;
423770;20260209;91500;101500;4016;6083382;2968;2;;;
423770;20260209;91500;101500;4016;5879356;2968;2;;;
423785;20260209;103000;123000;4016;6083382;2968;2;;;
423785;20260209;103000;123000;4016;5879356;2968;2;;;
424197;20260209;103000;123000;4021;5997471;2322;2;;;
424317;20260209;133000;153000;4021;5879565;2316;2;;;
427088;20260209;91500;123000;4036;5799591;2294;2;;;
427263;20260209;91500;123000;4037;5872111;2316;2;;;
427371;20260209;133000;174500;4046;5939168;2308;2;;;
427371;20260209;133000;174500;4046;5787984;2308;2;;;
427371;20260209;133000;174500;4046;5796277;2308;2;;;
427446;20260209;91500;123000;4035;5788177;2301;2;;;
427446;20260209;91500;123000;4035;5939157;2301;2;;;
427616;20260209;81500;174500;4043;5937326;2319;2;;;
427641;20260209;81500;174500;4043;5937530;2319;2;;;
437413;20260209;91500;123000;10350;6081343;2302;2;;;
437413;20260209;91500;123000;10350;6082544;2302;2;;;
437413;20260209;91500;123000;10350;6080999;2302;2;;;
422813;20260210;103000;123000;4015;5997669;520;2;;;
423023;20260209;154500;164500;4014;5938931;2317;2;;;
423055;20260209;154500;164500;4014;5829017;2294;2;;;
423101;20260210;91500;101500;4014;5829221;2294;2;;;
423116;20260210;103000;123000;4014;5829221;2294;2;;;
423251;20260210;91500;101500;4014;5997872;2317;2;;;
423266;20260210;103000;123000;4014;5997872;2317;2;;;
423386;20260210;91500;101500;4014;5959453;2296;2;;;
423386;20260210;91500;101500;4014;5879762;2296;2;;;
423401;20260210;103000;123000;4014;5959453;2296;2;;;
423401;20260210;103000;123000;4014;5879762;2296;2;;;
423448;20260209;154500;174500;4018;5829225;2296;2;;;
423544;20260209;154500;174500;4018;5879562;2293;2;;;
423575;20260210;91500;101500;4016;5938933;2968;2;;;
423590;20260210;103000;123000;4016;5938933;2968;2;;;
423680;20260209;154500;164500;4016;5997466;2322;2;;;
423810;20260210;91500;101500;4016;5879560;2293;2;;;
423826;20260210;103000;123000;4016;5879560;2293;2;;;
424362;20260209;154500;174500;4021;5959460;2316;2;;;
424362;20260209;154500;174500;4021;5879769;2316;2;;;
424437;20260210;81500;101500;4017;5997671;2323;2;;;
427466;20260210;91500;123000;4040;5788182;2301;2;;;
427466;20260210;91500;123000;4040;6083407;2301;2;;;
427558;20260210;91500;123000;4039;5788385;2319;2;;;
437352;20260209;133000;174500;10350;6081343;2302;2;;;
437352;20260209;133000;174500;10350;6082544;2302;2;;;
437352;20260209;133000;174500;10350;6080997;2302;2;;;
437352;20260209;133000;174500;10350;6081021;2302;2;;;
468572;20260209;133000;174500;4041;5788183;2968;2;;;
468572;20260209;133000;174500;4041;5788387;2968;2;;;
422798;20260210;133000;153000;4015;5997465;520;2;;;
422859;20260210;154500;174500;4015;5879559;520;2;;;
423296;20260210;133000;153000;4014;5879354;2296;2;;;
423311;20260210;154500;164500;4014;5879354;2296;2;;;
423605;20260210;133000;153000;4016;5829019;2968;2;;;
423620;20260210;154500;164500;4016;5829019;2968;2;;;
423708;20260210;133000;153000;4016;5997670;2294;2;;;
423723;20260210;154500;164500;4016;5997670;2294;2;;;
423852;20260210;133000;153000;4016;5954579;2293;2;;;
423852;20260210;133000;153000;4016;5879764;2293;2;;;
423867;20260210;154500;164500;4016;5954579;2293;2;;;
423867;20260210;154500;164500;4016;5879764;2293;2;;;
424107;20260210;133000;153000;4021;5938938;2301;2;;;
424137;20260210;103000;123000;4021;5829024;2318;2;;;
424167;20260210;133000;153000;4021;5829228;2317;2;;;
424212;20260210;154500;174500;4021;5997471;2322;2;;;
424272;20260210;133000;153000;4021;5997879;2322;2;;;
424287;20260210;103000;123000;4021;5879361;2322;2;;;
424377;20260210;154500;174500;4017;5938934;2319;2;;;
424422;20260210;103000;123000;4017;5997467;2323;2;;;
424482;20260210;133000;153000;4017;5879561;2319;2;;;
424524;20260211;81500;101500;4019;5959458;2317;2;;;
424524;20260211;81500;101500;4019;5997877;2317;2;;;
424524;20260211;81500;101500;4019;5938936;2317;2;;;
424524;20260211;81500;101500;4019;5954582;2317;2;;;
424524;20260211;81500;101500;4019;5879767;2317;2;;;
424524;20260211;81500;101500;4019;5879359;2317;2;;;
424524;20260211;81500;101500;4019;5829022;2317;2;;;
424524;20260211;81500;101500;4019;5997673;2317;2;;;
424524;20260211;81500;101500;4019;5997469;2317;2;;;
424524;20260211;81500;101500;4019;5829226;2317;2;;;
424591;20260211;81500;101500;4020;5829227;2968;2;;;
424591;20260211;81500;101500;4020;5997470;2968;2;;;
424591;20260211;81500;101500;4020;5829023;2968;2;;;
424591;20260211;81500;101500;4020;5997674;2968;2;;;
424591;20260211;81500;101500;4020;5879768;2968;2;;;
424591;20260211;81500;101500;4020;5879360;2968;2;;;
424591;20260211;81500;101500;4020;5938937;2968;2;;;
424591;20260211;81500;101500;4020;5997878;2968;2;;;
427663;20260210;103000;123000;4042;6082347;2291;2;;;
427663;20260210;103000;123000;4042;5937325;2291;2;;;
427717;20260210;133000;153000;4034;5937316;2302;2;;;
427717;20260210;133000;153000;4034;5796264;2302;2;;;
467392;20260210;133000;153000;4034;5788175;2316;2;;;
467392;20260210;133000;153000;4034;5939155;2316;2;;;
423158;20260211;133000;153000;4014;5997464;2322;2;;;
423281;20260211;133000;153000;4014;5997872;2317;2;;;
423356;20260211;91500;101500;4014;5879558;2301;2;;;
423371;20260211;103000;123000;4014;5879558;2301;2;;;
423416;20260211;133000;153000;4014;5959453;2316;2;;;
423416;20260211;133000;153000;4014;5879762;2316;2;;;
424302;20260211;133000;153000;4021;5879361;2301;2;;;
424392;20260211;133000;153000;4017;5829020;2293;2;;;
424407;20260211;133000;153000;4017;5829224;2302;2;;;
424539;20260211;103000;123000;4019;5959458;2317;2;;;
424539;20260211;103000;123000;4019;5997877;2317;2;;;
424539;20260211;103000;123000;4019;5938936;2317;2;;;
424539;20260211;103000;123000;4019;5954582;2317;2;;;
424539;20260211;103000;123000;4019;5879767;2317;2;;;
424539;20260211;103000;123000;4019;5879359;2317;2;;;
424539;20260211;103000;123000;4019;5829022;2317;2;;;
424539;20260211;103000;123000;4019;5997673;2317;2;;;
424539;20260211;103000;123000;4019;5997469;2317;2;;;
424539;20260211;103000;123000;4019;5829226;2317;2;;;
424606;20260211;103000;123000;4020;5829227;2968;2;;;
424606;20260211;103000;123000;4020;5997470;2968;2;;;
424606;20260211;103000;123000;4020;5829023;2968;2;;;
424606;20260211;103000;123000;4020;5997674;2968;2;;;
424606;20260211;103000;123000;4020;5879768;2968;2;;;
424606;20260211;103000;123000;4020;5879360;2968;2;;;
424606;20260211;103000;123000;4020;5938937;2968;2;;;
424606;20260211;103000;123000;4020;5997878;2968;2;;;
426934;20260211;91500;123000;4035;5787973;2291;2;;;
426934;20260211;91500;123000;4035;5807018;2291;2;;;
426956;20260211;133000;164500;4037;5807020;2294;2;;;
426956;20260211;133000;164500;4037;5954601;2294;2;;;
427112;20260211;133000;164500;4035;5807222;2313;2;;;
427112;20260211;133000;164500;4035;5788381;2313;2;;;
427283;20260211;133000;164500;4036;5872110;2319;2;;;
427684;20260211;133000;153000;4042;5937529;2291;2;;;
427684;20260211;133000;153000;4042;6082347;2291;2;;;
427774;20260211;133000;153000;4177;5937465;2308;2;;;
427774;20260211;133000;153000;4177;6082488;2308;2;;;
427839;20260211;103000;123000;4177;5937669;2313;2;;;
437373;20260211;91500;123000;10350;6081343;2316;2;;;
437373;20260211;91500;123000;10350;6082544;2316;2;;;
437373;20260211;91500;123000;10350;6081001;2316;2;;;
437373;20260211;91500;123000;10350;6080998;2316;2;;;
437433;20260211;91500;123000;10350;6081343;2302;2;;;
437433;20260211;91500;123000;10350;6081000;2302;2;;;
437433;20260211;91500;123000;10350;6081044;2302;2;;;
422874;20260212;81500;101500;4015;5959454;520;2;;;
422874;20260212;81500;101500;4015;5879763;520;2;;;
423071;20260212;81500;101500;4014;5829017;2322;2;;;
423086;20260212;103000;123000;4014;5938931;2317;2;;;
423173;20260211;154500;164500;4014;5997464;2322;2;;;
423233;20260212;81500;101500;4014;5997668;2317;2;;;
423326;20260212;81500;101500;4014;5879354;2296;2;;;
423475;20260212;81500;101500;4018;5997468;2316;2;;;
423475;20260212;81500;101500;4018;5959457;2316;2;;;
423505;20260212;81500;101500;4018;5997876;2308;2;;;
424122;20260212;81500;101500;4021;5938938;2301;2;;;
424182;20260211;154500;174500;4021;5829228;2317;2;;;
424332;20260212;81500;101500;4021;5879565;2294;2;;;
424467;20260211;154500;174500;4017;5879357;2293;2;;;
424497;20260211;154500;174500;4017;5954580;2302;2;;;
424497;20260211;154500;174500;4017;5879765;2302;2;;;
427303;20260212;91500;123000;4035;5937522;2293;2;;;
427303;20260212;91500;123000;4035;5872109;2293;2;;;
427506;20260212;81500;123000;4041;5788183;2968;2;;;
427506;20260212;81500;123000;4041;5788387;2968;2;;;
427796;20260211;154500;174500;4042;6082347;2308;2;;;
427796;20260211;154500;174500;4042;5937325;2308;2;;;
437453;20260212;91500;123000;10350;6081343;2319;2;;;
437453;20260212;91500;123000;10350;6081061;2319;2;;;
437453;20260212;91500;123000;10350;6082544;2319;2;;;
437453;20260212;91500;123000;10350;6081045;2319;2;;;
467401;20260211;133000;164500;4039;5788181;2968;2;;;
423143;20260212;103000;123000;4014;5829221;2322;2;;;
423188;20260212;103000;123000;4014;5997464;2302;2;;;
423341;20260212;103000;123000;4014;5879558;2296;2;;;
423520;20260212;103000;123000;4018;5879358;2308;2;;;
423635;20260212;133000;153000;4016;5829223;2968;2;;;
423650;20260212;154500;164500;4016;5829223;2968;2;;;
424152;20260212;103000;123000;4021;5829024;2301;2;;;
424227;20260212;103000;123000;4021;5997675;520;2;;;
424347;20260212;103000;123000;4021;5959460;2294;2;;;
424347;20260212;103000;123000;4021;5879769;2294;2;;;
424452;20260212;103000;123000;4017;5997875;2291;2;;;
424645;20260212;133000;153000;4019;5959458;2317;2;;;
424645;20260212;133000;153000;4019;5997877;2317;2;;;
424645;20260212;133000;153000;4019;5938936;2317;2;;;
424645;20260212;133000;153000;4019;5954582;2317;2;;;
424645;20260212;133000;153000;4019;5879767;2317;2;;;
424645;20260212;133000;153000;4019;5879359;2317;2;;;
424645;20260212;133000;153000;4019;5829022;2317;2;;;
424645;20260212;133000;153000;4019;5997673;2317;2;;;
424645;20260212;133000;153000;4019;5997469;2317;2;;;
424645;20260212;133000;153000;4019;5879563;2317;2;;;
424660;20260212;154500;174500;4019;5959458;2317;2;;;
424660;20260212;154500;174500;4019;5997877;2317;2;;;
424660;20260212;154500;174500;4019;5938936;2317;2;;;
424660;20260212;154500;174500;4019;5954582;2317;2;;;
424660;20260212;154500;174500;4019;5879767;2317;2;;;
424660;20260212;154500;174500;4019;5879359;2317;2;;;
424660;20260212;154500;174500;4019;5829022;2317;2;;;
424660;20260212;154500;174500;4019;5997673;2317;2;;;
424660;20260212;154500;174500;4019;5997469;2317;2;;;
424660;20260212;154500;174500;4019;5879563;2317;2;;;
424676;20260212;133000;153000;4020;5997470;2319;2;;;
424676;20260212;133000;153000;4020;5829023;2319;2;;;
424676;20260212;133000;153000;4020;5879564;2319;2;;;
424676;20260212;133000;153000;4020;5997674;2319;2;;;
424676;20260212;133000;153000;4020;5879768;2319;2;;;
424676;20260212;133000;153000;4020;5879360;2319;2;;;
424676;20260212;133000;153000;4020;5938937;2319;2;;;
424676;20260212;133000;153000;4020;5997878;2319;2;;;
424691;20260212;154500;174500;4020;5997470;2319;2;;;
424691;20260212;154500;174500;4020;5829023;2319;2;;;
424691;20260212;154500;174500;4020;5879564;2319;2;;;
424691;20260212;154500;174500;4020;5997674;2319;2;;;
424691;20260212;154500;174500;4020;5879768;2319;2;;;
424691;20260212;154500;174500;4020;5879360;2319;2;;;
424691;20260212;154500;174500;4020;5938937;2319;2;;;
424691;20260212;154500;174500;4020;5997878;2319;2;;;
426978;20260212;103000;123000;4034;5954597;2316;2;;;
426978;20260212;103000;123000;4034;5807016;2316;2;;;
423738;20260213;91500;101500;4016;5997874;2294;2;;;
423753;20260213;103000;123000;4016;5997874;2294;2;;;
424242;20260213;133000;153000;4021;5997675;2316;2;;;
424720;20260213;81500;101500;4019;5959458;2317;2;;;
424720;20260213;81500;101500;4019;5938936;2317;2;;;
424720;20260213;81500;101500;4019;5954582;2317;2;;;
424720;20260213;81500;101500;4019;5879767;2317;2;;;
424720;20260213;81500;101500;4019;5879359;2317;2;;;
424720;20260213;81500;101500;4019;5829022;2317;2;;;
424720;20260213;81500;101500;4019;5997673;2317;2;;;
424720;20260213;81500;101500;4019;5997469;2317;2;;;
424720;20260213;81500;101500;4019;5829226;2317;2;;;
424720;20260213;81500;101500;4019;5879563;2317;2;;;
424735;20260213;103000;123000;4019;5959458;2317;2;;;
424735;20260213;103000;123000;4019;5938936;2317;2;;;
424735;20260213;103000;123000;4019;5954582;2317;2;;;
424735;20260213;103000;123000;4019;5879767;2317;2;;;
424735;20260213;103000;123000;4019;5879359;2317;2;;;
424735;20260213;103000;123000;4019;5829022;2317;2;;;
424735;20260213;103000;123000;4019;5997673;2317;2;;;
424735;20260213;103000;123000;4019;5997469;2317;2;;;
424735;20260213;103000;123000;4019;5829226;2317;2;;;
424735;20260213;103000;123000;4019;5879563;2317;2;;;
424752;20260213;81500;101500;4020;5829227;2301;2;;;
424752;20260213;81500;101500;4020;5997470;2301;2;;;
424752;20260213;81500;101500;4020;5829023;2301;2;;;
424752;20260213;81500;101500;4020;5879564;2301;2;;;
424752;20260213;81500;101500;4020;5997674;2301;2;;;
424752;20260213;81500;101500;4020;5879768;2301;2;;;
424752;20260213;81500;101500;4020;5879360;2301;2;;;
424752;20260213;81500;101500;4020;5938937;2301;2;;;
424767;20260213;103000;123000;4020;5829227;2301;2;;;
424767;20260213;103000;123000;4020;5997470;2301;2;;;
424767;20260213;103000;123000;4020;5829023;2301;2;;;
424767;20260213;103000;123000;4020;5879564;2301;2;;;
424767;20260213;103000;123000;4020;5997674;2301;2;;;
424767;20260213;103000;123000;4020;5879768;2301;2;;;
424767;20260213;103000;123000;4020;5879360;2301;2;;;
424767;20260213;103000;123000;4020;5938937;2301;2;;;
427050;20260213;91500;123000;4036;5954600;2302;2;;;
427050;20260213;91500;123000;4036;5807019;2302;2;;;
427174;20260213;103000;123000;4034;5788379;2316;2;;;
427174;20260213;103000;123000;4034;5807220;2316;2;;;
427203;20260213;133000;164500;4037;5799592;2302;2;;;
427334;20260213;103000;123000;4034;5872107;2296;2;;;
427334;20260213;103000;123000;4034;5937520;2296;2;;;
427425;20260213;103000;133000;4045;5796276;2322;2;;;
427425;20260213;103000;133000;4045;5939167;2322;2;;;
427425;20260213;103000;133000;4045;5723047;2322;2;;;
427425;20260213;103000;133000;4045;5787983;2322;2;;;
427583;20260213;133000;164500;4040;6083407;2968;2;;;
427583;20260213;133000;164500;4040;5788386;2968;2;;;
427865;20260213;81500;101500;4042;5937529;2313;2;;;
427865;20260213;81500;101500;4042;6082347;2313;2;;;
437393;20260213;133000;174500;10350;6081343;2294;2;;;
437393;20260213;133000;174500;10350;6081035;2294;2;;;
437393;20260213;133000;174500;10350;6082544;2294;2;;;
437393;20260213;133000;174500;10350;6081046;2294;2;;;
467367;20260213;81500;101500;4172;5788114;2316;2;;;
422814;20260217;103000;123000;4015;5997669;520;2;;;
423102;20260217;91500;101500;4014;5829221;2294;2;;;
423117;20260217;103000;123000;4014;5829221;2294;2;;;
423252;20260217;91500;101500;4014;5997872;2317;2;;;
423267;20260217;103000;123000;4014;5997872;2317;2;;;
423387;20260217;91500;101500;4014;5959453;2296;2;;;
423387;20260217;91500;101500;4014;5879762;2296;2;;;
423402;20260217;103000;123000;4014;5959453;2296;2;;;
423402;20260217;103000;123000;4014;5879762;2296;2;;;
423576;20260217;91500;101500;4016;5938933;2968;2;;;
423591;20260217;103000;123000;4016;5938933;2968;2;;;
423811;20260217;91500;101500;4016;5879560;2293;2;;;
423827;20260217;103000;123000;4016;5879560;2293;2;;;
424138;20260217;103000;123000;4021;5829024;2318;2;;;
424288;20260217;103000;123000;4021;5879361;2322;2;;;
424423;20260217;103000;123000;4017;5997467;2323;2;;;
424438;20260217;81500;101500;4017;5997671;2323;2;;;
427467;20260217;91500;123000;4040;5788182;2301;2;;;
427467;20260217;91500;123000;4040;6083407;2301;2;;;
427559;20260217;91500;123000;4039;5788385;2319;2;;;
427664;20260217;103000;123000;4042;6082347;2291;2;;;
427664;20260217;103000;123000;4042;5937325;2291;2;;;
422799;20260217;133000;153000;4015;5997465;520;2;;;
422860;20260217;154500;174500;4015;5879559;520;2;;;
423297;20260217;133000;153000;4014;5879354;2296;2;;;
423312;20260217;154500;164500;4014;5879354;2296;2;;;
423606;20260217;133000;153000;4016;5829019;2968;2;;;
423621;20260217;154500;164500;4016;5829019;2968;2;;;
423709;20260217;133000;153000;4016;5997670;2294;2;;;
423724;20260217;154500;164500;4016;5997670;2294;2;;;
423853;20260217;133000;153000;4016;5954579;2293;2;;;
423853;20260217;133000;153000;4016;5879764;2293;2;;;
423868;20260217;154500;164500;4016;5954579;2293;2;;;
423868;20260217;154500;164500;4016;5879764;2293;2;;;
424108;20260217;133000;153000;4021;5938938;2301;2;;;
424168;20260217;133000;153000;4021;5829228;2317;2;;;
424213;20260217;154500;174500;4021;5997471;2322;2;;;
424273;20260217;133000;153000;4021;5997879;2322;2;;;
424378;20260217;154500;174500;4017;5938934;2319;2;;;
424483;20260217;133000;153000;4017;5879561;2319;2;;;
424525;20260218;81500;101500;4019;5959458;2317;2;;;
424525;20260218;81500;101500;4019;5997877;2317;2;;;
424525;20260218;81500;101500;4019;5938936;2317;2;;;
424525;20260218;81500;101500;4019;5954582;2317;2;;;
424525;20260218;81500;101500;4019;5879767;2317;2;;;
424525;20260218;81500;101500;4019;5879359;2317;2;;;
424525;20260218;81500;101500;4019;5829022;2317;2;;;
424525;20260218;81500;101500;4019;5997673;2317;2;;;
424525;20260218;81500;101500;4019;5997469;2317;2;;;
424525;20260218;81500;101500;4019;5829226;2317;2;;;
427707;20260217;133000;153000;4034;5937316;2302;2;;;
427707;20260217;133000;153000;4034;5796264;2302;2;;;
467375;20260217;133000;153000;4034;5788175;2316;2;;;
467375;20260217;133000;153000;4034;5939155;2316;2;;;
423159;20260218;133000;153000;4014;5997464;2322;2;;;
423282;20260218;133000;153000;4014;5997872;2317;2;;;
423357;20260218;91500;101500;4014;5879558;2301;2;;;
423372;20260218;103000;123000;4014;5879558;2301;2;;;
423417;20260218;133000;153000;4014;5959453;2316;2;;;
423417;20260218;133000;153000;4014;5879762;2316;2;;;
424303;20260218;133000;153000;4021;5879361;2301;2;;;
424393;20260218;133000;153000;4017;5829020;2293;2;;;
424540;20260218;103000;123000;4019;5959458;2317;2;;;
424540;20260218;103000;123000;4019;5997877;2317;2;;;
424540;20260218;103000;123000;4019;5938936;2317;2;;;
424540;20260218;103000;123000;4019;5954582;2317;2;;;
424540;20260218;103000;123000;4019;5879767;2317;2;;;
424540;20260218;103000;123000;4019;5879359;2317;2;;;
424540;20260218;103000;123000;4019;5829022;2317;2;;;
424540;20260218;103000;123000;4019;5997673;2317;2;;;
424540;20260218;103000;123000;4019;5997469;2317;2;;;
424540;20260218;103000;123000;4019;5829226;2317;2;;;
424592;20260218;81500;101500;4020;5829227;2968;2;;;
424592;20260218;81500;101500;4020;5997470;2968;2;;;
424592;20260218;81500;101500;4020;5829023;2968;2;;;
424592;20260218;81500;101500;4020;5997674;2968;2;;;
424592;20260218;81500;101500;4020;5879768;2968;2;;;
424592;20260218;81500;101500;4020;5879360;2968;2;;;
424592;20260218;81500;101500;4020;5938937;2968;2;;;
424592;20260218;81500;101500;4020;5997878;2968;2;;;
424607;20260218;103000;123000;4020;5829227;2968;2;;;
424607;20260218;103000;123000;4020;5997470;2968;2;;;
424607;20260218;103000;123000;4020;5829023;2968;2;;;
424607;20260218;103000;123000;4020;5997674;2968;2;;;
424607;20260218;103000;123000;4020;5879768;2968;2;;;
424607;20260218;103000;123000;4020;5879360;2968;2;;;
424607;20260218;103000;123000;4020;5938937;2968;2;;;
424607;20260218;103000;123000;4020;5997878;2968;2;;;
426935;20260218;91500;123000;4035;5787973;2291;2;;;
426935;20260218;91500;123000;4035;5807018;2291;2;;;
427840;20260218;103000;123000;4177;5937669;2313;2;;;
437374;20260218;91500;123000;10350;6081343;2316;2;;;
437374;20260218;91500;123000;10350;6082544;2316;2;;;
437374;20260218;91500;123000;10350;6081001;2316;2;;;
437374;20260218;91500;123000;10350;6080998;2316;2;;;
437434;20260218;91500;123000;10350;6081343;2302;2;;;
437434;20260218;91500;123000;10350;6081000;2302;2;;;
437434;20260218;91500;123000;10350;6081044;2302;2;;;
422875;20260219;81500;101500;4015;5959454;520;2;;;
422875;20260219;81500;101500;4015;5879763;520;2;;;
423072;20260219;81500;101500;4014;5829017;2322;2;;;
423174;20260218;154500;164500;4014;5997464;2322;2;;;
423234;20260219;81500;101500;4014;5997668;2317;2;;;
423327;20260219;81500;101500;4014;5879354;2296;2;;;
423476;20260219;81500;101500;4018;5997468;2316;2;;;
423476;20260219;81500;101500;4018;5959457;2316;2;;;
423506;20260219;81500;101500;4018;5997876;2308;2;;;
424123;20260219;81500;101500;4021;5938938;2301;2;;;
424183;20260218;154500;174500;4021;5829228;2317;2;;;
424333;20260219;81500;101500;4021;5879565;2294;2;;;
424408;20260218;133000;153000;4017;5829224;2302;2;;;
424468;20260218;154500;174500;4017;5879357;2293;2;;;
424498;20260218;154500;174500;4017;5954580;2302;2;;;
424498;20260218;154500;174500;4017;5879765;2302;2;;;
426957;20260218;133000;164500;4037;5807020;2294;2;;;
426957;20260218;133000;164500;4037;5954601;2294;2;;;
427113;20260218;133000;164500;4035;5807222;2313;2;;;
427113;20260218;133000;164500;4035;5788381;2313;2;;;
427284;20260218;133000;164500;4036;5872110;2319;2;;;
427685;20260218;133000;153000;4042;5937529;2291;2;;;
427685;20260218;133000;153000;4042;6082347;2291;2;;;
427775;20260218;133000;153000;4177;5937465;2308;2;;;
427775;20260218;133000;153000;4177;6082488;2308;2;;;
427797;20260218;154500;174500;4042;6082347;2308;2;;;
427797;20260218;154500;174500;4042;5937325;2308;2;;;
423087;20260219;103000;123000;4014;5938931;2317;2;;;
423144;20260219;103000;123000;4014;5829221;2322;2;;;
423189;20260219;103000;123000;4014;5997464;2302;2;;;
423342;20260219;103000;123000;4014;5879558;2296;2;;;
423521;20260219;103000;123000;4018;5879358;2308;2;;;
423636;20260219;133000;153000;4016;5829223;2968;2;;;
424153;20260219;103000;123000;4021;5829024;2301;2;;;
424228;20260219;103000;123000;4021;5997675;520;2;;;
424348;20260219;103000;123000;4021;5959460;2294;2;;;
424348;20260219;103000;123000;4021;5879769;2294;2;;;
424453;20260219;103000;123000;4017;5997875;2291;2;;;
424646;20260219;133000;153000;4019;5959458;2317;2;;;
424646;20260219;133000;153000;4019;5997877;2317;2;;;
424646;20260219;133000;153000;4019;5938936;2317;2;;;
424646;20260219;133000;153000;4019;5954582;2317;2;;;
424646;20260219;133000;153000;4019;5879767;2317;2;;;
424646;20260219;133000;153000;4019;5879359;2317;2;;;
424646;20260219;133000;153000;4019;5829022;2317;2;;;
424646;20260219;133000;153000;4019;5997673;2317;2;;;
424646;20260219;133000;153000;4019;5997469;2317;2;;;
424646;20260219;133000;153000;4019;5879563;2317;2;;;
424677;20260219;133000;153000;4020;5997470;2319;2;;;
424677;20260219;133000;153000;4020;5829023;2319;2;;;
424677;20260219;133000;153000;4020;5879564;2319;2;;;
424677;20260219;133000;153000;4020;5997674;2319;2;;;
424677;20260219;133000;153000;4020;5879768;2319;2;;;
424677;20260219;133000;153000;4020;5879360;2319;2;;;
424677;20260219;133000;153000;4020;5938937;2319;2;;;
424677;20260219;133000;153000;4020;5997878;2319;2;;;
426989;20260219;103000;123000;4034;5954597;2316;2;;;
426989;20260219;103000;123000;4034;5807016;2316;2;;;
427304;20260219;91500;123000;4035;5937522;2293;2;;;
427304;20260219;91500;123000;4035;5872109;2293;2;;;
427507;20260219;81500;123000;4041;5788183;2968;2;;;
427507;20260219;81500;123000;4041;5788387;2968;2;;;
437454;20260219;91500;123000;10350;6081343;2319;2;;;
437454;20260219;91500;123000;10350;6081061;2319;2;;;
437454;20260219;91500;123000;10350;6082544;2319;2;;;
437454;20260219;91500;123000;10350;6081045;2319;2;;;
423651;20260219;154500;164500;4016;5829223;2968;2;;;
423739;20260220;91500;101500;4016;5997874;2294;2;;;
423754;20260220;103000;123000;4016;5997874;2294;2;;;
424661;20260219;154500;174500;4019;5959458;2317;2;;;
424661;20260219;154500;174500;4019;5997877;2317;2;;;
424661;20260219;154500;174500;4019;5938936;2317;2;;;
424661;20260219;154500;174500;4019;5954582;2317;2;;;
424661;20260219;154500;174500;4019;5879767;2317;2;;;
424661;20260219;154500;174500;4019;5879359;2317;2;;;
424661;20260219;154500;174500;4019;5829022;2317;2;;;
424661;20260219;154500;174500;4019;5997673;2317;2;;;
424661;20260219;154500;174500;4019;5997469;2317;2;;;
424661;20260219;154500;174500;4019;5879563;2317;2;;;
424692;20260219;154500;174500;4020;5997470;2319;2;;;
424692;20260219;154500;174500;4020;5829023;2319;2;;;
424692;20260219;154500;174500;4020;5879564;2319;2;;;
424692;20260219;154500;174500;4020;5997674;2319;2;;;
424692;20260219;154500;174500;4020;5879768;2319;2;;;
424692;20260219;154500;174500;4020;5879360;2319;2;;;
424692;20260219;154500;174500;4020;5938937;2319;2;;;
424692;20260219;154500;174500;4020;5997878;2319;2;;;
424721;20260220;81500;101500;4019;5959458;2317;2;;;
424721;20260220;81500;101500;4019;5938936;2317;2;;;
424721;20260220;81500;101500;4019;5954582;2317;2;;;
424721;20260220;81500;101500;4019;5879767;2317;2;;;
424721;20260220;81500;101500;4019;5879359;2317;2;;;
424721;20260220;81500;101500;4019;5829022;2317;2;;;
424721;20260220;81500;101500;4019;5997673;2317;2;;;
424721;20260220;81500;101500;4019;5997469;2317;2;;;
424721;20260220;81500;101500;4019;5829226;2317;2;;;
424721;20260220;81500;101500;4019;5879563;2317;2;;;
424753;20260220;81500;101500;4020;5829227;2301;2;;;
424753;20260220;81500;101500;4020;5997470;2301;2;;;
424753;20260220;81500;101500;4020;5829023;2301;2;;;
424753;20260220;81500;101500;4020;5879564;2301;2;;;
424753;20260220;81500;101500;4020;5997674;2301;2;;;
424753;20260220;81500;101500;4020;5879768;2301;2;;;
424753;20260220;81500;101500;4020;5879360;2301;2;;;
424753;20260220;81500;101500;4020;5938937;2301;2;;;
427051;20260220;91500;123000;4036;5954600;2302;2;;;
427051;20260220;91500;123000;4036;5807019;2302;2;;;
427866;20260220;81500;101500;4042;5937529;2313;2;;;
427866;20260220;81500;101500;4042;6082347;2313;2;;;
467360;20260220;81500;101500;4172;5788114;2316;2;;;
422755;20260223;81500;101500;4015;5938932;520;2;;;
422950;20260223;81500;101500;4018;5829021;2296;2;;;
423205;20260223;91500;101500;4014;5997668;2317;2;;;
423772;20260223;91500;101500;4016;6083382;2968;2;;;
423772;20260223;91500;101500;4016;5879356;2968;2;;;
424243;20260220;133000;153000;4021;5997675;2316;2;;;
424259;20260223;81500;101500;4021;5997879;2322;2;;;
424736;20260220;103000;123000;4019;5959458;2317;2;;;
424736;20260220;103000;123000;4019;5938936;2317;2;;;
424736;20260220;103000;123000;4019;5954582;2317;2;;;
424736;20260220;103000;123000;4019;5879767;2317;2;;;
424736;20260220;103000;123000;4019;5879359;2317;2;;;
424736;20260220;103000;123000;4019;5829022;2317;2;;;
424736;20260220;103000;123000;4019;5997673;2317;2;;;
424736;20260220;103000;123000;4019;5997469;2317;2;;;
424736;20260220;103000;123000;4019;5829226;2317;2;;;
424736;20260220;103000;123000;4019;5879563;2317;2;;;
424768;20260220;103000;123000;4020;5829227;2301;2;;;
424768;20260220;103000;123000;4020;5997470;2301;2;;;
424768;20260220;103000;123000;4020;5829023;2301;2;;;
424768;20260220;103000;123000;4020;5879564;2301;2;;;
424768;20260220;103000;123000;4020;5997674;2301;2;;;
424768;20260220;103000;123000;4020;5879768;2301;2;;;
424768;20260220;103000;123000;4020;5879360;2301;2;;;
424768;20260220;103000;123000;4020;5938937;2301;2;;;
427090;20260223;91500;123000;4036;5799591;2294;2;;;
427152;20260220;103000;123000;4034;5788379;2316;2;;;
427152;20260220;103000;123000;4034;5807220;2316;2;;;
427204;20260220;133000;164500;4037;5799592;2302;2;;;
427265;20260223;91500;123000;4037;5872111;2316;2;;;
427323;20260220;103000;123000;4034;5872107;2296;2;;;
427323;20260220;103000;123000;4034;5937520;2296;2;;;
427426;20260220;103000;133000;4045;5796276;2322;2;;;
427426;20260220;103000;133000;4045;5939167;2322;2;;;
427426;20260220;103000;133000;4045;5723047;2322;2;;;
427426;20260220;103000;133000;4045;5787983;2322;2;;;
427448;20260223;91500;123000;4035;5788177;2301;2;;;
427448;20260223;91500;123000;4035;5939157;2301;2;;;
427584;20260220;133000;164500;4040;6083407;2968;2;;;
427584;20260220;133000;164500;4040;5788386;2968;2;;;
427618;20260223;81500;174500;4043;5937326;2319;2;;;
427643;20260223;81500;174500;4043;5937530;2319;2;;;
437394;20260220;133000;174500;10350;6081343;2294;2;;;
437394;20260220;133000;174500;10350;6081035;2294;2;;;
437394;20260220;133000;174500;10350;6082544;2294;2;;;
437394;20260220;133000;174500;10350;6081046;2294;2;;;
437415;20260223;91500;123000;10350;6081343;2302;2;;;
437415;20260223;91500;123000;10350;6082544;2302;2;;;
437415;20260223;91500;123000;10350;6080999;2302;2;;;
422770;20260223;103000;123000;4015;5829018;520;2;;;
422785;20260223;133000;153000;4015;5829222;520;2;;;
422830;20260223;103000;123000;4015;5997873;2311;2;;;
422846;20260223;133000;153000;4015;5879355;2301;2;;;
423010;20260223;133000;153000;4014;5938931;2317;2;;;
423025;20260223;154500;164500;4014;5938931;2317;2;;;
423042;20260223;133000;153000;4014;5829017;2294;2;;;
423057;20260223;154500;164500;4014;5829017;2294;2;;;
423220;20260223;103000;123000;4014;5997668;2317;2;;;
423434;20260223;103000;123000;4018;5938935;2296;2;;;
423450;20260223;154500;174500;4018;5829225;2296;2;;;
423492;20260223;133000;153000;4018;5997672;2296;2;;;
423546;20260223;154500;174500;4018;5879562;2293;2;;;
423561;20260223;133000;153000;4018;5959457;2293;2;;;
423561;20260223;133000;153000;4018;5879766;2293;2;;;
423667;20260223;133000;153000;4016;5997466;2322;2;;;
423682;20260223;154500;164500;4016;5997466;2322;2;;;
423787;20260223;103000;123000;4016;6083382;2968;2;;;
423787;20260223;103000;123000;4016;5879356;2968;2;;;
424199;20260223;103000;123000;4021;5997471;2322;2;;;
424319;20260223;133000;153000;4021;5879565;2316;2;;;
424364;20260223;154500;174500;4021;5959460;2316;2;;;
424364;20260223;154500;174500;4021;5879769;2316;2;;;
427373;20260223;133000;174500;4046;5939168;2308;2;;;
427373;20260223;133000;174500;4046;5787984;2308;2;;;
427373;20260223;133000;174500;4046;5796277;2308;2;;;
437354;20260223;133000;174500;10350;6081343;2302;2;;;
437354;20260223;133000;174500;10350;6082544;2302;2;;;
437354;20260223;133000;174500;10350;6080997;2302;2;;;
437354;20260223;133000;174500;10350;6081021;2302;2;;;
468574;20260223;133000;174500;4041;5788183;2968;2;;;
468574;20260223;133000;174500;4041;5788387;2968;2;;;
422800;20260224;133000;153000;4015;5997465;520;2;;;
422815;20260224;103000;123000;4015;5997669;520;2;;;
423103;20260224;91500;101500;4014;5829221;2294;2;;;
423118;20260224;103000;123000;4014;5829221;2294;2;;;
423253;20260224;91500;101500;4014;5997872;2317;2;;;
423268;20260224;103000;123000;4014;5997872;2317;2;;;
423298;20260224;133000;153000;4014;5879354;2296;2;;;
423388;20260224;91500;101500;4014;5959453;2296;2;;;
423388;20260224;91500;101500;4014;5879762;2296;2;;;
423403;20260224;103000;123000;4014;5959453;2296;2;;;
423403;20260224;103000;123000;4014;5879762;2296;2;;;
423577;20260224;91500;101500;4016;5938933;2968;2;;;
423592;20260224;103000;123000;4016;5938933;2968;2;;;
423607;20260224;133000;153000;4016;5829019;2968;2;;;
423710;20260224;133000;153000;4016;5997670;2294;2;;;
423812;20260224;91500;101500;4016;5879560;2293;2;;;
423828;20260224;103000;123000;4016;5879560;2293;2;;;
423854;20260224;133000;153000;4016;5954579;2293;2;;;
423854;20260224;133000;153000;4016;5879764;2293;2;;;
424109;20260224;133000;153000;4021;5938938;2301;2;;;
424139;20260224;103000;123000;4021;5829024;2318;2;;;
424169;20260224;133000;153000;4021;5829228;2317;2;;;
424274;20260224;133000;153000;4021;5997879;2322;2;;;
424289;20260224;103000;123000;4021;5879361;2322;2;;;
424424;20260224;103000;123000;4017;5997467;2323;2;;;
424439;20260224;81500;101500;4017;5997671;2323;2;;;
427468;20260224;91500;123000;4040;5788182;2301;2;;;
427468;20260224;91500;123000;4040;6083407;2301;2;;;
427560;20260224;91500;123000;4039;5788385;2319;2;;;
427665;20260224;103000;123000;4042;6082347;2291;2;;;
427665;20260224;103000;123000;4042;5937325;2291;2;;;
422861;20260224;154500;174500;4015;5879559;520;2;;;
423313;20260224;154500;164500;4014;5879354;2296;2;;;
423358;20260225;91500;101500;4014;5879558;1622;2;;;
423622;20260224;154500;164500;4016;5829019;2968;2;;;
423725;20260224;154500;164500;4016;5997670;2294;2;;;
423869;20260224;154500;164500;4016;5954579;2293;2;;;
423869;20260224;154500;164500;4016;5879764;2293;2;;;
424214;20260224;154500;174500;4021;5997471;2322;2;;;
424379;20260224;154500;174500;4017;5938934;2319;2;;;
424484;20260224;133000;153000;4017;5879561;2319;2;;;
424526;20260225;81500;101500;4019;5959458;2317;2;;;
424526;20260225;81500;101500;4019;5997877;2317;2;;;
424526;20260225;81500;101500;4019;5938936;2317;2;;;
424526;20260225;81500;101500;4019;5954582;2317;2;;;
424526;20260225;81500;101500;4019;5879767;2317;2;;;
424526;20260225;81500;101500;4019;5879359;2317;2;;;
424526;20260225;81500;101500;4019;5829022;2317;2;;;
424526;20260225;81500;101500;4019;5997673;2317;2;;;
424526;20260225;81500;101500;4019;5997469;2317;2;;;
424526;20260225;81500;101500;4019;5829226;2317;2;;;
424593;20260225;81500;101500;4020;5829227;2968;2;;;
424593;20260225;81500;101500;4020;5997470;2968;2;;;
424593;20260225;81500;101500;4020;5829023;2968;2;;;
424593;20260225;81500;101500;4020;5997674;2968;2;;;
424593;20260225;81500;101500;4020;5879768;2968;2;;;
424593;20260225;81500;101500;4020;5879360;2968;2;;;
424593;20260225;81500;101500;4020;5938937;2968;2;;;
424593;20260225;81500;101500;4020;5997878;2968;2;;;
426936;20260225;91500;123000;4035;5787973;2291;2;;;
426936;20260225;91500;123000;4035;5807018;2291;2;;;
427718;20260224;133000;153000;4034;5937316;2302;2;;;
427718;20260224;133000;153000;4034;5796264;2302;2;;;
437375;20260225;91500;123000;10350;6081343;2316;2;;;
437375;20260225;91500;123000;10350;6082544;2316;2;;;
437375;20260225;91500;123000;10350;6081001;2316;2;;;
437375;20260225;91500;123000;10350;6080998;2316;2;;;
437435;20260225;91500;123000;10350;6081343;2302;2;;;
437435;20260225;91500;123000;10350;6081000;2302;2;;;
437435;20260225;91500;123000;10350;6081044;2302;2;;;
467393;20260224;133000;153000;4034;5788175;2316;2;;;
467393;20260224;133000;153000;4034;5939155;2316;2;;;
423160;20260225;133000;153000;4014;5997464;2322;2;;;
423175;20260225;154500;164500;4014;5997464;2322;2;;;
423283;20260225;133000;153000;4014;5997872;2317;2;;;
423373;20260225;103000;123000;4014;5879558;1622;2;;;
423418;20260225;133000;153000;4014;5959453;2316;2;;;
423418;20260225;133000;153000;4014;5879762;2316;2;;;
424184;20260225;154500;174500;4021;5829228;2317;2;;;
424394;20260225;133000;153000;4017;5829020;2293;2;;;
424409;20260225;133000;153000;4017;5829224;2302;2;;;
424469;20260225;154500;174500;4017;5879357;2293;2;;;
424499;20260225;154500;174500;4017;5954580;2302;2;;;
424499;20260225;154500;174500;4017;5879765;2302;2;;;
424541;20260225;103000;123000;4019;5959458;2317;2;;;
424541;20260225;103000;123000;4019;5997877;2317;2;;;
424541;20260225;103000;123000;4019;5938936;2317;2;;;
424541;20260225;103000;123000;4019;5954582;2317;2;;;
424541;20260225;103000;123000;4019;5879767;2317;2;;;
424541;20260225;103000;123000;4019;5879359;2317;2;;;
424541;20260225;103000;123000;4019;5829022;2317;2;;;
424541;20260225;103000;123000;4019;5997673;2317;2;;;
424541;20260225;103000;123000;4019;5997469;2317;2;;;
424541;20260225;103000;123000;4019;5829226;2317;2;;;
424608;20260225;103000;123000;4020;5829227;2968;2;;;
424608;20260225;103000;123000;4020;5997470;2968;2;;;
424608;20260225;103000;123000;4020;5829023;2968;2;;;
424608;20260225;103000;123000;4020;5997674;2968;2;;;
424608;20260225;103000;123000;4020;5879768;2968;2;;;
424608;20260225;103000;123000;4020;5879360;2968;2;;;
424608;20260225;103000;123000;4020;5938937;2968;2;;;
424608;20260225;103000;123000;4020;5997878;2968;2;;;
426958;20260225;133000;164500;4037;5807020;2294;2;;;
426958;20260225;133000;164500;4037;5954601;2294;2;;;
427114;20260225;133000;164500;4035;5807222;2313;2;;;
427114;20260225;133000;164500;4035;5788381;2313;2;;;
427285;20260225;133000;164500;4036;5872110;2319;2;;;
427686;20260225;133000;153000;4042;5937529;2291;2;;;
427686;20260225;133000;153000;4042;6082347;2291;2;;;
427776;20260225;133000;153000;4177;5937465;2308;2;;;
427776;20260225;133000;153000;4177;6082488;2308;2;;;
427798;20260225;154500;174500;4042;6082347;2308;2;;;
427798;20260225;154500;174500;4042;5937325;2308;2;;;
427841;20260225;103000;123000;4177;5937669;2313;2;;;
467403;20260225;133000;164500;4039;5788181;2968;2;;;
422876;20260226;81500;101500;4015;5959454;520;2;;;
422876;20260226;81500;101500;4015;5879763;520;2;;;
423073;20260226;81500;101500;4014;5829017;2322;2;;;
423088;20260226;103000;123000;4014;5938931;2317;2;;;
423145;20260226;103000;123000;4014;5829221;2322;2;;;
423190;20260226;103000;123000;4014;5997464;2302;2;;;
423235;20260226;81500;101500;4014;5997668;2317;2;;;
423328;20260226;81500;101500;4014;5879354;2296;2;;;
423343;20260226;103000;123000;4014;5879558;2296;2;;;
423477;20260226;81500;101500;4018;5997468;2316;2;;;
423477;20260226;81500;101500;4018;5959457;2316;2;;;
423507;20260226;81500;101500;4018;5997876;2308;2;;;
423522;20260226;103000;123000;4018;5879358;2308;2;;;
423637;20260226;133000;153000;4016;5829223;2968;2;;;
424124;20260226;81500;101500;4021;5938938;2301;2;;;
424154;20260226;103000;123000;4021;5829024;2301;2;;;
424229;20260226;103000;123000;4021;5997675;520;2;;;
424334;20260226;81500;101500;4021;5879565;2294;2;;;
424349;20260226;103000;123000;4021;5959460;2294;2;;;
424349;20260226;103000;123000;4021;5879769;2294;2;;;
424454;20260226;103000;123000;4017;5997875;2291;2;;;
426979;20260226;103000;123000;4034;5954597;2316;2;;;
426979;20260226;103000;123000;4034;5807016;2316;2;;;
427305;20260226;91500;123000;4035;5937522;2293;2;;;
427305;20260226;91500;123000;4035;5872109;2293;2;;;
427508;20260226;81500;123000;4041;5788183;2968;2;;;
427508;20260226;81500;123000;4041;5788387;2968;2;;;
437455;20260226;91500;123000;10350;6081343;2319;2;;;
437455;20260226;91500;123000;10350;6081061;2319;2;;;
437455;20260226;91500;123000;10350;6082544;2319;2;;;
437455;20260226;91500;123000;10350;6081045;2319;2;;;
423652;20260226;154500;164500;4016;5829223;2968;2;;;
423740;20260227;91500;101500;4016;5997874;2294;2;;;
424647;20260226;133000;153000;4019;5959458;2317;2;;;
424647;20260226;133000;153000;4019;5997877;2317;2;;;
424647;20260226;133000;153000;4019;5938936;2317;2;;;
424647;20260226;133000;153000;4019;5954582;2317;2;;;
424647;20260226;133000;153000;4019;5879767;2317;2;;;
424647;20260226;133000;153000;4019;5879359;2317;2;;;
424647;20260226;133000;153000;4019;5829022;2317;2;;;
424647;20260226;133000;153000;4019;5997673;2317;2;;;
424647;20260226;133000;153000;4019;5997469;2317;2;;;
424647;20260226;133000;153000;4019;5879563;2317;2;;;
424662;20260226;154500;174500;4019;5959458;2317;2;;;
424662;20260226;154500;174500;4019;5997877;2317;2;;;
424662;20260226;154500;174500;4019;5938936;2317;2;;;
424662;20260226;154500;174500;4019;5954582;2317;2;;;
424662;20260226;154500;174500;4019;5879767;2317;2;;;
424662;20260226;154500;174500;4019;5879359;2317;2;;;
424662;20260226;154500;174500;4019;5829022;2317;2;;;
424662;20260226;154500;174500;4019;5997673;2317;2;;;
424662;20260226;154500;174500;4019;5997469;2317;2;;;
424662;20260226;154500;174500;4019;5879563;2317;2;;;
424678;20260226;133000;153000;4020;5997470;2319;2;;;
424678;20260226;133000;153000;4020;5829023;2319;2;;;
424678;20260226;133000;153000;4020;5879564;2319;2;;;
424678;20260226;133000;153000;4020;5997674;2319;2;;;
424678;20260226;133000;153000;4020;5879768;2319;2;;;
424678;20260226;133000;153000;4020;5879360;2319;2;;;
424678;20260226;133000;153000;4020;5938937;2319;2;;;
424678;20260226;133000;153000;4020;5997878;2319;2;;;
424693;20260226;154500;174500;4020;5997470;2319;2;;;
424693;20260226;154500;174500;4020;5829023;2319;2;;;
424693;20260226;154500;174500;4020;5879564;2319;2;;;
424693;20260226;154500;174500;4020;5997674;2319;2;;;
424693;20260226;154500;174500;4020;5879768;2319;2;;;
424693;20260226;154500;174500;4020;5879360;2319;2;;;
424693;20260226;154500;174500;4020;5938937;2319;2;;;
424693;20260226;154500;174500;4020;5997878;2319;2;;;
424722;20260227;81500;101500;4019;5959458;2317;2;;;
424722;20260227;81500;101500;4019;5938936;2317;2;;;
424722;20260227;81500;101500;4019;5954582;2317;2;;;
424722;20260227;81500;101500;4019;5879767;2317;2;;;
424722;20260227;81500;101500;4019;5879359;2317;2;;;
424722;20260227;81500;101500;4019;5829022;2317;2;;;
424722;20260227;81500;101500;4019;5997673;2317;2;;;
424722;20260227;81500;101500;4019;5997469;2317;2;;;
424722;20260227;81500;101500;4019;5829226;2317;2;;;
424722;20260227;81500;101500;4019;5879563;2317;2;;;
424754;20260227;81500;101500;4020;5829227;2301;2;;;
424754;20260227;81500;101500;4020;5997470;2301;2;;;
424754;20260227;81500;101500;4020;5829023;2301;2;;;
424754;20260227;81500;101500;4020;5879564;2301;2;;;
424754;20260227;81500;101500;4020;5997674;2301;2;;;
424754;20260227;81500;101500;4020;5879768;2301;2;;;
424754;20260227;81500;101500;4020;5879360;2301;2;;;
424754;20260227;81500;101500;4020;5938937;2301;2;;;
427867;20260227;81500;101500;4042;5937529;2313;2;;;
427867;20260227;81500;101500;4042;6082347;2313;2;;;
467368;20260227;81500;101500;4172;5788114;2316;2;;;
422756;20260302;81500;101500;4015;5938932;520;2;;;
422951;20260302;81500;101500;4018;5829021;2296;2;;;
423206;20260302;91500;101500;4014;5997668;2317;2;;;
423755;20260227;103000;123000;4016;5997874;2294;2;;;
423773;20260302;91500;101500;4016;6083382;2968;2;;;
423773;20260302;91500;101500;4016;5879356;2968;2;;;
424244;20260227;133000;153000;4021;5997675;2316;2;;;
424260;20260302;81500;101500;4021;5997879;2322;2;;;
424737;20260227;103000;123000;4019;5959458;2317;2;;;
424737;20260227;103000;123000;4019;5938936;2317;2;;;
424737;20260227;103000;123000;4019;5954582;2317;2;;;
424737;20260227;103000;123000;4019;5879767;2317;2;;;
424737;20260227;103000;123000;4019;5879359;2317;2;;;
424737;20260227;103000;123000;4019;5829022;2317;2;;;
424737;20260227;103000;123000;4019;5997673;2317;2;;;
424737;20260227;103000;123000;4019;5997469;2317;2;;;
424737;20260227;103000;123000;4019;5829226;2317;2;;;
424737;20260227;103000;123000;4019;5879563;2317;2;;;
424769;20260227;103000;123000;4020;5829227;2301;2;;;
424769;20260227;103000;123000;4020;5997470;2301;2;;;
424769;20260227;103000;123000;4020;5829023;2301;2;;;
424769;20260227;103000;123000;4020;5879564;2301;2;;;
424769;20260227;103000;123000;4020;5997674;2301;2;;;
424769;20260227;103000;123000;4020;5879768;2301;2;;;
424769;20260227;103000;123000;4020;5879360;2301;2;;;
424769;20260227;103000;123000;4020;5938937;2301;2;;;
427052;20260227;91500;123000;4036;5954600;2302;2;;;
427052;20260227;91500;123000;4036;5807019;2302;2;;;
427091;20260302;91500;123000;4036;5799591;2294;2;;;
427175;20260227;103000;123000;4034;5788379;2316;2;;;
427175;20260227;103000;123000;4034;5807220;2316;2;;;
427205;20260227;133000;164500;4037;5799592;2302;2;;;
427266;20260302;91500;123000;4037;5872111;2316;2;;;
427335;20260227;103000;123000;4034;5872107;2296;2;;;
427335;20260227;103000;123000;4034;5937520;2296;2;;;
427427;20260227;103000;133000;4045;5796276;2322;2;;;
427427;20260227;103000;133000;4045;5939167;2322;2;;;
427427;20260227;103000;133000;4045;5723047;2322;2;;;
427427;20260227;103000;133000;4045;5787983;2322;2;;;
427449;20260302;91500;123000;4035;5788177;2301;2;;;
427449;20260302;91500;123000;4035;5939157;2301;2;;;
427585;20260227;133000;164500;4040;6083407;2968;2;;;
427585;20260227;133000;164500;4040;5788386;2968;2;;;
427619;20260302;81500;174500;4043;5937326;2319;2;;;
427644;20260302;81500;174500;4043;5937530;2319;2;;;
437395;20260227;133000;174500;10350;6081343;2294;2;;;
437395;20260227;133000;174500;10350;6081035;2294;2;;;
437395;20260227;133000;174500;10350;6082544;2294;2;;;
437395;20260227;133000;174500;10350;6081046;2294;2;;;
422771;20260302;103000;123000;4015;5829018;520;2;;;
422786;20260302;133000;153000;4015;5829222;520;2;;;
422831;20260302;103000;123000;4015;5997873;2311;2;;;
422847;20260302;133000;153000;4015;5879355;2301;2;;;
423011;20260302;133000;153000;4014;5938931;2317;2;;;
423026;20260302;154500;164500;4014;5938931;2317;2;;;
423043;20260302;133000;153000;4014;5829017;2294;2;;;
423058;20260302;154500;164500;4014;5829017;2294;2;;;
423221;20260302;103000;123000;4014;5997668;2317;2;;;
423435;20260302;103000;123000;4018;5938935;2296;2;;;
423493;20260302;133000;153000;4018;5997672;2296;2;;;
423562;20260302;133000;153000;4018;5959457;2293;2;;;
423562;20260302;133000;153000;4018;5879766;2293;2;;;
423668;20260302;133000;153000;4016;5997466;2322;2;;;
423683;20260302;154500;164500;4016;5997466;2322;2;;;
423788;20260302;103000;123000;4016;6083382;2968;2;;;
423788;20260302;103000;123000;4016;5879356;2968;2;;;
424200;20260302;103000;123000;4021;5997471;2322;2;;;
424320;20260302;133000;153000;4021;5879565;2316;2;;;
427374;20260302;133000;174500;4046;5939168;2308;2;;;
427374;20260302;133000;174500;4046;5787984;2308;2;;;
427374;20260302;133000;174500;4046;5796277;2308;2;;;
437355;20260302;133000;174500;10350;6081343;2302;2;;;
437355;20260302;133000;174500;10350;6082544;2302;2;;;
437355;20260302;133000;174500;10350;6080997;2302;2;;;
437355;20260302;133000;174500;10350;6081021;2302;2;;;
437416;20260302;91500;123000;10350;6081343;2302;2;;;
437416;20260302;91500;123000;10350;6082544;2302;2;;;
437416;20260302;91500;123000;10350;6080999;2302;2;;;
468575;20260302;133000;174500;4041;5788183;2968;2;;;
468575;20260302;133000;174500;4041;5788387;2968;2;;;
422816;20260303;103000;123000;4015;5997669;520;2;;;
423104;20260303;91500;101500;4014;5829221;2294;2;;;
423119;20260303;103000;123000;4014;5829221;2294;2;;;
423254;20260303;91500;101500;4014;5997872;2317;2;;;
423269;20260303;103000;123000;4014;5997872;2317;2;;;
423389;20260303;91500;101500;4014;5959453;2296;2;;;
423389;20260303;91500;101500;4014;5879762;2296;2;;;
423404;20260303;103000;123000;4014;5959453;2296;2;;;
423404;20260303;103000;123000;4014;5879762;2296;2;;;
423451;20260302;154500;174500;4018;5829225;2296;2;;;
423547;20260302;154500;174500;4018;5879562;2293;2;;;
423578;20260303;91500;101500;4016;5938933;2968;2;;;
423593;20260303;103000;123000;4016;5938933;2968;2;;;
423813;20260303;91500;101500;4016;5879560;2293;2;;;
423829;20260303;103000;123000;4016;5879560;2293;2;;;
424140;20260303;103000;123000;4021;5829024;2318;2;;;
424290;20260303;103000;123000;4021;5879361;2322;2;;;
424365;20260302;154500;174500;4021;5959460;2316;2;;;
424365;20260302;154500;174500;4021;5879769;2316;2;;;
424425;20260303;103000;123000;4017;5997467;2323;2;;;
424440;20260303;81500;101500;4017;5997671;2323;2;;;
427469;20260303;91500;123000;4040;5788182;2301;2;;;
427469;20260303;91500;123000;4040;6083407;2301;2;;;
427561;20260303;91500;123000;4039;5788385;2319;2;;;
427666;20260303;103000;123000;4042;6082347;2291;2;;;
427666;20260303;103000;123000;4042;5937325;2291;2;;;
422801;20260303;133000;153000;4015;5997465;520;2;;;
422862;20260303;154500;174500;4015;5879559;520;2;;;
423299;20260303;133000;153000;4014;5879354;2296;2;;;
423314;20260303;154500;164500;4014;5879354;2296;2;;;
423608;20260303;133000;153000;4016;5829019;2968;2;;;
423623;20260303;154500;164500;4016;5829019;2968;2;;;
423711;20260303;133000;153000;4016;5997670;2294;2;;;
423726;20260303;154500;164500;4016;5997670;2294;2;;;
423855;20260303;133000;153000;4016;5954579;2293;2;;;
423855;20260303;133000;153000;4016;5879764;2293;2;;;
423870;20260303;154500;164500;4016;5954579;2293;2;;;
423870;20260303;154500;164500;4016;5879764;2293;2;;;
424110;20260303;133000;153000;4021;5938938;2301;2;;;
424170;20260303;133000;153000;4021;5829228;2317;2;;;
424215;20260303;154500;174500;4021;5997471;2322;2;;;
424275;20260303;133000;153000;4021;5997879;2322;2;;;
424380;20260303;154500;174500;4017;5938934;2319;2;;;
424485;20260303;133000;153000;4017;5879561;2319;2;;;
424527;20260304;81500;101500;4019;5959458;2317;2;;;
424527;20260304;81500;101500;4019;5997877;2317;2;;;
424527;20260304;81500;101500;4019;5938936;2317;2;;;
424527;20260304;81500;101500;4019;5954582;2317;2;;;
424527;20260304;81500;101500;4019;5879767;2317;2;;;
424527;20260304;81500;101500;4019;5879359;2317;2;;;
424527;20260304;81500;101500;4019;5829022;2317;2;;;
424527;20260304;81500;101500;4019;5997673;2317;2;;;
424527;20260304;81500;101500;4019;5997469;2317;2;;;
424527;20260304;81500;101500;4019;5829226;2317;2;;;
424594;20260304;81500;101500;4020;5829227;2968;2;;;
424594;20260304;81500;101500;4020;5997470;2968;2;;;
424594;20260304;81500;101500;4020;5829023;2968;2;;;
424594;20260304;81500;101500;4020;5997674;2968;2;;;
424594;20260304;81500;101500;4020;5879768;2968;2;;;
424594;20260304;81500;101500;4020;5879360;2968;2;;;
424594;20260304;81500;101500;4020;5938937;2968;2;;;
424594;20260304;81500;101500;4020;5997878;2968;2;;;
427708;20260303;133000;153000;4034;5937316;2302;2;;;
427708;20260303;133000;153000;4034;5796264;2302;2;;;
467376;20260303;133000;153000;4034;5788175;2316;2;;;
467376;20260303;133000;153000;4034;5939155;2316;2;;;
423161;20260304;133000;153000;4014;5997464;2322;2;;;
423284;20260304;133000;153000;4014;5997872;2317;2;;;
423359;20260304;91500;101500;4014;5879558;2301;2;;;
423374;20260304;103000;123000;4014;5879558;2301;2;;;
423419;20260304;133000;153000;4014;5959453;2316;2;;;
423419;20260304;133000;153000;4014;5879762;2316;2;;;
424305;20260304;133000;153000;4021;5879361;2301;2;;;
424395;20260304;133000;153000;4017;5829020;2293;2;;;
424410;20260304;133000;153000;4017;5829224;2302;2;;;
424542;20260304;103000;123000;4019;5959458;2317;2;;;
424542;20260304;103000;123000;4019;5997877;2317;2;;;
424542;20260304;103000;123000;4019;5938936;2317;2;;;
424542;20260304;103000;123000;4019;5954582;2317;2;;;
424542;20260304;103000;123000;4019;5879767;2317;2;;;
424542;20260304;103000;123000;4019;5879359;2317;2;;;
424542;20260304;103000;123000;4019;5829022;2317;2;;;
424542;20260304;103000;123000;4019;5997673;2317;2;;;
424542;20260304;103000;123000;4019;5997469;2317;2;;;
424542;20260304;103000;123000;4019;5829226;2317;2;;;
424609;20260304;103000;123000;4020;5829227;2968;2;;;
424609;20260304;103000;123000;4020;5997470;2968;2;;;
424609;20260304;103000;123000;4020;5829023;2968;2;;;
424609;20260304;103000;123000;4020;5997674;2968;2;;;
424609;20260304;103000;123000;4020;5879768;2968;2;;;
424609;20260304;103000;123000;4020;5879360;2968;2;;;
424609;20260304;103000;123000;4020;5938937;2968;2;;;
424609;20260304;103000;123000;4020;5997878;2968;2;;;
426937;20260304;91500;123000;4035;5787973;2291;2;;;
426937;20260304;91500;123000;4035;5807018;2291;2;;;
426959;20260304;133000;164500;4037;5807020;2294;2;;;
426959;20260304;133000;164500;4037;5954601;2294;2;;;
427115;20260304;133000;164500;4035;5807222;2313;2;;;
427115;20260304;133000;164500;4035;5788381;2313;2;;;
427286;20260304;133000;164500;4036;5872110;2319;2;;;
427687;20260304;133000;153000;4042;5937529;2291;2;;;
427687;20260304;133000;153000;4042;6082347;2291;2;;;
427777;20260304;133000;153000;4177;5937465;2308;2;;;
427777;20260304;133000;153000;4177;6082488;2308;2;;;
427842;20260304;103000;123000;4177;5937669;2313;2;;;
437376;20260304;91500;123000;10350;6081343;2316;2;;;
437376;20260304;91500;123000;10350;6082544;2316;2;;;
437376;20260304;91500;123000;10350;6081001;2316;2;;;
437376;20260304;91500;123000;10350;6080998;2316;2;;;
437436;20260304;91500;123000;10350;6081343;2302;2;;;
437436;20260304;91500;123000;10350;6081000;2302;2;;;
437436;20260304;91500;123000;10350;6081044;2302;2;;;
467404;20260304;133000;164500;4039;5788181;2968;2;;;
422877;20260305;81500;101500;4015;5959454;520;2;;;
422877;20260305;81500;101500;4015;5879763;520;2;;;
423074;20260305;81500;101500;4014;5829017;2322;2;;;
423089;20260305;103000;123000;4014;5938931;2317;2;;;
423176;20260304;154500;164500;4014;5997464;2322;2;;;
423236;20260305;81500;101500;4014;5997668;2317;2;;;
423329;20260305;81500;101500;4014;5879354;2296;2;;;
423478;20260305;81500;101500;4018;5997468;2316;2;;;
423478;20260305;81500;101500;4018;5959457;2316;2;;;
423508;20260305;81500;101500;4018;5997876;2308;2;;;
424125;20260305;81500;101500;4021;5938938;2301;2;;;
424185;20260304;154500;174500;4021;5829228;2317;2;;;
424335;20260305;81500;101500;4021;5879565;2294;2;;;
424470;20260304;154500;174500;4017;5879357;2293;2;;;
424500;20260304;154500;174500;4017;5954580;2302;2;;;
424500;20260304;154500;174500;4017;5879765;2302;2;;;
427306;20260305;91500;123000;4035;5937522;2293;2;;;
427306;20260305;91500;123000;4035;5872109;2293;2;;;
427509;20260305;81500;123000;4041;5788183;2968;2;;;
427509;20260305;81500;123000;4041;5788387;2968;2;;;
427799;20260304;154500;174500;4042;6082347;2308;2;;;
427799;20260304;154500;174500;4042;5937325;2308;2;;;
437456;20260305;91500;123000;10350;6081343;2319;2;;;
437456;20260305;91500;123000;10350;6081061;2319;2;;;
437456;20260305;91500;123000;10350;6082544;2319;2;;;
437456;20260305;91500;123000;10350;6081045;2319;2;;;
423146;20260305;103000;123000;4014;5829221;2322;2;;;
423191;20260305;103000;123000;4014;5997464;2302;2;;;
423344;20260305;103000;123000;4014;5879558;2296;2;;;
423523;20260305;103000;123000;4018;5879358;2308;2;;;
423638;20260305;133000;153000;4016;5829223;2968;2;;;
423653;20260305;154500;164500;4016;5829223;2968;2;;;
424155;20260305;103000;123000;4021;5829024;2301;2;;;
424230;20260305;103000;123000;4021;5997675;520;2;;;
424350;20260305;103000;123000;4021;5959460;2294;2;;;
424350;20260305;103000;123000;4021;5879769;2294;2;;;
424455;20260305;103000;123000;4017;5997875;2291;2;;;
424648;20260305;133000;153000;4019;5959458;2317;2;;;
424648;20260305;133000;153000;4019;5997877;2317;2;;;
424648;20260305;133000;153000;4019;5938936;2317;2;;;
424648;20260305;133000;153000;4019;5954582;2317;2;;;
424648;20260305;133000;153000;4019;5879767;2317;2;;;
424648;20260305;133000;153000;4019;5879359;2317;2;;;
424648;20260305;133000;153000;4019;5829022;2317;2;;;
424648;20260305;133000;153000;4019;5997673;2317;2;;;
424648;20260305;133000;153000;4019;5997469;2317;2;;;
424648;20260305;133000;153000;4019;5879563;2317;2;;;
424663;20260305;154500;174500;4019;5959458;2317;2;;;
424663;20260305;154500;174500;4019;5997877;2317;2;;;
424663;20260305;154500;174500;4019;5938936;2317;2;;;
424663;20260305;154500;174500;4019;5954582;2317;2;;;
424663;20260305;154500;174500;4019;5879767;2317;2;;;
424663;20260305;154500;174500;4019;5879359;2317;2;;;
424663;20260305;154500;174500;4019;5829022;2317;2;;;
424663;20260305;154500;174500;4019;5997673;2317;2;;;
424663;20260305;154500;174500;4019;5997469;2317;2;;;
424663;20260305;154500;174500;4019;5879563;2317;2;;;
424679;20260305;133000;153000;4020;5997470;2319;2;;;
424679;20260305;133000;153000;4020;5829023;2319;2;;;
424679;20260305;133000;153000;4020;5879564;2319;2;;;
424679;20260305;133000;153000;4020;5997674;2319;2;;;
424679;20260305;133000;153000;4020;5879768;2319;2;;;
424679;20260305;133000;153000;4020;5879360;2319;2;;;
424679;20260305;133000;153000;4020;5938937;2319;2;;;
424679;20260305;133000;153000;4020;5997878;2319;2;;;
424694;20260305;154500;174500;4020;5997470;2319;2;;;
424694;20260305;154500;174500;4020;5829023;2319;2;;;
424694;20260305;154500;174500;4020;5879564;2319;2;;;
424694;20260305;154500;174500;4020;5997674;2319;2;;;
424694;20260305;154500;174500;4020;5879768;2319;2;;;
424694;20260305;154500;174500;4020;5879360;2319;2;;;
424694;20260305;154500;174500;4020;5938937;2319;2;;;
424694;20260305;154500;174500;4020;5997878;2319;2;;;
426990;20260305;103000;123000;4034;5954597;2316;2;;;
426990;20260305;103000;123000;4034;5807016;2316;2;;;
423741;20260306;91500;101500;4016;5997874;2294;2;;;
423756;20260306;103000;123000;4016;5997874;2294;2;;;
424245;20260306;133000;153000;4021;5997675;2316;2;;;
424723;20260306;81500;101500;4019;5959458;2317;2;;;
424723;20260306;81500;101500;4019;5938936;2317;2;;;
424723;20260306;81500;101500;4019;5954582;2317;2;;;
424723;20260306;81500;101500;4019;5879767;2317;2;;;
424723;20260306;81500;101500;4019;5879359;2317;2;;;
424723;20260306;81500;101500;4019;5829022;2317;2;;;
424723;20260306;81500;101500;4019;5997673;2317;2;;;
424723;20260306;81500;101500;4019;5997469;2317;2;;;
424723;20260306;81500;101500;4019;5829226;2317;2;;;
424723;20260306;81500;101500;4019;5879563;2317;2;;;
424738;20260306;103000;123000;4019;5959458;2317;2;;;
424738;20260306;103000;123000;4019;5938936;2317;2;;;
424738;20260306;103000;123000;4019;5954582;2317;2;;;
424738;20260306;103000;123000;4019;5879767;2317;2;;;
424738;20260306;103000;123000;4019;5879359;2317;2;;;
424738;20260306;103000;123000;4019;5829022;2317;2;;;
424738;20260306;103000;123000;4019;5997673;2317;2;;;
424738;20260306;103000;123000;4019;5997469;2317;2;;;
424738;20260306;103000;123000;4019;5829226;2317;2;;;
424738;20260306;103000;123000;4019;5879563;2317;2;;;
424755;20260306;81500;101500;4020;5829227;2301;2;;;
424755;20260306;81500;101500;4020;5997470;2301;2;;;
424755;20260306;81500;101500;4020;5829023;2301;2;;;
424755;20260306;81500;101500;4020;5879564;2301;2;;;
424755;20260306;81500;101500;4020;5997674;2301;2;;;
424755;20260306;81500;101500;4020;5879768;2301;2;;;
424755;20260306;81500;101500;4020;5879360;2301;2;;;
424755;20260306;81500;101500;4020;5938937;2301;2;;;
424770;20260306;103000;123000;4020;5829227;2301;2;;;
424770;20260306;103000;123000;4020;5997470;2301;2;;;
424770;20260306;103000;123000;4020;5829023;2301;2;;;
424770;20260306;103000;123000;4020;5879564;2301;2;;;
424770;20260306;103000;123000;4020;5997674;2301;2;;;
424770;20260306;103000;123000;4020;5879768;2301;2;;;
424770;20260306;103000;123000;4020;5879360;2301;2;;;
424770;20260306;103000;123000;4020;5938937;2301;2;;;
427053;20260306;91500;123000;4036;5954600;2302;2;;;
427053;20260306;91500;123000;4036;5807019;2302;2;;;
427153;20260306;103000;123000;4034;5788379;2316;2;;;
427153;20260306;103000;123000;4034;5807220;2316;2;;;
427206;20260306;133000;164500;4037;5799592;2302;2;;;
427324;20260306;103000;123000;4034;5872107;2296;2;;;
427324;20260306;103000;123000;4034;5937520;2296;2;;;
427428;20260306;103000;133000;4045;5796276;2322;2;;;
427428;20260306;103000;133000;4045;5939167;2322;2;;;
427428;20260306;103000;133000;4045;5723047;2322;2;;;
427428;20260306;103000;133000;4045;5787983;2322;2;;;
427868;20260306;81500;101500;4042;5937529;2313;2;;;
427868;20260306;81500;101500;4042;6082347;2313;2;;;
467361;20260306;81500;101500;4172;5788114;2316;2;;;
422757;20260309;81500;101500;4015;5938932;520;2;;;
422772;20260309;103000;123000;4015;5829018;520;2;;;
422787;20260309;133000;153000;4015;5829222;520;2;;;
422832;20260309;103000;123000;4015;5997873;2311;2;;;
422848;20260309;133000;153000;4015;5879355;2301;2;;;
422952;20260309;81500;101500;4018;5829021;2296;2;;;
423207;20260309;91500;101500;4014;5997668;2317;2;;;
423222;20260309;103000;123000;4014;5997668;2317;2;;;
423436;20260309;103000;123000;4018;5938935;2296;2;;;
423774;20260309;91500;101500;4016;6083382;2968;2;;;
423774;20260309;91500;101500;4016;5879356;2968;2;;;
423789;20260309;103000;123000;4016;6083382;2968;2;;;
423789;20260309;103000;123000;4016;5879356;2968;2;;;
424201;20260309;103000;123000;4021;5997471;2322;2;;;
424261;20260309;81500;101500;4021;5997879;2322;2;;;
427092;20260309;91500;123000;4036;5799591;2294;2;;;
427267;20260309;91500;123000;4037;5872111;2316;2;;;
427450;20260309;91500;123000;4035;5788177;2301;2;;;
427450;20260309;91500;123000;4035;5939157;2301;2;;;
427586;20260306;133000;164500;4040;6083407;2968;2;;;
427586;20260306;133000;164500;4040;5788386;2968;2;;;
427620;20260309;81500;174500;4043;5937326;2319;2;;;
427645;20260309;81500;174500;4043;5937530;2319;2;;;
437396;20260306;133000;174500;10350;6081343;2294;2;;;
437396;20260306;133000;174500;10350;6081035;2294;2;;;
437396;20260306;133000;174500;10350;6082544;2294;2;;;
437396;20260306;133000;174500;10350;6081046;2294;2;;;
437417;20260309;91500;123000;10350;6081343;2302;2;;;
437417;20260309;91500;123000;10350;6082544;2302;2;;;
437417;20260309;91500;123000;10350;6080999;2302;2;;;
423012;20260309;133000;153000;4014;5938931;2317;2;;;
423027;20260309;154500;164500;4014;5938931;2317;2;;;
423044;20260309;133000;153000;4014;5829017;2294;2;;;
423059;20260309;154500;164500;4014;5829017;2294;2;;;
423105;20260310;91500;101500;4014;5829221;2294;2;;;
423255;20260310;91500;101500;4014;5997872;2317;2;;;
423452;20260309;154500;174500;4018;5829225;2296;2;;;
423494;20260309;133000;153000;4018;5997672;2296;2;;;
423548;20260309;154500;174500;4018;5879562;2293;2;;;
423563;20260309;133000;153000;4018;5959457;2293;2;;;
423563;20260309;133000;153000;4018;5879766;2293;2;;;
423669;20260309;133000;153000;4016;5997466;2322;2;;;
423684;20260309;154500;164500;4016;5997466;2322;2;;;
424321;20260309;133000;153000;4021;5879565;2316;2;;;
424366;20260309;154500;174500;4021;5959460;2316;2;;;
424366;20260309;154500;174500;4021;5879769;2316;2;;;
424441;20260310;81500;101500;4017;5997671;2323;2;;;
427375;20260309;133000;174500;4046;5939168;2308;2;;;
427375;20260309;133000;174500;4046;5787984;2308;2;;;
427375;20260309;133000;174500;4046;5796277;2308;2;;;
437356;20260309;133000;174500;10350;6081343;2302;2;;;
437356;20260309;133000;174500;10350;6082544;2302;2;;;
437356;20260309;133000;174500;10350;6080997;2302;2;;;
437356;20260309;133000;174500;10350;6081021;2302;2;;;
468576;20260309;133000;174500;4041;5788183;2968;2;;;
468576;20260309;133000;174500;4041;5788387;2968;2;;;
422802;20260310;133000;153000;4015;5997465;520;2;;;
422817;20260310;103000;123000;4015;5997669;520;2;;;
423120;20260310;103000;123000;4014;5829221;2294;2;;;
423270;20260310;103000;123000;4014;5997872;2317;2;;;
423300;20260310;133000;153000;4014;5879354;2296;2;;;
423315;20260310;154500;164500;4014;5879354;2296;2;;;
423390;20260310;91500;101500;4014;5959453;2296;2;;;
423390;20260310;91500;101500;4014;5879762;2296;2;;;
423405;20260310;103000;123000;4014;5959453;2296;2;;;
423405;20260310;103000;123000;4014;5879762;2296;2;;;
423579;20260310;91500;101500;4016;5938933;2968;2;;;
423594;20260310;103000;123000;4016;5938933;2968;2;;;
423609;20260310;133000;153000;4016;5829019;2968;2;;;
423712;20260310;133000;153000;4016;5997670;2294;2;;;
423814;20260310;91500;101500;4016;5879560;2293;2;;;
423830;20260310;103000;123000;4016;5879560;2293;2;;;
423856;20260310;133000;153000;4016;5954579;2293;2;;;
423856;20260310;133000;153000;4016;5879764;2293;2;;;
424111;20260310;133000;153000;4021;5938938;2301;2;;;
424141;20260310;103000;123000;4021;5829024;2318;2;;;
424171;20260310;133000;153000;4021;5829228;2317;2;;;
424276;20260310;133000;153000;4021;5997879;2322;2;;;
424291;20260310;103000;123000;4021;5879361;2322;2;;;
424426;20260310;103000;123000;4017;5997467;2323;2;;;
424486;20260310;133000;153000;4017;5879561;2319;2;;;
427470;20260310;91500;123000;4040;5788182;2301;2;;;
427470;20260310;91500;123000;4040;6083407;2301;2;;;
427562;20260310;91500;123000;4039;5788385;2319;2;;;
427667;20260310;103000;123000;4042;6082347;2291;2;;;
427667;20260310;103000;123000;4042;5937325;2291;2;;;
427719;20260310;133000;153000;4034;5937316;2302;2;;;
427719;20260310;133000;153000;4034;5796264;2302;2;;;
467394;20260310;133000;153000;4034;5788175;2316;2;;;
467394;20260310;133000;153000;4034;5939155;2316;2;;;
422863;20260310;154500;174500;4015;5879559;520;2;;;
423360;20260311;91500;101500;4014;5879558;2301;2;;;
423624;20260310;154500;164500;4016;5829019;2968;2;;;
423727;20260310;154500;164500;4016;5997670;2294;2;;;
423871;20260310;154500;164500;4016;5954579;2293;2;;;
423871;20260310;154500;164500;4016;5879764;2293;2;;;
424216;20260310;154500;174500;4021;5997471;2322;2;;;
424381;20260310;154500;174500;4017;5938934;2319;2;;;
424528;20260311;81500;101500;4019;5959458;2317;2;;;
424528;20260311;81500;101500;4019;5997877;2317;2;;;
424528;20260311;81500;101500;4019;5938936;2317;2;;;
424528;20260311;81500;101500;4019;5954582;2317;2;;;
424528;20260311;81500;101500;4019;5879767;2317;2;;;
424528;20260311;81500;101500;4019;5879359;2317;2;;;
424528;20260311;81500;101500;4019;5829022;2317;2;;;
424528;20260311;81500;101500;4019;5997673;2317;2;;;
424528;20260311;81500;101500;4019;5997469;2317;2;;;
424528;20260311;81500;101500;4019;5829226;2317;2;;;
424595;20260311;81500;101500;4020;5829227;2968;2;;;
424595;20260311;81500;101500;4020;5997470;2968;2;;;
424595;20260311;81500;101500;4020;5829023;2968;2;;;
424595;20260311;81500;101500;4020;5997674;2968;2;;;
424595;20260311;81500;101500;4020;5879768;2968;2;;;
424595;20260311;81500;101500;4020;5879360;2968;2;;;
424595;20260311;81500;101500;4020;5938937;2968;2;;;
424595;20260311;81500;101500;4020;5997878;2968;2;;;
426938;20260311;91500;123000;4035;5787973;2291;2;;;
426938;20260311;91500;123000;4035;5807018;2291;2;;;
437377;20260311;91500;123000;10350;6081343;2316;2;;;
437377;20260311;91500;123000;10350;6082544;2316;2;;;
437377;20260311;91500;123000;10350;6081001;2316;2;;;
437377;20260311;91500;123000;10350;6080998;2316;2;;;
437437;20260311;91500;123000;10350;6081343;2302;2;;;
437437;20260311;91500;123000;10350;6081000;2302;2;;;
437437;20260311;91500;123000;10350;6081044;2302;2;;;
423162;20260311;133000;153000;4014;5997464;2322;2;;;
423177;20260311;154500;164500;4014;5997464;2322;2;;;
423285;20260311;133000;153000;4014;5997872;2317;2;;;
423375;20260311;103000;123000;4014;5879558;2301;2;;;
423420;20260311;133000;153000;4014;5959453;2316;2;;;
423420;20260311;133000;153000;4014;5879762;2316;2;;;
424186;20260311;154500;174500;4021;5829228;2317;2;;;
424306;20260311;133000;153000;4021;5879361;2301;2;;;
424396;20260311;133000;153000;4017;5829020;2293;2;;;
424411;20260311;133000;153000;4017;5829224;2302;2;;;
424471;20260311;154500;174500;4017;5879357;2293;2;;;
424501;20260311;154500;174500;4017;5954580;2302;2;;;
424501;20260311;154500;174500;4017;5879765;2302;2;;;
424543;20260311;103000;123000;4019;5959458;2317;2;;;
424543;20260311;103000;123000;4019;5997877;2317;2;;;
424543;20260311;103000;123000;4019;5938936;2317;2;;;
424543;20260311;103000;123000;4019;5954582;2317;2;;;
424543;20260311;103000;123000;4019;5879767;2317;2;;;
424543;20260311;103000;123000;4019;5879359;2317;2;;;
424543;20260311;103000;123000;4019;5829022;2317;2;;;
424543;20260311;103000;123000;4019;5997673;2317;2;;;
424543;20260311;103000;123000;4019;5997469;2317;2;;;
424543;20260311;103000;123000;4019;5829226;2317;2;;;
424610;20260311;103000;123000;4020;5829227;2968;2;;;
424610;20260311;103000;123000;4020;5997470;2968;2;;;
424610;20260311;103000;123000;4020;5829023;2968;2;;;
424610;20260311;103000;123000;4020;5997674;2968;2;;;
424610;20260311;103000;123000;4020;5879768;2968;2;;;
424610;20260311;103000;123000;4020;5879360;2968;2;;;
424610;20260311;103000;123000;4020;5938937;2968;2;;;
424610;20260311;103000;123000;4020;5997878;2968;2;;;
426960;20260311;133000;164500;4037;5807020;2294;2;;;
426960;20260311;133000;164500;4037;5954601;2294;2;;;
427116;20260311;133000;164500;4035;5807222;2313;2;;;
427116;20260311;133000;164500;4035;5788381;2313;2;;;
427287;20260311;133000;164500;4036;5872110;2319;2;;;
427688;20260311;133000;153000;4042;5937529;2291;2;;;
427688;20260311;133000;153000;4042;6082347;2291;2;;;
427778;20260311;133000;153000;4177;5937465;2308;2;;;
427778;20260311;133000;153000;4177;6082488;2308;2;;;
427800;20260311;154500;174500;4042;6082347;2308;2;;;
427800;20260311;154500;174500;4042;5937325;2308;2;;;
427843;20260311;103000;123000;4177;5937669;2313;2;;;
467405;20260311;133000;164500;4039;5788181;2968;2;;;
422878;20260312;81500;101500;4015;5959454;520;2;;;
422878;20260312;81500;101500;4015;5879763;520;2;;;
423075;20260312;81500;101500;4014;5829017;2322;2;;;
423090;20260312;103000;123000;4014;5938931;2317;2;;;
423147;20260312;103000;123000;4014;5829221;2322;2;;;
423192;20260312;103000;123000;4014;5997464;2302;2;;;
423237;20260312;81500;101500;4014;5997668;2317;2;;;
423330;20260312;81500;101500;4014;5879354;2296;2;;;
423345;20260312;103000;123000;4014;5879558;2296;2;;;
423479;20260312;81500;101500;4018;5997468;2316;2;;;
423479;20260312;81500;101500;4018;5959457;2316;2;;;
423509;20260312;81500;101500;4018;5997876;2308;2;;;
423524;20260312;103000;123000;4018;5879358;2308;2;;;
424126;20260312;81500;101500;4021;5938938;2301;2;;;
424156;20260312;103000;123000;4021;5829024;2301;2;;;
424231;20260312;103000;123000;4021;5997675;520;2;;;
424336;20260312;81500;101500;4021;5879565;2294;2;;;
424351;20260312;103000;123000;4021;5959460;2294;2;;;
424351;20260312;103000;123000;4021;5879769;2294;2;;;
424456;20260312;103000;123000;4017;5997875;2291;2;;;
426980;20260312;103000;123000;4034;5954597;2316;2;;;
426980;20260312;103000;123000;4034;5807016;2316;2;;;
427307;20260312;91500;123000;4035;5937522;2293;2;;;
427307;20260312;91500;123000;4035;5872109;2293;2;;;
427510;20260312;81500;123000;4041;5788183;2968;2;;;
427510;20260312;81500;123000;4041;5788387;2968;2;;;
437457;20260312;91500;123000;10350;6081343;2319;2;;;
437457;20260312;91500;123000;10350;6081061;2319;2;;;
437457;20260312;91500;123000;10350;6082544;2319;2;;;
437457;20260312;91500;123000;10350;6081045;2319;2;;;
423639;20260312;133000;153000;4016;5829223;2968;2;;;
423654;20260312;154500;164500;4016;5829223;2968;2;;;
424649;20260312;133000;153000;4019;5959458;2317;2;;;
424649;20260312;133000;153000;4019;5997877;2317;2;;;
424649;20260312;133000;153000;4019;5938936;2317;2;;;
424649;20260312;133000;153000;4019;5954582;2317;2;;;
424649;20260312;133000;153000;4019;5879767;2317;2;;;
424649;20260312;133000;153000;4019;5879359;2317;2;;;
424649;20260312;133000;153000;4019;5829022;2317;2;;;
424649;20260312;133000;153000;4019;5997673;2317;2;;;
424649;20260312;133000;153000;4019;5997469;2317;2;;;
424649;20260312;133000;153000;4019;5879563;2317;2;;;
424664;20260312;154500;174500;4019;5959458;2317;2;;;
424664;20260312;154500;174500;4019;5997877;2317;2;;;
424664;20260312;154500;174500;4019;5938936;2317;2;;;
424664;20260312;154500;174500;4019;5954582;2317;2;;;
424664;20260312;154500;174500;4019;5879767;2317;2;;;
424664;20260312;154500;174500;4019;5879359;2317;2;;;
424664;20260312;154500;174500;4019;5829022;2317;2;;;
424664;20260312;154500;174500;4019;5997673;2317;2;;;
424664;20260312;154500;174500;4019;5997469;2317;2;;;
424664;20260312;154500;174500;4019;5879563;2317;2;;;
424680;20260312;133000;153000;4020;5997470;2319;2;;;
424680;20260312;133000;153000;4020;5829023;2319;2;;;
424680;20260312;133000;153000;4020;5879564;2319;2;;;
424680;20260312;133000;153000;4020;5997674;2319;2;;;
424680;20260312;133000;153000;4020;5879768;2319;2;;;
424680;20260312;133000;153000;4020;5879360;2319;2;;;
424680;20260312;133000;153000;4020;5938937;2319;2;;;
424680;20260312;133000;153000;4020;5997878;2319;2;;;
424695;20260312;154500;174500;4020;5997470;2319;2;;;
424695;20260312;154500;174500;4020;5829023;2319;2;;;
424695;20260312;154500;174500;4020;5879564;2319;2;;;
424695;20260312;154500;174500;4020;5997674;2319;2;;;
424695;20260312;154500;174500;4020;5879768;2319;2;;;
424695;20260312;154500;174500;4020;5879360;2319;2;;;
424695;20260312;154500;174500;4020;5938937;2319;2;;;
424695;20260312;154500;174500;4020;5997878;2319;2;;;
424724;20260313;81500;101500;4019;5959458;2317;2;;;
424724;20260313;81500;101500;4019;5938936;2317;2;;;
424724;20260313;81500;101500;4019;5954582;2317;2;;;
424724;20260313;81500;101500;4019;5879767;2317;2;;;
424724;20260313;81500;101500;4019;5879359;2317;2;;;
424724;20260313;81500;101500;4019;5829022;2317;2;;;
424724;20260313;81500;101500;4019;5997673;2317;2;;;
424724;20260313;81500;101500;4019;5997469;2317;2;;;
424724;20260313;81500;101500;4019;5829226;2317;2;;;
424724;20260313;81500;101500;4019;5879563;2317;2;;;
424756;20260313;81500;101500;4020;5829227;2301;2;;;
424756;20260313;81500;101500;4020;5997470;2301;2;;;
424756;20260313;81500;101500;4020;5829023;2301;2;;;
424756;20260313;81500;101500;4020;5879564;2301;2;;;
424756;20260313;81500;101500;4020;5997674;2301;2;;;
424756;20260313;81500;101500;4020;5879768;2301;2;;;
424756;20260313;81500;101500;4020;5879360;2301;2;;;
424756;20260313;81500;101500;4020;5938937;2301;2;;;
427869;20260313;81500;101500;4042;5937529;2313;2;;;
427869;20260313;81500;101500;4042;6082347;2313;2;;;
467369;20260313;81500;101500;4172;5788114;2316;2;;;
422758;20260316;81500;101500;4015;5938932;520;2;;;
422953;20260316;81500;101500;4018;5829021;2296;2;;;
423742;20260313;91500;101500;4016;5997874;2294;2;;;
423757;20260313;103000;123000;4016;5997874;2294;2;;;
424246;20260313;133000;153000;4021;5997675;2316;2;;;
424739;20260313;103000;123000;4019;5959458;2317;2;;;
424739;20260313;103000;123000;4019;5938936;2317;2;;;
424739;20260313;103000;123000;4019;5954582;2317;2;;;
424739;20260313;103000;123000;4019;5879767;2317;2;;;
424739;20260313;103000;123000;4019;5879359;2317;2;;;
424739;20260313;103000;123000;4019;5829022;2317;2;;;
424739;20260313;103000;123000;4019;5997673;2317;2;;;
424739;20260313;103000;123000;4019;5997469;2317;2;;;
424739;20260313;103000;123000;4019;5829226;2317;2;;;
424739;20260313;103000;123000;4019;5879563;2317;2;;;
424771;20260313;103000;123000;4020;5829227;2301;2;;;
424771;20260313;103000;123000;4020;5997470;2301;2;;;
424771;20260313;103000;123000;4020;5829023;2301;2;;;
424771;20260313;103000;123000;4020;5879564;2301;2;;;
424771;20260313;103000;123000;4020;5997674;2301;2;;;
424771;20260313;103000;123000;4020;5879768;2301;2;;;
424771;20260313;103000;123000;4020;5879360;2301;2;;;
424771;20260313;103000;123000;4020;5938937;2301;2;;;
427054;20260313;91500;123000;4036;5954600;2302;2;;;
427054;20260313;91500;123000;4036;5807019;2302;2;;;
427176;20260313;103000;123000;4034;5788379;2316;2;;;
427176;20260313;103000;123000;4034;5807220;2316;2;;;
427207;20260313;133000;164500;4037;5799592;2302;2;;;
427336;20260313;103000;123000;4034;5872107;2296;2;;;
427336;20260313;103000;123000;4034;5937520;2296;2;;;
427429;20260313;103000;133000;4045;5796276;2322;2;;;
427429;20260313;103000;133000;4045;5939167;2322;2;;;
427429;20260313;103000;133000;4045;5723047;2322;2;;;
427429;20260313;103000;133000;4045;5787983;2322;2;;;
427587;20260313;133000;164500;4040;6083407;2968;2;;;
427587;20260313;133000;164500;4040;5788386;2968;2;;;
437397;20260313;133000;174500;10350;6081343;2294;2;;;
437397;20260313;133000;174500;10350;6081035;2294;2;;;
437397;20260313;133000;174500;10350;6082544;2294;2;;;
437397;20260313;133000;174500;10350;6081046;2294;2;;;
422773;20260316;103000;123000;4015;5829018;520;2;;;
422788;20260316;133000;153000;4015;5829222;520;2;;;
422833;20260316;103000;123000;4015;5997873;2311;2;;;
422849;20260316;133000;153000;4015;5879355;2301;2;;;
423013;20260316;133000;153000;4014;5938931;2317;2;;;
423208;20260316;91500;101500;4014;5997668;2317;2;;;
423223;20260316;103000;123000;4014;5997668;2317;2;;;
423437;20260316;103000;123000;4018;5938935;2296;2;;;
423775;20260316;91500;101500;4016;6083382;2968;2;;;
423775;20260316;91500;101500;4016;5879356;2968;2;;;
423790;20260316;103000;123000;4016;6083382;2968;2;;;
423790;20260316;103000;123000;4016;5879356;2968;2;;;
424202;20260316;103000;123000;4021;5997471;2322;2;;;
424262;20260316;81500;101500;4021;5997879;2322;2;;;
427093;20260316;91500;123000;4036;5799591;2294;2;;;
427268;20260316;91500;123000;4037;5872111;2316;2;;;
427451;20260316;91500;123000;4035;5788177;2301;2;;;
427451;20260316;91500;123000;4035;5939157;2301;2;;;
427621;20260316;81500;174500;4043;5937326;2319;2;;;
427646;20260316;81500;174500;4043;5937530;2319;2;;;
437418;20260316;91500;123000;10350;6081343;2302;2;;;
437418;20260316;91500;123000;10350;6082544;2302;2;;;
437418;20260316;91500;123000;10350;6080999;2302;2;;;
423028;20260316;154500;164500;4014;5938931;2317;2;;;
423045;20260316;133000;153000;4014;5829017;2294;2;;;
423060;20260316;154500;164500;4014;5829017;2294;2;;;
423106;20260317;91500;101500;4014;5829221;2294;2;;;
423256;20260317;91500;101500;4014;5997872;2317;2;;;
423391;20260317;91500;101500;4014;5959453;2296;2;;;
423391;20260317;91500;101500;4014;5879762;2296;2;;;
423453;20260316;154500;174500;4018;5829225;2296;2;;;
423495;20260316;133000;153000;4018;5997672;2296;2;;;
423549;20260316;154500;174500;4018;5879562;2293;2;;;
423564;20260316;133000;153000;4018;5959457;2293;2;;;
423564;20260316;133000;153000;4018;5879766;2293;2;;;
423580;20260317;91500;101500;4016;5938933;2968;2;;;
423670;20260316;133000;153000;4016;5997466;2322;2;;;
423685;20260316;154500;164500;4016;5997466;2322;2;;;
423815;20260317;91500;101500;4016;5879560;2293;2;;;
424322;20260316;133000;153000;4021;5879565;2316;2;;;
424367;20260316;154500;174500;4021;5959460;2316;2;;;
424367;20260316;154500;174500;4021;5879769;2316;2;;;
424442;20260317;81500;101500;4017;5997671;2323;2;;;
427376;20260316;133000;174500;4046;5939168;2308;2;;;
427376;20260316;133000;174500;4046;5787984;2308;2;;;
427376;20260316;133000;174500;4046;5796277;2308;2;;;
437357;20260316;133000;174500;10350;6081343;2302;2;;;
437357;20260316;133000;174500;10350;6082544;2302;2;;;
437357;20260316;133000;174500;10350;6080997;2302;2;;;
437357;20260316;133000;174500;10350;6081021;2302;2;;;
468577;20260316;133000;174500;4041;5788183;2968;2;;;
468577;20260316;133000;174500;4041;5788387;2968;2;;;
422803;20260317;133000;153000;4015;5997465;520;2;;;
422818;20260317;103000;123000;4015;5997669;520;2;;;
423121;20260317;103000;123000;4014;5829221;2294;2;;;
423271;20260317;103000;123000;4014;5997872;2317;2;;;
423301;20260317;133000;153000;4014;5879354;2296;2;;;
423316;20260317;154500;164500;4014;5879354;2296;2;;;
423406;20260317;103000;123000;4014;5959453;2296;2;;;
423406;20260317;103000;123000;4014;5879762;2296;2;;;
423595;20260317;103000;123000;4016;5938933;2968;2;;;
423610;20260317;133000;153000;4016;5829019;2968;2;;;
423625;20260317;154500;164500;4016;5829019;2968;2;;;
423713;20260317;133000;153000;4016;5997670;2294;2;;;
423831;20260317;103000;123000;4016;5879560;2293;2;;;
423857;20260317;133000;153000;4016;5954579;2293;2;;;
423857;20260317;133000;153000;4016;5879764;2293;2;;;
424112;20260317;133000;153000;4021;5938938;2301;2;;;
424142;20260317;103000;123000;4021;5829024;2318;2;;;
424172;20260317;133000;153000;4021;5829228;2317;2;;;
424277;20260317;133000;153000;4021;5997879;2322;2;;;
424292;20260317;103000;123000;4021;5879361;2322;2;;;
424427;20260317;103000;123000;4017;5997467;2323;2;;;
424487;20260317;133000;153000;4017;5879561;2319;2;;;
427471;20260317;91500;123000;4040;5788182;2301;2;;;
427471;20260317;91500;123000;4040;6083407;2301;2;;;
427563;20260317;91500;123000;4039;5788385;2319;2;;;
427668;20260317;103000;123000;4042;6082347;2291;2;;;
427668;20260317;103000;123000;4042;5937325;2291;2;;;
427709;20260317;133000;153000;4034;5937316;2302;2;;;
427709;20260317;133000;153000;4034;5796264;2302;2;;;
467377;20260317;133000;153000;4034;5788175;2316;2;;;
467377;20260317;133000;153000;4034;5939155;2316;2;;;
422864;20260317;154500;174500;4015;5879559;520;2;;;
423361;20260318;91500;101500;4014;5879558;2301;2;;;
423728;20260317;154500;164500;4016;5997670;2294;2;;;
423872;20260317;154500;164500;4016;5954579;2293;2;;;
423872;20260317;154500;164500;4016;5879764;2293;2;;;
424217;20260317;154500;174500;4021;5997471;2322;2;;;
424382;20260317;154500;174500;4017;5938934;2319;2;;;
424529;20260318;81500;101500;4019;5959458;2317;2;;;
424529;20260318;81500;101500;4019;5997877;2317;2;;;
424529;20260318;81500;101500;4019;5938936;2317;2;;;
424529;20260318;81500;101500;4019;5954582;2317;2;;;
424529;20260318;81500;101500;4019;5879767;2317;2;;;
424529;20260318;81500;101500;4019;5879359;2317;2;;;
424529;20260318;81500;101500;4019;5829022;2317;2;;;
424529;20260318;81500;101500;4019;5997673;2317;2;;;
424529;20260318;81500;101500;4019;5997469;2317;2;;;
424529;20260318;81500;101500;4019;5829226;2317;2;;;
424596;20260318;81500;101500;4020;5829227;2968;2;;;
424596;20260318;81500;101500;4020;5997470;2968;2;;;
424596;20260318;81500;101500;4020;5829023;2968;2;;;
424596;20260318;81500;101500;4020;5997674;2968;2;;;
424596;20260318;81500;101500;4020;5879768;2968;2;;;
424596;20260318;81500;101500;4020;5879360;2968;2;;;
424596;20260318;81500;101500;4020;5938937;2968;2;;;
424596;20260318;81500;101500;4020;5997878;2968;2;;;
426939;20260318;91500;123000;4035;5787973;2291;2;;;
426939;20260318;91500;123000;4035;5807018;2291;2;;;
437378;20260318;91500;123000;10350;6081343;2316;2;;;
437378;20260318;91500;123000;10350;6082544;2316;2;;;
437378;20260318;91500;123000;10350;6081001;2316;2;;;
437378;20260318;91500;123000;10350;6080998;2316;2;;;
437438;20260318;91500;123000;10350;6081343;2302;2;;;
437438;20260318;91500;123000;10350;6081000;2302;2;;;
437438;20260318;91500;123000;10350;6081044;2302;2;;;
423163;20260318;133000;153000;4014;5997464;2322;2;;;
423178;20260318;154500;164500;4014;5997464;2322;2;;;
423286;20260318;133000;153000;4014;5997872;2317;2;;;
423376;20260318;103000;123000;4014;5879558;2301;2;;;
423421;20260318;133000;153000;4014;5959453;2316;2;;;
423421;20260318;133000;153000;4014;5879762;2316;2;;;
424187;20260318;154500;174500;4021;5829228;2317;2;;;
424307;20260318;133000;153000;4021;5879361;2301;2;;;
424397;20260318;133000;153000;4017;5829020;2293;2;;;
424412;20260318;133000;153000;4017;5829224;2302;2;;;
424472;20260318;154500;174500;4017;5879357;2293;2;;;
424502;20260318;154500;174500;4017;5954580;2302;2;;;
424502;20260318;154500;174500;4017;5879765;2302;2;;;
424544;20260318;103000;123000;4019;5959458;2317;2;;;
424544;20260318;103000;123000;4019;5997877;2317;2;;;
424544;20260318;103000;123000;4019;5938936;2317;2;;;
424544;20260318;103000;123000;4019;5954582;2317;2;;;
424544;20260318;103000;123000;4019;5879767;2317;2;;;
424544;20260318;103000;123000;4019;5879359;2317;2;;;
424544;20260318;103000;123000;4019;5829022;2317;2;;;
424544;20260318;103000;123000;4019;5997673;2317;2;;;
424544;20260318;103000;123000;4019;5997469;2317;2;;;
424544;20260318;103000;123000;4019;5829226;2317;2;;;
424611;20260318;103000;123000;4020;5829227;2968;2;;;
424611;20260318;103000;123000;4020;5997470;2968;2;;;
424611;20260318;103000;123000;4020;5829023;2968;2;;;
424611;20260318;103000;123000;4020;5997674;2968;2;;;
424611;20260318;103000;123000;4020;5879768;2968;2;;;
424611;20260318;103000;123000;4020;5879360;2968;2;;;
424611;20260318;103000;123000;4020;5938937;2968;2;;;
424611;20260318;103000;123000;4020;5997878;2968;2;;;
426961;20260318;133000;164500;4037;5807020;2294;2;;;
426961;20260318;133000;164500;4037;5954601;2294;2;;;
427117;20260318;133000;164500;4035;5807222;2313;2;;;
427117;20260318;133000;164500;4035;5788381;2313;2;;;
427288;20260318;133000;164500;4036;5872110;2319;2;;;
427689;20260318;133000;153000;4042;5937529;2291;2;;;
427689;20260318;133000;153000;4042;6082347;2291;2;;;
427779;20260318;133000;153000;4177;5937465;2308;2;;;
427779;20260318;133000;153000;4177;6082488;2308;2;;;
427801;20260318;154500;174500;4042;6082347;2308;2;;;
427801;20260318;154500;174500;4042;5937325;2308;2;;;
427844;20260318;103000;123000;4177;5937669;2313;2;;;
467406;20260318;133000;164500;4039;5788181;2968;2;;;
422879;20260319;81500;101500;4015;5959454;520;2;;;
422879;20260319;81500;101500;4015;5879763;520;2;;;
423076;20260319;81500;101500;4014;5829017;2322;2;;;
423091;20260319;103000;123000;4014;5938931;2317;2;;;
423148;20260319;103000;123000;4014;5829221;2322;2;;;
423193;20260319;103000;123000;4014;5997464;2302;2;;;
423238;20260319;81500;101500;4014;5997668;2317;2;;;
423331;20260319;81500;101500;4014;5879354;2296;2;;;
423346;20260319;103000;123000;4014;5879558;2296;2;;;
423480;20260319;81500;101500;4018;5997468;2316;2;;;
423480;20260319;81500;101500;4018;5959457;2316;2;;;
423510;20260319;81500;101500;4018;5997876;2308;2;;;
423525;20260319;103000;123000;4018;5879358;2308;2;;;
423640;20260319;133000;153000;4016;5829223;2968;2;;;
424127;20260319;81500;101500;4021;5938938;2301;2;;;
424157;20260319;103000;123000;4021;5829024;2301;2;;;
424232;20260319;103000;123000;4021;5997675;520;2;;;
424337;20260319;81500;101500;4021;5879565;2294;2;;;
424352;20260319;103000;123000;4021;5959460;2294;2;;;
424352;20260319;103000;123000;4021;5879769;2294;2;;;
424457;20260319;103000;123000;4017;5997875;2291;2;;;
426991;20260319;103000;123000;4034;5954597;2316;2;;;
426991;20260319;103000;123000;4034;5807016;2316;2;;;
427308;20260319;91500;123000;4035;5937522;2293;2;;;
427308;20260319;91500;123000;4035;5872109;2293;2;;;
427511;20260319;81500;123000;4041;5788183;2968;2;;;
427511;20260319;81500;123000;4041;5788387;2968;2;;;
437458;20260319;91500;123000;10350;6081343;2319;2;;;
437458;20260319;91500;123000;10350;6081061;2319;2;;;
437458;20260319;91500;123000;10350;6082544;2319;2;;;
437458;20260319;91500;123000;10350;6081045;2319;2;;;
423655;20260319;154500;164500;4016;5829223;2968;2;;;
424650;20260319;133000;153000;4019;5959458;2317;2;;;
424650;20260319;133000;153000;4019;5997877;2317;2;;;
424650;20260319;133000;153000;4019;5938936;2317;2;;;
424650;20260319;133000;153000;4019;5954582;2317;2;;;
424650;20260319;133000;153000;4019;5879767;2317;2;;;
424650;20260319;133000;153000;4019;5879359;2317;2;;;
424650;20260319;133000;153000;4019;5829022;2317;2;;;
424650;20260319;133000;153000;4019;5997673;2317;2;;;
424650;20260319;133000;153000;4019;5997469;2317;2;;;
424650;20260319;133000;153000;4019;5879563;2317;2;;;
424665;20260319;154500;174500;4019;5959458;2317;2;;;
424665;20260319;154500;174500;4019;5997877;2317;2;;;
424665;20260319;154500;174500;4019;5938936;2317;2;;;
424665;20260319;154500;174500;4019;5954582;2317;2;;;
424665;20260319;154500;174500;4019;5879767;2317;2;;;
424665;20260319;154500;174500;4019;5879359;2317;2;;;
424665;20260319;154500;174500;4019;5829022;2317;2;;;
424665;20260319;154500;174500;4019;5997673;2317;2;;;
424665;20260319;154500;174500;4019;5997469;2317;2;;;
424665;20260319;154500;174500;4019;5879563;2317;2;;;
424681;20260319;133000;153000;4020;5997470;2319;2;;;
424681;20260319;133000;153000;4020;5829023;2319;2;;;
424681;20260319;133000;153000;4020;5879564;2319;2;;;
424681;20260319;133000;153000;4020;5997674;2319;2;;;
424681;20260319;133000;153000;4020;5879768;2319;2;;;
424681;20260319;133000;153000;4020;5879360;2319;2;;;
424681;20260319;133000;153000;4020;5938937;2319;2;;;
424681;20260319;133000;153000;4020;5997878;2319;2;;;
424696;20260319;154500;174500;4020;5997470;2319;2;;;
424696;20260319;154500;174500;4020;5829023;2319;2;;;
424696;20260319;154500;174500;4020;5879564;2319;2;;;
424696;20260319;154500;174500;4020;5997674;2319;2;;;
424696;20260319;154500;174500;4020;5879768;2319;2;;;
424696;20260319;154500;174500;4020;5879360;2319;2;;;
424696;20260319;154500;174500;4020;5938937;2319;2;;;
424696;20260319;154500;174500;4020;5997878;2319;2;;;
424725;20260320;81500;101500;4019;5959458;2317;2;;;
424725;20260320;81500;101500;4019;5938936;2317;2;;;
424725;20260320;81500;101500;4019;5954582;2317;2;;;
424725;20260320;81500;101500;4019;5879767;2317;2;;;
424725;20260320;81500;101500;4019;5879359;2317;2;;;
424725;20260320;81500;101500;4019;5829022;2317;2;;;
424725;20260320;81500;101500;4019;5997673;2317;2;;;
424725;20260320;81500;101500;4019;5997469;2317;2;;;
424725;20260320;81500;101500;4019;5829226;2317;2;;;
424725;20260320;81500;101500;4019;5879563;2317;2;;;
424757;20260320;81500;101500;4020;5829227;2301;2;;;
424757;20260320;81500;101500;4020;5997470;2301;2;;;
424757;20260320;81500;101500;4020;5829023;2301;2;;;
424757;20260320;81500;101500;4020;5879564;2301;2;;;
424757;20260320;81500;101500;4020;5997674;2301;2;;;
424757;20260320;81500;101500;4020;5879768;2301;2;;;
424757;20260320;81500;101500;4020;5879360;2301;2;;;
424757;20260320;81500;101500;4020;5938937;2301;2;;;
427870;20260320;81500;101500;4042;5937529;2313;2;;;
427870;20260320;81500;101500;4042;6082347;2313;2;;;
467362;20260320;81500;101500;4172;5788114;2316;2;;;
422759;20260323;81500;101500;4015;5938932;520;2;;;
422954;20260323;81500;101500;4018;5829021;2296;2;;;
423743;20260320;91500;101500;4016;5997874;2294;2;;;
423758;20260320;103000;123000;4016;5997874;2294;2;;;
424247;20260320;133000;153000;4021;5997675;2316;2;;;
424263;20260323;81500;101500;4021;5997879;2322;2;;;
424740;20260320;103000;123000;4019;5959458;2317;2;;;
424740;20260320;103000;123000;4019;5938936;2317;2;;;
424740;20260320;103000;123000;4019;5954582;2317;2;;;
424740;20260320;103000;123000;4019;5879767;2317;2;;;
424740;20260320;103000;123000;4019;5879359;2317;2;;;
424740;20260320;103000;123000;4019;5829022;2317;2;;;
424740;20260320;103000;123000;4019;5997673;2317;2;;;
424740;20260320;103000;123000;4019;5997469;2317;2;;;
424740;20260320;103000;123000;4019;5829226;2317;2;;;
424740;20260320;103000;123000;4019;5879563;2317;2;;;
424772;20260320;103000;123000;4020;5829227;2301;2;;;
424772;20260320;103000;123000;4020;5997470;2301;2;;;
424772;20260320;103000;123000;4020;5829023;2301;2;;;
424772;20260320;103000;123000;4020;5879564;2301;2;;;
424772;20260320;103000;123000;4020;5997674;2301;2;;;
424772;20260320;103000;123000;4020;5879768;2301;2;;;
424772;20260320;103000;123000;4020;5879360;2301;2;;;
424772;20260320;103000;123000;4020;5938937;2301;2;;;
427055;20260320;91500;123000;4036;5954600;2302;2;;;
427055;20260320;91500;123000;4036;5807019;2302;2;;;
427154;20260320;103000;123000;4034;5788379;2316;2;;;
427154;20260320;103000;123000;4034;5807220;2316;2;;;
427208;20260320;133000;164500;4037;5799592;2302;2;;;
427325;20260320;103000;123000;4034;5872107;2296;2;;;
427325;20260320;103000;123000;4034;5937520;2296;2;;;
427430;20260320;103000;133000;4045;5796276;2322;2;;;
427430;20260320;103000;133000;4045;5939167;2322;2;;;
427430;20260320;103000;133000;4045;5723047;2322;2;;;
427430;20260320;103000;133000;4045;5787983;2322;2;;;
427588;20260320;133000;164500;4040;6083407;2968;2;;;
427588;20260320;133000;164500;4040;5788386;2968;2;;;
437398;20260320;133000;174500;10350;6081343;2294;2;;;
437398;20260320;133000;174500;10350;6081035;2294;2;;;
437398;20260320;133000;174500;10350;6082544;2294;2;;;
437398;20260320;133000;174500;10350;6081046;2294;2;;;
422774;20260323;103000;123000;4015;5829018;520;2;;;
422789;20260323;133000;153000;4015;5829222;520;2;;;
422834;20260323;103000;123000;4015;5997873;2311;2;;;
422850;20260323;133000;153000;4015;5879355;2301;2;;;
423014;20260323;133000;153000;4014;5938931;2317;2;;;
423046;20260323;133000;153000;4014;5829017;2294;2;;;
423209;20260323;91500;101500;4014;5997668;2317;2;;;
423224;20260323;103000;123000;4014;5997668;2317;2;;;
423438;20260323;103000;123000;4018;5938935;2296;2;;;
423496;20260323;133000;153000;4018;5997672;2296;2;;;
423565;20260323;133000;153000;4018;5959457;2293;2;;;
423565;20260323;133000;153000;4018;5879766;2293;2;;;
423671;20260323;133000;153000;4016;5997466;2322;2;;;
423776;20260323;91500;101500;4016;6083382;2968;2;;;
423776;20260323;91500;101500;4016;5879356;2968;2;;;
423791;20260323;103000;123000;4016;6083382;2968;2;;;
423791;20260323;103000;123000;4016;5879356;2968;2;;;
424203;20260323;103000;123000;4021;5997471;2322;2;;;
424323;20260323;133000;153000;4021;5879565;2316;2;;;
427094;20260323;91500;123000;4036;5799591;2294;2;;;
427269;20260323;91500;123000;4037;5872111;2316;2;;;
427377;20260323;133000;174500;4046;5939168;2308;2;;;
427377;20260323;133000;174500;4046;5787984;2308;2;;;
427377;20260323;133000;174500;4046;5796277;2308;2;;;
427452;20260323;91500;123000;4035;5788177;2301;2;;;
427452;20260323;91500;123000;4035;5939157;2301;2;;;
427622;20260323;81500;174500;4043;5937326;2319;2;;;
427647;20260323;81500;174500;4043;5937530;2319;2;;;
437419;20260323;91500;123000;10350;6081343;2302;2;;;
437419;20260323;91500;123000;10350;6082544;2302;2;;;
437419;20260323;91500;123000;10350;6080999;2302;2;;;
422819;20260324;103000;123000;4015;5997669;520;2;;;
423029;20260323;154500;164500;4014;5938931;2317;2;;;
423061;20260323;154500;164500;4014;5829017;2294;2;;;
423107;20260324;91500;101500;4014;5829221;2294;2;;;
423122;20260324;103000;123000;4014;5829221;2294;2;;;
423257;20260324;91500;101500;4014;5997872;2317;2;;;
423272;20260324;103000;123000;4014;5997872;2317;2;;;
423392;20260324;91500;101500;4014;5959453;2296;2;;;
423392;20260324;91500;101500;4014;5879762;2296;2;;;
423407;20260324;103000;123000;4014;5959453;2296;2;;;
423407;20260324;103000;123000;4014;5879762;2296;2;;;
423454;20260323;154500;174500;4018;5829225;2296;2;;;
423550;20260323;154500;174500;4018;5879562;2293;2;;;
423581;20260324;91500;101500;4016;5938933;2968;2;;;
423596;20260324;103000;123000;4016;5938933;2968;2;;;
423686;20260323;154500;164500;4016;5997466;2322;2;;;
423816;20260324;91500;101500;4016;5879560;2293;2;;;
424368;20260323;154500;174500;4021;5959460;2316;2;;;
424368;20260323;154500;174500;4021;5879769;2316;2;;;
424443;20260324;81500;101500;4017;5997671;2323;2;;;
427472;20260324;91500;123000;4040;5788182;2301;2;;;
427472;20260324;91500;123000;4040;6083407;2301;2;;;
427564;20260324;91500;123000;4039;5788385;2319;2;;;
437358;20260323;133000;174500;10350;6081343;2302;2;;;
437358;20260323;133000;174500;10350;6082544;2302;2;;;
437358;20260323;133000;174500;10350;6080997;2302;2;;;
437358;20260323;133000;174500;10350;6081021;2302;2;;;
468578;20260323;133000;174500;4041;5788183;2968;2;;;
468578;20260323;133000;174500;4041;5788387;2968;2;;;
422804;20260324;133000;153000;4015;5997465;520;2;;;
422865;20260324;154500;174500;4015;5879559;520;2;;;
423302;20260324;133000;153000;4014;5879354;2296;2;;;
423317;20260324;154500;164500;4014;5879354;2296;2;;;
423611;20260324;133000;153000;4016;5829019;2968;2;;;
423626;20260324;154500;164500;4016;5829019;2968;2;;;
423714;20260324;133000;153000;4016;5997670;2294;2;;;
423729;20260324;154500;164500;4016;5997670;2294;2;;;
423832;20260324;103000;123000;4016;5879560;2293;2;;;
423858;20260324;133000;153000;4016;5954579;2293;2;;;
423858;20260324;133000;153000;4016;5879764;2293;2;;;
423873;20260324;154500;164500;4016;5954579;2293;2;;;
423873;20260324;154500;164500;4016;5879764;2293;2;;;
424113;20260324;133000;153000;4021;5938938;2301;2;;;
424143;20260324;103000;123000;4021;5829024;2318;2;;;
424173;20260324;133000;153000;4021;5829228;2317;2;;;
424218;20260324;154500;174500;4021;5997471;2322;2;;;
424278;20260324;133000;153000;4021;5997879;2322;2;;;
424293;20260324;103000;123000;4021;5879361;2322;2;;;
424383;20260324;154500;174500;4017;5938934;2319;2;;;
424428;20260324;103000;123000;4017;5997467;2323;2;;;
424488;20260324;133000;153000;4017;5879561;2319;2;;;
424530;20260325;81500;101500;4019;5959458;2317;2;;;
424530;20260325;81500;101500;4019;5997877;2317;2;;;
424530;20260325;81500;101500;4019;5938936;2317;2;;;
424530;20260325;81500;101500;4019;5954582;2317;2;;;
424530;20260325;81500;101500;4019;5879767;2317;2;;;
424530;20260325;81500;101500;4019;5879359;2317;2;;;
424530;20260325;81500;101500;4019;5829022;2317;2;;;
424530;20260325;81500;101500;4019;5997673;2317;2;;;
424530;20260325;81500;101500;4019;5997469;2317;2;;;
424530;20260325;81500;101500;4019;5829226;2317;2;;;
424597;20260325;81500;101500;4020;5829227;2968;2;;;
424597;20260325;81500;101500;4020;5997470;2968;2;;;
424597;20260325;81500;101500;4020;5829023;2968;2;;;
424597;20260325;81500;101500;4020;5997674;2968;2;;;
424597;20260325;81500;101500;4020;5879768;2968;2;;;
424597;20260325;81500;101500;4020;5879360;2968;2;;;
424597;20260325;81500;101500;4020;5938937;2968;2;;;
424597;20260325;81500;101500;4020;5997878;2968;2;;;
427669;20260324;103000;123000;4042;6082347;2291;2;;;
427669;20260324;103000;123000;4042;5937325;2291;2;;;
427720;20260324;133000;153000;4034;5937316;2302;2;;;
427720;20260324;133000;153000;4034;5796264;2302;2;;;
467395;20260324;133000;153000;4034;5788175;2316;2;;;
467395;20260324;133000;153000;4034;5939155;2316;2;;;
423164;20260325;133000;153000;4014;5997464;2322;2;;;
423287;20260325;133000;153000;4014;5997872;2317;2;;;
423362;20260325;91500;101500;4014;5879558;2301;2;;;
423377;20260325;103000;123000;4014;5879558;2301;2;;;
423422;20260325;133000;153000;4014;5959453;2316;2;;;
423422;20260325;133000;153000;4014;5879762;2316;2;;;
424308;20260325;133000;153000;4021;5879361;2301;2;;;
424398;20260325;133000;153000;4017;5829020;2293;2;;;
424413;20260325;133000;153000;4017;5829224;2302;2;;;
424545;20260325;103000;123000;4019;5959458;2317;2;;;
424545;20260325;103000;123000;4019;5997877;2317;2;;;
424545;20260325;103000;123000;4019;5938936;2317;2;;;
424545;20260325;103000;123000;4019;5954582;2317;2;;;
424545;20260325;103000;123000;4019;5879767;2317;2;;;
424545;20260325;103000;123000;4019;5879359;2317;2;;;
424545;20260325;103000;123000;4019;5829022;2317;2;;;
424545;20260325;103000;123000;4019;5997673;2317;2;;;
424545;20260325;103000;123000;4019;5997469;2317;2;;;
424545;20260325;103000;123000;4019;5829226;2317;2;;;
424612;20260325;103000;123000;4020;5829227;2968;2;;;
424612;20260325;103000;123000;4020;5997470;2968;2;;;
424612;20260325;103000;123000;4020;5829023;2968;2;;;
424612;20260325;103000;123000;4020;5997674;2968;2;;;
424612;20260325;103000;123000;4020;5879768;2968;2;;;
424612;20260325;103000;123000;4020;5879360;2968;2;;;
424612;20260325;103000;123000;4020;5938937;2968;2;;;
424612;20260325;103000;123000;4020;5997878;2968;2;;;
426940;20260325;91500;123000;4035;5787973;2291;2;;;
426940;20260325;91500;123000;4035;5807018;2291;2;;;
426962;20260325;133000;164500;4037;5807020;2294;2;;;
426962;20260325;133000;164500;4037;5954601;2294;2;;;
427118;20260325;133000;164500;4035;5807222;2313;2;;;
427118;20260325;133000;164500;4035;5788381;2313;2;;;
427690;20260325;133000;153000;4042;5937529;2291;2;;;
427690;20260325;133000;153000;4042;6082347;2291;2;;;
427780;20260325;133000;153000;4177;5937465;2308;2;;;
427780;20260325;133000;153000;4177;6082488;2308;2;;;
427845;20260325;103000;123000;4177;5937669;2313;2;;;
437379;20260325;91500;123000;10350;6081343;2316;2;;;
437379;20260325;91500;123000;10350;6082544;2316;2;;;
437379;20260325;91500;123000;10350;6081001;2316;2;;;
437379;20260325;91500;123000;10350;6080998;2316;2;;;
437439;20260325;91500;123000;10350;6081343;2302;2;;;
437439;20260325;91500;123000;10350;6081000;2302;2;;;
437439;20260325;91500;123000;10350;6081044;2302;2;;;
422880;20260326;81500;101500;4015;5959454;520;2;;;
422880;20260326;81500;101500;4015;5879763;520;2;;;
423077;20260326;81500;101500;4014;5829017;2322;2;;;
423092;20260326;103000;123000;4014;5938931;2317;2;;;
423149;20260326;103000;123000;4014;5829221;2322;2;;;
423179;20260325;154500;164500;4014;5997464;2322;2;;;
423239;20260326;81500;101500;4014;5997668;2317;2;;;
423332;20260326;81500;101500;4014;5879354;2296;2;;;
423481;20260326;81500;101500;4018;5997468;2316;2;;;
423481;20260326;81500;101500;4018;5959457;2316;2;;;
423511;20260326;81500;101500;4018;5997876;2308;2;;;
424128;20260326;81500;101500;4021;5938938;2301;2;;;
424188;20260325;154500;174500;4021;5829228;2317;2;;;
424338;20260326;81500;101500;4021;5879565;2294;2;;;
424473;20260325;154500;174500;4017;5879357;2293;2;;;
424503;20260325;154500;174500;4017;5954580;2302;2;;;
424503;20260325;154500;174500;4017;5879765;2302;2;;;
427289;20260325;133000;164500;4036;5872110;2319;2;;;
427309;20260326;91500;123000;4035;5937522;2293;2;;;
427309;20260326;91500;123000;4035;5872109;2293;2;;;
427512;20260326;81500;123000;4041;5788183;2968;2;;;
427512;20260326;81500;123000;4041;5788387;2968;2;;;
427802;20260325;154500;174500;4042;6082347;2308;2;;;
427802;20260325;154500;174500;4042;5937325;2308;2;;;
437459;20260326;91500;123000;10350;6081343;2319;2;;;
437459;20260326;91500;123000;10350;6081061;2319;2;;;
437459;20260326;91500;123000;10350;6082544;2319;2;;;
437459;20260326;91500;123000;10350;6081045;2319;2;;;
467407;20260325;133000;164500;4039;5788181;2968;2;;;
423194;20260326;103000;123000;4014;5997464;2302;2;;;
423347;20260326;103000;123000;4014;5879558;2296;2;;;
423526;20260326;103000;123000;4018;5879358;2308;2;;;
423641;20260326;133000;153000;4016;5829223;2968;2;;;
423656;20260326;154500;164500;4016;5829223;2968;2;;;
424158;20260326;103000;123000;4021;5829024;2301;2;;;
424233;20260326;103000;123000;4021;5997675;520;2;;;
424353;20260326;103000;123000;4021;5959460;2294;2;;;
424353;20260326;103000;123000;4021;5879769;2294;2;;;
424458;20260326;103000;123000;4017;5997875;2291;2;;;
424651;20260326;133000;153000;4019;5959458;2317;2;;;
424651;20260326;133000;153000;4019;5997877;2317;2;;;
424651;20260326;133000;153000;4019;5938936;2317;2;;;
424651;20260326;133000;153000;4019;5954582;2317;2;;;
424651;20260326;133000;153000;4019;5879767;2317;2;;;
424651;20260326;133000;153000;4019;5879359;2317;2;;;
424651;20260326;133000;153000;4019;5829022;2317;2;;;
424651;20260326;133000;153000;4019;5997673;2317;2;;;
424651;20260326;133000;153000;4019;5997469;2317;2;;;
424651;20260326;133000;153000;4019;5879563;2317;2;;;
424666;20260326;154500;174500;4019;5959458;2317;2;;;
424666;20260326;154500;174500;4019;5997877;2317;2;;;
424666;20260326;154500;174500;4019;5938936;2317;2;;;
424666;20260326;154500;174500;4019;5954582;2317;2;;;
424666;20260326;154500;174500;4019;5879767;2317;2;;;
424666;20260326;154500;174500;4019;5879359;2317;2;;;
424666;20260326;154500;174500;4019;5829022;2317;2;;;
424666;20260326;154500;174500;4019;5997673;2317;2;;;
424666;20260326;154500;174500;4019;5997469;2317;2;;;
424666;20260326;154500;174500;4019;5879563;2317;2;;;
424682;20260326;133000;153000;4020;5997470;2319;2;;;
424682;20260326;133000;153000;4020;5829023;2319;2;;;
424682;20260326;133000;153000;4020;5879564;2319;2;;;
424682;20260326;133000;153000;4020;5997674;2319;2;;;
424682;20260326;133000;153000;4020;5879768;2319;2;;;
424682;20260326;133000;153000;4020;5879360;2319;2;;;
424682;20260326;133000;153000;4020;5938937;2319;2;;;
424682;20260326;133000;153000;4020;5997878;2319;2;;;
424697;20260326;154500;174500;4020;5997470;2319;2;;;
424697;20260326;154500;174500;4020;5829023;2319;2;;;
424697;20260326;154500;174500;4020;5879564;2319;2;;;
424697;20260326;154500;174500;4020;5997674;2319;2;;;
424697;20260326;154500;174500;4020;5879768;2319;2;;;
424697;20260326;154500;174500;4020;5879360;2319;2;;;
424697;20260326;154500;174500;4020;5938937;2319;2;;;
424697;20260326;154500;174500;4020;5997878;2319;2;;;
426981;20260326;103000;123000;4034;5954597;2316;2;;;
426981;20260326;103000;123000;4034;5807016;2316;2;;;
423744;20260327;91500;101500;4016;5997874;2294;2;;;
423759;20260327;103000;123000;4016;5997874;2294;2;;;
424248;20260327;133000;153000;4021;5997675;2316;2;;;
424726;20260327;81500;101500;4019;5959458;2317;2;;;
424726;20260327;81500;101500;4019;5938936;2317;2;;;
424726;20260327;81500;101500;4019;5954582;2317;2;;;
424726;20260327;81500;101500;4019;5879767;2317;2;;;
424726;20260327;81500;101500;4019;5879359;2317;2;;;
424726;20260327;81500;101500;4019;5829022;2317;2;;;
424726;20260327;81500;101500;4019;5997673;2317;2;;;
424726;20260327;81500;101500;4019;5997469;2317;2;;;
424726;20260327;81500;101500;4019;5829226;2317;2;;;
424726;20260327;81500;101500;4019;5879563;2317;2;;;
424741;20260327;103000;123000;4019;5959458;2317;2;;;
424741;20260327;103000;123000;4019;5938936;2317;2;;;
424741;20260327;103000;123000;4019;5954582;2317;2;;;
424741;20260327;103000;123000;4019;5879767;2317;2;;;
424741;20260327;103000;123000;4019;5879359;2317;2;;;
424741;20260327;103000;123000;4019;5829022;2317;2;;;
424741;20260327;103000;123000;4019;5997673;2317;2;;;
424741;20260327;103000;123000;4019;5997469;2317;2;;;
424741;20260327;103000;123000;4019;5829226;2317;2;;;
424741;20260327;103000;123000;4019;5879563;2317;2;;;
424758;20260327;81500;101500;4020;5829227;2301;2;;;
424758;20260327;81500;101500;4020;5997470;2301;2;;;
424758;20260327;81500;101500;4020;5829023;2301;2;;;
424758;20260327;81500;101500;4020;5879564;2301;2;;;
424758;20260327;81500;101500;4020;5997674;2301;2;;;
424758;20260327;81500;101500;4020;5879768;2301;2;;;
424758;20260327;81500;101500;4020;5879360;2301;2;;;
424758;20260327;81500;101500;4020;5938937;2301;2;;;
424773;20260327;103000;123000;4020;5829227;2301;2;;;
424773;20260327;103000;123000;4020;5997470;2301;2;;;
424773;20260327;103000;123000;4020;5829023;2301;2;;;
424773;20260327;103000;123000;4020;5879564;2301;2;;;
424773;20260327;103000;123000;4020;5997674;2301;2;;;
424773;20260327;103000;123000;4020;5879768;2301;2;;;
424773;20260327;103000;123000;4020;5879360;2301;2;;;
424773;20260327;103000;123000;4020;5938937;2301;2;;;
427056;20260327;91500;123000;4036;5954600;2302;2;;;
427056;20260327;91500;123000;4036;5807019;2302;2;;;
427177;20260327;103000;123000;4034;5788379;2316;2;;;
427177;20260327;103000;123000;4034;5807220;2316;2;;;
427209;20260327;133000;164500;4037;5799592;2302;2;;;
427337;20260327;103000;123000;4034;5872107;2296;2;;;
427337;20260327;103000;123000;4034;5937520;2296;2;;;
427431;20260327;103000;133000;4045;5796276;2322;2;;;
427431;20260327;103000;133000;4045;5939167;2322;2;;;
427431;20260327;103000;133000;4045;5723047;2322;2;;;
427431;20260327;103000;133000;4045;5787983;2322;2;;;
427589;20260327;133000;164500;4040;6083407;2968;2;;;
427589;20260327;133000;164500;4040;5788386;2968;2;;;
427871;20260327;81500;101500;4042;5937529;2313;2;;;
427871;20260327;81500;101500;4042;6082347;2313;2;;;
467370;20260327;81500;101500;4172;5788114;2316;2;;;
422760;20260330;81500;101500;4015;5938932;520;2;;;
422775;20260330;103000;123000;4015;5829018;520;2;;;
422790;20260330;133000;153000;4015;5829222;520;2;;;
422835;20260330;103000;123000;4015;5997873;2311;2;;;
422851;20260330;133000;153000;4015;5879355;2301;2;;;
422955;20260330;81500;101500;4018;5829021;2296;2;;;
423015;20260330;133000;153000;4014;5938931;2317;2;;;
423210;20260330;91500;101500;4014;5997668;2317;2;;;
423225;20260330;103000;123000;4014;5997668;2317;2;;;
423439;20260330;103000;123000;4018;5938935;2296;2;;;
423777;20260330;91500;101500;4016;6083382;2968;2;;;
423777;20260330;91500;101500;4016;5879356;2968;2;;;
423792;20260330;103000;123000;4016;6083382;2968;2;;;
423792;20260330;103000;123000;4016;5879356;2968;2;;;
424204;20260330;103000;123000;4021;5997471;2322;2;;;
424264;20260330;81500;101500;4021;5997879;2322;2;;;
427095;20260330;91500;123000;4036;5799591;2294;2;;;
427270;20260330;91500;123000;4037;5872111;2316;2;;;
427453;20260330;91500;123000;4035;5788177;2301;2;;;
427453;20260330;91500;123000;4035;5939157;2301;2;;;
427623;20260330;81500;174500;4043;5937326;2319;2;;;
427648;20260330;81500;174500;4043;5937530;2319;2;;;
437399;20260327;133000;174500;10350;6081343;2294;2;;;
437399;20260327;133000;174500;10350;6081035;2294;2;;;
437399;20260327;133000;174500;10350;6082544;2294;2;;;
437399;20260327;133000;174500;10350;6081046;2294;2;;;
437420;20260330;91500;123000;10350;6081343;2302;2;;;
437420;20260330;91500;123000;10350;6082544;2302;2;;;
437420;20260330;91500;123000;10350;6080999;2302;2;;;
423030;20260330;154500;164500;4014;5938931;2317;2;;;
423047;20260330;133000;153000;4014;5829017;2294;2;;;
423062;20260330;154500;164500;4014;5829017;2294;2;;;
423108;20260331;91500;101500;4014;5829221;2294;2;;;
423258;20260331;91500;101500;4014;5997872;2317;2;;;
423393;20260331;91500;101500;4014;5959453;2296;2;;;
423393;20260331;91500;101500;4014;5879762;2296;2;;;
423455;20260330;154500;174500;4018;5829225;2296;2;;;
423497;20260330;133000;153000;4018;5997672;2296;2;;;
423551;20260330;154500;174500;4018;5879562;2293;2;;;
423566;20260330;133000;153000;4018;5959457;2293;2;;;
423566;20260330;133000;153000;4018;5879766;2293;2;;;
423582;20260331;91500;101500;4016;5938933;2968;2;;;
423672;20260330;133000;153000;4016;5997466;2322;2;;;
423687;20260330;154500;164500;4016;5997466;2322;2;;;
423817;20260331;91500;101500;4016;5879560;2293;2;;;
424324;20260330;133000;153000;4021;5879565;2316;2;;;
424369;20260330;154500;174500;4021;5959460;2316;2;;;
424369;20260330;154500;174500;4021;5879769;2316;2;;;
424444;20260331;81500;101500;4017;5997671;2323;2;;;
427378;20260330;133000;174500;4046;5939168;2308;2;;;
427378;20260330;133000;174500;4046;5787984;2308;2;;;
427378;20260330;133000;174500;4046;5796277;2308;2;;;
437359;20260330;133000;174500;10350;6081343;2302;2;;;
437359;20260330;133000;174500;10350;6082544;2302;2;;;
437359;20260330;133000;174500;10350;6080997;2302;2;;;
437359;20260330;133000;174500;10350;6081021;2302;2;;;
468579;20260330;133000;174500;4041;5788183;2968;2;;;
468579;20260330;133000;174500;4041;5788387;2968;2;;;
422805;20260331;133000;153000;4015;5997465;520;2;;;
422820;20260331;103000;123000;4015;5997669;520;2;;;
422866;20260331;154500;174500;4015;5879559;520;2;;;
423123;20260331;103000;123000;4014;5829221;2294;2;;;
423273;20260331;103000;123000;4014;5997872;2317;2;;;
423303;20260331;133000;153000;4014;5879354;2296;2;;;
423318;20260331;154500;164500;4014;5879354;2296;2;;;
423408;20260331;103000;123000;4014;5959453;2296;2;;;
423408;20260331;103000;123000;4014;5879762;2296;2;;;
423597;20260331;103000;123000;4016;5938933;2968;2;;;
423612;20260331;133000;153000;4016;5829019;2968;2;;;
423627;20260331;154500;164500;4016;5829019;2968;2;;;
423715;20260331;133000;153000;4016;5997670;2294;2;;;
423730;20260331;154500;164500;4016;5997670;2294;2;;;
423833;20260331;103000;123000;4016;5879560;2293;2;;;
423859;20260331;133000;153000;4016;5954579;2293;2;;;
423859;20260331;133000;153000;4016;5879764;2293;2;;;
423874;20260331;154500;164500;4016;5954579;2293;2;;;
423874;20260331;154500;164500;4016;5879764;2293;2;;;
424114;20260331;133000;153000;4021;5938938;2301;2;;;
424144;20260331;103000;123000;4021;5829024;2318;2;;;
424174;20260331;133000;153000;4021;5829228;2317;2;;;
424219;20260331;154500;174500;4021;5997471;2322;2;;;
424279;20260331;133000;153000;4021;5997879;2322;2;;;
424294;20260331;103000;123000;4021;5879361;2322;2;;;
424429;20260331;103000;123000;4017;5997467;2323;2;;;
424489;20260331;133000;153000;4017;5879561;2319;2;;;
427473;20260331;91500;123000;4040;5788182;2301;2;;;
427473;20260331;91500;123000;4040;6083407;2301;2;;;
427565;20260331;91500;123000;4039;5788385;2319;2;;;
427670;20260331;103000;123000;4042;6082347;2291;2;;;
427670;20260331;103000;123000;4042;5937325;2291;2;;;
427710;20260331;133000;153000;4034;5937316;2302;2;;;
427710;20260331;133000;153000;4034;5796264;2302;2;;;
467378;20260331;133000;153000;4034;5788175;2316;2;;;
467378;20260331;133000;153000;4034;5939155;2316;2;;;
423165;20260401;133000;153000;4014;5997464;2322;2;;;
423288;20260401;133000;153000;4014;5997872;2317;2;;;
423363;20260401;91500;101500;4014;5879558;2301;2;;;
423378;20260401;103000;123000;4014;5879558;2301;2;;;
423423;20260401;133000;153000;4014;5959453;2316;2;;;
423423;20260401;133000;153000;4014;5879762;2316;2;;;
424384;20260331;154500;174500;4017;5938934;2319;2;;;
424531;20260401;81500;101500;4019;5959458;2317;2;;;
424531;20260401;81500;101500;4019;5997877;2317;2;;;
424531;20260401;81500;101500;4019;5938936;2317;2;;;
424531;20260401;81500;101500;4019;5954582;2317;2;;;
424531;20260401;81500;101500;4019;5879767;2317;2;;;
424531;20260401;81500;101500;4019;5879359;2317;2;;;
424531;20260401;81500;101500;4019;5829022;2317;2;;;
424531;20260401;81500;101500;4019;5997673;2317;2;;;
424531;20260401;81500;101500;4019;5997469;2317;2;;;
424531;20260401;81500;101500;4019;5829226;2317;2;;;
424546;20260401;103000;123000;4019;5959458;2317;2;;;
424546;20260401;103000;123000;4019;5997877;2317;2;;;
424546;20260401;103000;123000;4019;5938936;2317;2;;;
424546;20260401;103000;123000;4019;5954582;2317;2;;;
424546;20260401;103000;123000;4019;5879767;2317;2;;;
424546;20260401;103000;123000;4019;5879359;2317;2;;;
424546;20260401;103000;123000;4019;5829022;2317;2;;;
424546;20260401;103000;123000;4019;5997673;2317;2;;;
424546;20260401;103000;123000;4019;5997469;2317;2;;;
424546;20260401;103000;123000;4019;5829226;2317;2;;;
424598;20260401;81500;101500;4020;5829227;2968;2;;;
424598;20260401;81500;101500;4020;5997470;2968;2;;;
424598;20260401;81500;101500;4020;5829023;2968;2;;;
424598;20260401;81500;101500;4020;5997674;2968;2;;;
424598;20260401;81500;101500;4020;5879768;2968;2;;;
424598;20260401;81500;101500;4020;5879360;2968;2;;;
424598;20260401;81500;101500;4020;5938937;2968;2;;;
424598;20260401;81500;101500;4020;5997878;2968;2;;;
424613;20260401;103000;123000;4020;5829227;2968;2;;;
424613;20260401;103000;123000;4020;5997470;2968;2;;;
424613;20260401;103000;123000;4020;5829023;2968;2;;;
424613;20260401;103000;123000;4020;5997674;2968;2;;;
424613;20260401;103000;123000;4020;5879768;2968;2;;;
424613;20260401;103000;123000;4020;5879360;2968;2;;;
424613;20260401;103000;123000;4020;5938937;2968;2;;;
424613;20260401;103000;123000;4020;5997878;2968;2;;;
426941;20260401;91500;123000;4035;5787973;2291;2;;;
426941;20260401;91500;123000;4035;5807018;2291;2;;;
427846;20260401;103000;123000;4177;5937669;2313;2;;;
437380;20260401;91500;123000;10350;6081343;2316;2;;;
437380;20260401;91500;123000;10350;6082544;2316;2;;;
437380;20260401;91500;123000;10350;6081001;2316;2;;;
437380;20260401;91500;123000;10350;6080998;2316;2;;;
437440;20260401;91500;123000;10350;6081343;2302;2;;;
437440;20260401;91500;123000;10350;6081000;2302;2;;;
437440;20260401;91500;123000;10350;6081044;2302;2;;;
422881;20260402;81500;101500;4015;5959454;520;2;;;
422881;20260402;81500;101500;4015;5879763;520;2;;;
423078;20260402;81500;101500;4014;5829017;2322;2;;;
423180;20260401;154500;164500;4014;5997464;2322;2;;;
423240;20260402;81500;101500;4014;5997668;2317;2;;;
423333;20260402;81500;101500;4014;5879354;2296;2;;;
423482;20260402;81500;101500;4018;5997468;2316;2;;;
423482;20260402;81500;101500;4018;5959457;2316;2;;;
423512;20260402;81500;101500;4018;5997876;2308;2;;;
424129;20260402;81500;101500;4021;5938938;2301;2;;;
424189;20260401;154500;174500;4021;5829228;2317;2;;;
424309;20260401;133000;153000;4021;5879361;2301;2;;;
424339;20260402;81500;101500;4021;5879565;2294;2;;;
424399;20260401;133000;153000;4017;5829020;2293;2;;;
424414;20260401;133000;153000;4017;5829224;2302;2;;;
424474;20260401;154500;174500;4017;5879357;2293;2;;;
424504;20260401;154500;174500;4017;5954580;2302;2;;;
424504;20260401;154500;174500;4017;5879765;2302;2;;;
426963;20260401;133000;164500;4037;5807020;2294;2;;;
426963;20260401;133000;164500;4037;5954601;2294;2;;;
427119;20260401;133000;164500;4035;5807222;2313;2;;;
427119;20260401;133000;164500;4035;5788381;2313;2;;;
427290;20260401;133000;164500;4036;5872110;2319;2;;;
427513;20260402;81500;123000;4041;5788183;2968;2;;;
427513;20260402;81500;123000;4041;5788387;2968;2;;;
427691;20260401;133000;153000;4042;5937529;2291;2;;;
427691;20260401;133000;153000;4042;6082347;2291;2;;;
427781;20260401;133000;153000;4177;5937465;2308;2;;;
427781;20260401;133000;153000;4177;6082488;2308;2;;;
427803;20260401;154500;174500;4042;6082347;2308;2;;;
427803;20260401;154500;174500;4042;5937325;2308;2;;;
467408;20260401;133000;164500;4039;5788181;2968;2;;;
423093;20260402;103000;123000;4014;5938931;2317;2;;;
423150;20260402;103000;123000;4014;5829221;2322;2;;;
423195;20260402;103000;123000;4014;5997464;2302;2;;;
423348;20260402;103000;123000;4014;5879558;2296;2;;;
423527;20260402;103000;123000;4018;5879358;2308;2;;;
423642;20260402;133000;153000;4016;5829223;2968;2;;;
424159;20260402;103000;123000;4021;5829024;2301;2;;;
424234;20260402;103000;123000;4021;5997675;520;2;;;
424354;20260402;103000;123000;4021;5959460;2294;2;;;
424354;20260402;103000;123000;4021;5879769;2294;2;;;
424459;20260402;103000;123000;4017;5997875;2291;2;;;
424652;20260402;133000;153000;4019;5959458;2317;2;;;
424652;20260402;133000;153000;4019;5997877;2317;2;;;
424652;20260402;133000;153000;4019;5938936;2317;2;;;
424652;20260402;133000;153000;4019;5954582;2317;2;;;
424652;20260402;133000;153000;4019;5879767;2317;2;;;
424652;20260402;133000;153000;4019;5879359;2317;2;;;
424652;20260402;133000;153000;4019;5829022;2317;2;;;
424652;20260402;133000;153000;4019;5997673;2317;2;;;
424652;20260402;133000;153000;4019;5997469;2317;2;;;
424652;20260402;133000;153000;4019;5879563;2317;2;;;
424683;20260402;133000;153000;4020;5997470;2319;2;;;
424683;20260402;133000;153000;4020;5829023;2319;2;;;
424683;20260402;133000;153000;4020;5879564;2319;2;;;
424683;20260402;133000;153000;4020;5997674;2319;2;;;
424683;20260402;133000;153000;4020;5879768;2319;2;;;
424683;20260402;133000;153000;4020;5879360;2319;2;;;
424683;20260402;133000;153000;4020;5938937;2319;2;;;
424683;20260402;133000;153000;4020;5997878;2319;2;;;
426992;20260402;103000;123000;4034;5954597;2316;2;;;
426992;20260402;103000;123000;4034;5807016;2316;2;;;
427310;20260402;91500;123000;4035;5937522;2293;2;;;
427310;20260402;91500;123000;4035;5872109;2293;2;;;
437460;20260402;91500;123000;10350;6081343;2319;2;;;
437460;20260402;91500;123000;10350;6081061;2319;2;;;
437460;20260402;91500;123000;10350;6082544;2319;2;;;
437460;20260402;91500;123000;10350;6081045;2319;2;;;
423657;20260402;154500;164500;4016;5829223;2968;2;;;
423745;20260403;91500;101500;4016;5997874;2294;2;;;
423760;20260403;103000;123000;4016;5997874;2294;2;;;
424667;20260402;154500;174500;4019;5959458;2317;2;;;
424667;20260402;154500;174500;4019;5997877;2317;2;;;
424667;20260402;154500;174500;4019;5938936;2317;2;;;
424667;20260402;154500;174500;4019;5954582;2317;2;;;
424667;20260402;154500;174500;4019;5879767;2317;2;;;
424667;20260402;154500;174500;4019;5879359;2317;2;;;
424667;20260402;154500;174500;4019;5829022;2317;2;;;
424667;20260402;154500;174500;4019;5997673;2317;2;;;
424667;20260402;154500;174500;4019;5997469;2317;2;;;
424667;20260402;154500;174500;4019;5879563;2317;2;;;
424698;20260402;154500;174500;4020;5997470;2319;2;;;
424698;20260402;154500;174500;4020;5829023;2319;2;;;
424698;20260402;154500;174500;4020;5879564;2319;2;;;
424698;20260402;154500;174500;4020;5997674;2319;2;;;
424698;20260402;154500;174500;4020;5879768;2319;2;;;
424698;20260402;154500;174500;4020;5879360;2319;2;;;
424698;20260402;154500;174500;4020;5938937;2319;2;;;
424698;20260402;154500;174500;4020;5997878;2319;2;;;
424727;20260403;81500;101500;4019;5959458;2317;2;;;
424727;20260403;81500;101500;4019;5938936;2317;2;;;
424727;20260403;81500;101500;4019;5954582;2317;2;;;
424727;20260403;81500;101500;4019;5879767;2317;2;;;
424727;20260403;81500;101500;4019;5879359;2317;2;;;
424727;20260403;81500;101500;4019;5829022;2317;2;;;
424727;20260403;81500;101500;4019;5997673;2317;2;;;
424727;20260403;81500;101500;4019;5997469;2317;2;;;
424727;20260403;81500;101500;4019;5829226;2317;2;;;
424727;20260403;81500;101500;4019;5879563;2317;2;;;
424759;20260403;81500;101500;4020;5829227;2301;2;;;
424759;20260403;81500;101500;4020;5997470;2301;2;;;
424759;20260403;81500;101500;4020;5829023;2301;2;;;
424759;20260403;81500;101500;4020;5879564;2301;2;;;
424759;20260403;81500;101500;4020;5997674;2301;2;;;
424759;20260403;81500;101500;4020;5879768;2301;2;;;
424759;20260403;81500;101500;4020;5879360;2301;2;;;
424759;20260403;81500;101500;4020;5938937;2301;2;;;
427057;20260403;91500;123000;4036;5954600;2302;2;;;
427057;20260403;91500;123000;4036;5807019;2302;2;;;
427872;20260403;81500;101500;4042;5937529;2313;2;;;
427872;20260403;81500;101500;4042;6082347;2313;2;;;
467363;20260403;81500;101500;4172;5788114;2316;2;;;
422763;20260420;81500;101500;4015;5938932;520;2;;;
422958;20260420;81500;101500;4018;5829021;2296;2;;;
423213;20260420;91500;101500;4014;5997668;2317;2;;;
423780;20260420;91500;101500;4016;6083382;2968;2;;;
423780;20260420;91500;101500;4016;5879356;2968;2;;;
424249;20260403;133000;153000;4021;5997675;2316;2;;;
424267;20260420;81500;101500;4021;5997879;2322;2;;;
424742;20260403;103000;123000;4019;5959458;2317;2;;;
424742;20260403;103000;123000;4019;5938936;2317;2;;;
424742;20260403;103000;123000;4019;5954582;2317;2;;;
424742;20260403;103000;123000;4019;5879767;2317;2;;;
424742;20260403;103000;123000;4019;5879359;2317;2;;;
424742;20260403;103000;123000;4019;5829022;2317;2;;;
424742;20260403;103000;123000;4019;5997673;2317;2;;;
424742;20260403;103000;123000;4019;5997469;2317;2;;;
424742;20260403;103000;123000;4019;5829226;2317;2;;;
424742;20260403;103000;123000;4019;5879563;2317;2;;;
424774;20260403;103000;123000;4020;5829227;2301;2;;;
424774;20260403;103000;123000;4020;5997470;2301;2;;;
424774;20260403;103000;123000;4020;5829023;2301;2;;;
424774;20260403;103000;123000;4020;5879564;2301;2;;;
424774;20260403;103000;123000;4020;5997674;2301;2;;;
424774;20260403;103000;123000;4020;5879768;2301;2;;;
424774;20260403;103000;123000;4020;5879360;2301;2;;;
424774;20260403;103000;123000;4020;5938937;2301;2;;;
427098;20260420;91500;123000;4036;5799591;2294;2;;;
427155;20260403;103000;123000;4034;5788379;2316;2;;;
427155;20260403;103000;123000;4034;5807220;2316;2;;;
427210;20260403;133000;164500;4037;5799592;2302;2;;;
427273;20260420;91500;123000;4037;5872111;2316;2;;;
427326;20260403;103000;123000;4034;5872107;2296;2;;;
427326;20260403;103000;123000;4034;5937520;2296;2;;;
427432;20260403;103000;133000;4045;5796276;2322;2;;;
427432;20260403;103000;133000;4045;5939167;2322;2;;;
427432;20260403;103000;133000;4045;5723047;2322;2;;;
427432;20260403;103000;133000;4045;5787983;2322;2;;;
427456;20260420;91500;123000;4035;5788177;2301;2;;;
427456;20260420;91500;123000;4035;5939157;2301;2;;;
427590;20260403;133000;164500;4040;6083407;2968;2;;;
427590;20260403;133000;164500;4040;5788386;2968;2;;;
427626;20260420;81500;174500;4043;5937326;2319;2;;;
427651;20260420;81500;174500;4043;5937530;2319;2;;;
437400;20260403;133000;174500;10350;6081343;2294;2;;;
437400;20260403;133000;174500;10350;6081035;2294;2;;;
437400;20260403;133000;174500;10350;6082544;2294;2;;;
437400;20260403;133000;174500;10350;6081046;2294;2;;;
422778;20260420;103000;123000;4015;5829018;520;2;;;
422793;20260420;133000;153000;4015;5829222;520;2;;;
422838;20260420;103000;123000;4015;5997873;2311;2;;;
422854;20260420;133000;153000;4015;5879355;2301;2;;;
423018;20260420;133000;153000;4014;5938931;2317;2;;;
423033;20260420;154500;164500;4014;5938931;2317;2;;;
423050;20260420;133000;153000;4014;5829017;2294;2;;;
423065;20260420;154500;164500;4014;5829017;2294;2;;;
423228;20260420;103000;123000;4014;5997668;2317;2;;;
423442;20260420;103000;123000;4018;5938935;2296;2;;;
423458;20260420;154500;174500;4018;5829225;2296;2;;;
423500;20260420;133000;153000;4018;5997672;2296;2;;;
423554;20260420;154500;174500;4018;5879562;2293;2;;;
423569;20260420;133000;153000;4018;5959457;2293;2;;;
423569;20260420;133000;153000;4018;5879766;2293;2;;;
423675;20260420;133000;153000;4016;5997466;2322;2;;;
423690;20260420;154500;164500;4016;5997466;2322;2;;;
423795;20260420;103000;123000;4016;6083382;2968;2;;;
423795;20260420;103000;123000;4016;5879356;2968;2;;;
424207;20260420;103000;123000;4021;5997471;2322;2;;;
424327;20260420;133000;153000;4021;5879565;2316;2;;;
424372;20260420;154500;174500;4021;5959460;2316;2;;;
424372;20260420;154500;174500;4021;5879769;2316;2;;;
427381;20260420;133000;174500;4046;5939168;2308;2;;;
427381;20260420;133000;174500;4046;5787984;2308;2;;;
427381;20260420;133000;174500;4046;5796277;2308;2;;;
437362;20260420;133000;174500;10350;6081343;2302;2;;;
437362;20260420;133000;174500;10350;6082544;2302;2;;;
437362;20260420;133000;174500;10350;6080997;2302;2;;;
437362;20260420;133000;174500;10350;6081021;2302;2;;;
437423;20260420;91500;123000;10350;6081343;2302;2;;;
437423;20260420;91500;123000;10350;6082544;2302;2;;;
437423;20260420;91500;123000;10350;6080999;2302;2;;;
468582;20260420;133000;174500;4041;5788183;2968;2;;;
468582;20260420;133000;174500;4041;5788387;2968;2;;;
422808;20260421;133000;153000;4015;5997465;520;2;;;
422823;20260421;103000;123000;4015;5997669;520;2;;;
423111;20260421;91500;101500;4014;5829221;2294;2;;;
423126;20260421;103000;123000;4014;5829221;2294;2;;;
423261;20260421;91500;101500;4014;5997872;2317;2;;;
423276;20260421;103000;123000;4014;5997872;2317;2;;;
423306;20260421;133000;153000;4014;5879354;2296;2;;;
423396;20260421;91500;101500;4014;5959453;2296;2;;;
423396;20260421;91500;101500;4014;5879762;2296;2;;;
423411;20260421;103000;123000;4014;5959453;2296;2;;;
423411;20260421;103000;123000;4014;5879762;2296;2;;;
423585;20260421;91500;101500;4016;5938933;2968;2;;;
423600;20260421;103000;123000;4016;5938933;2968;2;;;
423615;20260421;133000;153000;4016;5829019;2968;2;;;
423718;20260421;133000;153000;4016;5997670;2294;2;;;
423820;20260421;91500;101500;4016;5879560;2293;2;;;
423836;20260421;103000;123000;4016;5879560;2293;2;;;
423862;20260421;133000;153000;4016;5954579;2293;2;;;
423862;20260421;133000;153000;4016;5879764;2293;2;;;
424117;20260421;133000;153000;4021;5938938;2301;2;;;
424147;20260421;103000;123000;4021;5829024;2318;2;;;
424297;20260421;103000;123000;4021;5879361;2322;2;;;
424432;20260421;103000;123000;4017;5997467;2323;2;;;
424447;20260421;81500;101500;4017;5997671;2323;2;;;
427476;20260421;91500;123000;4040;5788182;2301;2;;;
427476;20260421;91500;123000;4040;6083407;2301;2;;;
427568;20260421;91500;123000;4039;5788385;2319;2;;;
427673;20260421;103000;123000;4042;6082347;2291;2;;;
427673;20260421;103000;123000;4042;5937325;2291;2;;;
422869;20260421;154500;174500;4015;5879559;520;2;;;
423321;20260421;154500;164500;4014;5879354;2296;2;;;
423366;20260422;91500;101500;4014;5879558;2301;2;;;
423630;20260421;154500;164500;4016;5829019;2968;2;;;
423733;20260421;154500;164500;4016;5997670;2294;2;;;
423877;20260421;154500;164500;4016;5954579;2293;2;;;
423877;20260421;154500;164500;4016;5879764;2293;2;;;
424177;20260421;133000;153000;4021;5829228;2317;2;;;
424222;20260421;154500;174500;4021;5997471;2322;2;;;
424282;20260421;133000;153000;4021;5997879;2322;2;;;
424387;20260421;154500;174500;4017;5938934;2319;2;;;
424492;20260421;133000;153000;4017;5879561;2319;2;;;
424534;20260422;81500;101500;4019;5959458;2317;2;;;
424534;20260422;81500;101500;4019;5997877;2317;2;;;
424534;20260422;81500;101500;4019;5938936;2317;2;;;
424534;20260422;81500;101500;4019;5954582;2317;2;;;
424534;20260422;81500;101500;4019;5879767;2317;2;;;
424534;20260422;81500;101500;4019;5879359;2317;2;;;
424534;20260422;81500;101500;4019;5829022;2317;2;;;
424534;20260422;81500;101500;4019;5997673;2317;2;;;
424534;20260422;81500;101500;4019;5997469;2317;2;;;
424534;20260422;81500;101500;4019;5829226;2317;2;;;
424601;20260422;81500;101500;4020;5829227;2968;2;;;
424601;20260422;81500;101500;4020;5997470;2968;2;;;
424601;20260422;81500;101500;4020;5829023;2968;2;;;
424601;20260422;81500;101500;4020;5997674;2968;2;;;
424601;20260422;81500;101500;4020;5879768;2968;2;;;
424601;20260422;81500;101500;4020;5879360;2968;2;;;
424601;20260422;81500;101500;4020;5938937;2968;2;;;
424601;20260422;81500;101500;4020;5997878;2968;2;;;
427722;20260421;133000;153000;4034;5937316;2302;2;;;
427722;20260421;133000;153000;4034;5796264;2302;2;;;
467397;20260421;133000;153000;4034;5788175;2316;2;;;
467397;20260421;133000;153000;4034;5939155;2316;2;;;
423168;20260422;133000;153000;4014;5997464;2322;2;;;
423183;20260422;154500;164500;4014;5997464;2322;2;;;
423291;20260422;133000;153000;4014;5997872;2317;2;;;
423381;20260422;103000;123000;4014;5879558;2301;2;;;
423426;20260422;133000;153000;4014;5959453;2316;2;;;
423426;20260422;133000;153000;4014;5879762;2316;2;;;
424192;20260422;154500;174500;4021;5829228;2317;2;;;
424312;20260422;133000;153000;4021;5879361;2301;2;;;
424402;20260422;133000;153000;4017;5829020;2293;2;;;
424417;20260422;133000;153000;4017;5829224;2302;2;;;
424549;20260422;103000;123000;4019;5959458;2317;2;;;
424549;20260422;103000;123000;4019;5997877;2317;2;;;
424549;20260422;103000;123000;4019;5938936;2317;2;;;
424549;20260422;103000;123000;4019;5954582;2317;2;;;
424549;20260422;103000;123000;4019;5879767;2317;2;;;
424549;20260422;103000;123000;4019;5879359;2317;2;;;
424549;20260422;103000;123000;4019;5829022;2317;2;;;
424549;20260422;103000;123000;4019;5997673;2317;2;;;
424549;20260422;103000;123000;4019;5997469;2317;2;;;
424549;20260422;103000;123000;4019;5829226;2317;2;;;
424616;20260422;103000;123000;4020;5829227;2968;2;;;
424616;20260422;103000;123000;4020;5997470;2968;2;;;
424616;20260422;103000;123000;4020;5829023;2968;2;;;
424616;20260422;103000;123000;4020;5997674;2968;2;;;
424616;20260422;103000;123000;4020;5879768;2968;2;;;
424616;20260422;103000;123000;4020;5879360;2968;2;;;
424616;20260422;103000;123000;4020;5938937;2968;2;;;
424616;20260422;103000;123000;4020;5997878;2968;2;;;
426944;20260422;91500;123000;4035;5787973;2291;2;;;
426944;20260422;91500;123000;4035;5807018;2291;2;;;
426966;20260422;133000;164500;4037;5807020;2294;2;;;
426966;20260422;133000;164500;4037;5954601;2294;2;;;
427122;20260422;133000;164500;4035;5807222;2313;2;;;
427122;20260422;133000;164500;4035;5788381;2313;2;;;
427293;20260422;133000;164500;4036;5872110;2319;2;;;
427694;20260422;133000;153000;4042;5937529;2291;2;;;
427694;20260422;133000;153000;4042;6082347;2291;2;;;
427784;20260422;133000;153000;4177;5937465;2308;2;;;
427784;20260422;133000;153000;4177;6082488;2308;2;;;
427849;20260422;103000;123000;4177;5937669;2313;2;;;
437383;20260422;91500;123000;10350;6081343;2316;2;;;
437383;20260422;91500;123000;10350;6082544;2316;2;;;
437383;20260422;91500;123000;10350;6081001;2316;2;;;
437383;20260422;91500;123000;10350;6080998;2316;2;;;
437443;20260422;91500;123000;10350;6081343;2302;2;;;
437443;20260422;91500;123000;10350;6081000;2302;2;;;
437443;20260422;91500;123000;10350;6081044;2302;2;;;
467411;20260422;133000;164500;4039;5788181;2968;2;;;
422884;20260423;81500;101500;4015;5959454;520;2;;;
422884;20260423;81500;101500;4015;5879763;520;2;;;
423081;20260423;81500;101500;4014;5829017;2322;2;;;
423096;20260423;103000;123000;4014;5938931;2317;2;;;
423153;20260423;103000;123000;4014;5829221;2322;2;;;
423198;20260423;103000;123000;4014;5997464;2302;2;;;
423243;20260423;81500;101500;4014;5997668;2317;2;;;
423336;20260423;81500;101500;4014;5879354;2296;2;;;
423351;20260423;103000;123000;4014;5879558;2296;2;;;
423485;20260423;81500;101500;4018;5997468;2316;2;;;
423485;20260423;81500;101500;4018;5959457;2316;2;;;
423515;20260423;81500;101500;4018;5997876;2308;2;;;
423530;20260423;103000;123000;4018;5879358;2308;2;;;
424132;20260423;81500;101500;4021;5938938;2301;2;;;
424162;20260423;103000;123000;4021;5829024;2301;2;;;
424237;20260423;103000;123000;4021;5997675;520;2;;;
424342;20260423;81500;101500;4021;5879565;2294;2;;;
424357;20260423;103000;123000;4021;5959460;2294;2;;;
424357;20260423;103000;123000;4021;5879769;2294;2;;;
424462;20260423;103000;123000;4017;5997875;2291;2;;;
424477;20260422;154500;174500;4017;5879357;2293;2;;;
424507;20260422;154500;174500;4017;5954580;2302;2;;;
424507;20260422;154500;174500;4017;5879765;2302;2;;;
427313;20260423;91500;123000;4035;5937522;2293;2;;;
427313;20260423;91500;123000;4035;5872109;2293;2;;;
427516;20260423;81500;123000;4041;5788183;2968;2;;;
427516;20260423;81500;123000;4041;5788387;2968;2;;;
427806;20260422;154500;174500;4042;6082347;2308;2;;;
427806;20260422;154500;174500;4042;5937325;2308;2;;;
437463;20260423;91500;123000;10350;6081343;2319;2;;;
437463;20260423;91500;123000;10350;6081061;2319;2;;;
437463;20260423;91500;123000;10350;6082544;2319;2;;;
437463;20260423;91500;123000;10350;6081045;2319;2;;;
423645;20260423;133000;153000;4016;5829223;2968;2;;;
423660;20260423;154500;164500;4016;5829223;2968;2;;;
424655;20260423;133000;153000;4019;5959458;2317;2;;;
424655;20260423;133000;153000;4019;5997877;2317;2;;;
424655;20260423;133000;153000;4019;5938936;2317;2;;;
424655;20260423;133000;153000;4019;5954582;2317;2;;;
424655;20260423;133000;153000;4019;5879767;2317;2;;;
424655;20260423;133000;153000;4019;5879359;2317;2;;;
424655;20260423;133000;153000;4019;5829022;2317;2;;;
424655;20260423;133000;153000;4019;5997673;2317;2;;;
424655;20260423;133000;153000;4019;5997469;2317;2;;;
424655;20260423;133000;153000;4019;5879563;2317;2;;;
424670;20260423;154500;174500;4019;5959458;2317;2;;;
424670;20260423;154500;174500;4019;5997877;2317;2;;;
424670;20260423;154500;174500;4019;5938936;2317;2;;;
424670;20260423;154500;174500;4019;5954582;2317;2;;;
424670;20260423;154500;174500;4019;5879767;2317;2;;;
424670;20260423;154500;174500;4019;5879359;2317;2;;;
424670;20260423;154500;174500;4019;5829022;2317;2;;;
424670;20260423;154500;174500;4019;5997673;2317;2;;;
424670;20260423;154500;174500;4019;5997469;2317;2;;;
424670;20260423;154500;174500;4019;5879563;2317;2;;;
424686;20260423;133000;153000;4020;5997470;2319;2;;;
424686;20260423;133000;153000;4020;5829023;2319;2;;;
424686;20260423;133000;153000;4020;5879564;2319;2;;;
424686;20260423;133000;153000;4020;5997674;2319;2;;;
424686;20260423;133000;153000;4020;5879768;2319;2;;;
424686;20260423;133000;153000;4020;5879360;2319;2;;;
424686;20260423;133000;153000;4020;5938937;2319;2;;;
424686;20260423;133000;153000;4020;5997878;2319;2;;;
424701;20260423;154500;174500;4020;5997470;2319;2;;;
424701;20260423;154500;174500;4020;5829023;2319;2;;;
424701;20260423;154500;174500;4020;5879564;2319;2;;;
424701;20260423;154500;174500;4020;5997674;2319;2;;;
424701;20260423;154500;174500;4020;5879768;2319;2;;;
424701;20260423;154500;174500;4020;5879360;2319;2;;;
424701;20260423;154500;174500;4020;5938937;2319;2;;;
424701;20260423;154500;174500;4020;5997878;2319;2;;;
424730;20260424;81500;101500;4019;5959458;2317;2;;;
424730;20260424;81500;101500;4019;5938936;2317;2;;;
424730;20260424;81500;101500;4019;5954582;2317;2;;;
424730;20260424;81500;101500;4019;5879767;2317;2;;;
424730;20260424;81500;101500;4019;5879359;2317;2;;;
424730;20260424;81500;101500;4019;5829022;2317;2;;;
424730;20260424;81500;101500;4019;5997673;2317;2;;;
424730;20260424;81500;101500;4019;5997469;2317;2;;;
424730;20260424;81500;101500;4019;5829226;2317;2;;;
424730;20260424;81500;101500;4019;5879563;2317;2;;;
424762;20260424;81500;101500;4020;5829227;2301;2;;;
424762;20260424;81500;101500;4020;5997470;2301;2;;;
424762;20260424;81500;101500;4020;5829023;2301;2;;;
424762;20260424;81500;101500;4020;5879564;2301;2;;;
424762;20260424;81500;101500;4020;5997674;2301;2;;;
424762;20260424;81500;101500;4020;5879768;2301;2;;;
424762;20260424;81500;101500;4020;5879360;2301;2;;;
424762;20260424;81500;101500;4020;5938937;2301;2;;;
426983;20260423;103000;123000;4034;5954597;2316;2;;;
426983;20260423;103000;123000;4034;5807016;2316;2;;;
427875;20260424;81500;101500;4042;5937529;2313;2;;;
427875;20260424;81500;101500;4042;6082347;2313;2;;;
423748;20260424;91500;101500;4016;5997874;2294;2;;;
423763;20260424;103000;123000;4016;5997874;2294;2;;;
424252;20260424;133000;153000;4021;5997675;2316;2;;;
424745;20260424;103000;123000;4019;5959458;2317;2;;;
424745;20260424;103000;123000;4019;5938936;2317;2;;;
424745;20260424;103000;123000;4019;5954582;2317;2;;;
424745;20260424;103000;123000;4019;5879767;2317;2;;;
424745;20260424;103000;123000;4019;5879359;2317;2;;;
424745;20260424;103000;123000;4019;5829022;2317;2;;;
424745;20260424;103000;123000;4019;5997673;2317;2;;;
424745;20260424;103000;123000;4019;5997469;2317;2;;;
424745;20260424;103000;123000;4019;5829226;2317;2;;;
424745;20260424;103000;123000;4019;5879563;2317;2;;;
424777;20260424;103000;123000;4020;5829227;2301;2;;;
424777;20260424;103000;123000;4020;5997470;2301;2;;;
424777;20260424;103000;123000;4020;5829023;2301;2;;;
424777;20260424;103000;123000;4020;5879564;2301;2;;;
424777;20260424;103000;123000;4020;5997674;2301;2;;;
424777;20260424;103000;123000;4020;5879768;2301;2;;;
424777;20260424;103000;123000;4020;5879360;2301;2;;;
424777;20260424;103000;123000;4020;5938937;2301;2;;;
427060;20260424;91500;123000;4036;5954600;2302;2;;;
427060;20260424;91500;123000;4036;5807019;2302;2;;;
427179;20260424;103000;123000;4034;5788379;2316;2;;;
427179;20260424;103000;123000;4034;5807220;2316;2;;;
427213;20260424;133000;164500;4037;5799592;2302;2;;;
427339;20260424;103000;123000;4034;5872107;2296;2;;;
427339;20260424;103000;123000;4034;5937520;2296;2;;;
427435;20260424;103000;133000;4045;5796276;2322;2;;;
427435;20260424;103000;133000;4045;5939167;2322;2;;;
427435;20260424;103000;133000;4045;5723047;2322;2;;;
427435;20260424;103000;133000;4045;5787983;2322;2;;;
427593;20260424;133000;164500;4040;6083407;2968;2;;;
427593;20260424;133000;164500;4040;5788386;2968;2;;;
437403;20260424;133000;174500;10350;6081343;2294;2;;;
437403;20260424;133000;174500;10350;6081035;2294;2;;;
437403;20260424;133000;174500;10350;6082544;2294;2;;;
437403;20260424;133000;174500;10350;6081046;2294;2;;;
467372;20260424;81500;101500;4172;5788114;2316;2;;;
422764;20260427;81500;101500;4015;5938932;520;2;;;
422779;20260427;103000;123000;4015;5829018;520;2;;;
422794;20260427;133000;153000;4015;5829222;520;2;;;
422839;20260427;103000;123000;4015;5997873;2311;2;;;
422855;20260427;133000;153000;4015;5879355;2301;2;;;
422959;20260427;81500;101500;4018;5829021;2296;2;;;
423019;20260427;133000;153000;4014;5938931;2317;2;;;
423051;20260427;133000;153000;4014;5829017;2294;2;;;
423214;20260427;91500;101500;4014;5997668;2317;2;;;
423229;20260427;103000;123000;4014;5997668;2317;2;;;
423443;20260427;103000;123000;4018;5938935;2296;2;;;
423501;20260427;133000;153000;4018;5997672;2296;2;;;
423570;20260427;133000;153000;4018;5959457;2293;2;;;
423570;20260427;133000;153000;4018;5879766;2293;2;;;
423676;20260427;133000;153000;4016;5997466;2322;2;;;
423781;20260427;91500;101500;4016;6083382;2968;2;;;
423781;20260427;91500;101500;4016;5879356;2968;2;;;
423796;20260427;103000;123000;4016;6083382;2968;2;;;
423796;20260427;103000;123000;4016;5879356;2968;2;;;
424208;20260427;103000;123000;4021;5997471;2322;2;;;
424268;20260427;81500;101500;4021;5997879;2322;2;;;
424328;20260427;133000;153000;4021;5879565;2316;2;;;
427099;20260427;91500;123000;4036;5799591;2294;2;;;
427274;20260427;91500;123000;4037;5872111;2316;2;;;
427457;20260427;91500;123000;4035;5788177;2301;2;;;
427457;20260427;91500;123000;4035;5939157;2301;2;;;
427627;20260427;81500;174500;4043;5937326;2319;2;;;
427652;20260427;81500;174500;4043;5937530;2319;2;;;
437424;20260427;91500;123000;10350;6081343;2302;2;;;
437424;20260427;91500;123000;10350;6082544;2302;2;;;
437424;20260427;91500;123000;10350;6080999;2302;2;;;
423034;20260427;154500;164500;4014;5938931;2317;2;;;
423066;20260427;154500;164500;4014;5829017;2294;2;;;
423112;20260428;91500;101500;4014;5829221;2294;2;;;
423262;20260428;91500;101500;4014;5997872;2317;2;;;
423397;20260428;91500;101500;4014;5959453;2296;2;;;
423397;20260428;91500;101500;4014;5879762;2296;2;;;
423459;20260427;154500;174500;4018;5829225;2296;2;;;
423555;20260427;154500;174500;4018;5879562;2293;2;;;
423586;20260428;91500;101500;4016;5938933;2968;2;;;
423691;20260427;154500;164500;4016;5997466;2322;2;;;
423821;20260428;91500;101500;4016;5879560;2293;2;;;
424373;20260427;154500;174500;4021;5959460;2316;2;;;
424373;20260427;154500;174500;4021;5879769;2316;2;;;
424448;20260428;81500;101500;4017;5997671;2323;2;;;
427382;20260427;133000;174500;4046;5939168;2308;2;;;
427382;20260427;133000;174500;4046;5787984;2308;2;;;
427382;20260427;133000;174500;4046;5796277;2308;2;;;
427477;20260428;91500;123000;4040;5788182;2301;2;;;
427477;20260428;91500;123000;4040;6083407;2301;2;;;
427569;20260428;91500;123000;4039;5788385;2319;2;;;
437363;20260427;133000;174500;10350;6081343;2302;2;;;
437363;20260427;133000;174500;10350;6082544;2302;2;;;
437363;20260427;133000;174500;10350;6080997;2302;2;;;
437363;20260427;133000;174500;10350;6081021;2302;2;;;
468583;20260427;133000;174500;4041;5788183;2968;2;;;
468583;20260427;133000;174500;4041;5788387;2968;2;;;
422809;20260428;133000;153000;4015;5997465;520;2;;;
422824;20260428;103000;123000;4015;5997669;520;2;;;
422870;20260428;154500;174500;4015;5879559;520;2;;;
423127;20260428;103000;123000;4014;5829221;2294;2;;;
423277;20260428;103000;123000;4014;5997872;2317;2;;;
423307;20260428;133000;153000;4014;5879354;2296;2;;;
423322;20260428;154500;164500;4014;5879354;2296;2;;;
423412;20260428;103000;123000;4014;5959453;2296;2;;;
423412;20260428;103000;123000;4014;5879762;2296;2;;;
423601;20260428;103000;123000;4016;5938933;2968;2;;;
423616;20260428;133000;153000;4016;5829019;2968;2;;;
423631;20260428;154500;164500;4016;5829019;2968;2;;;
423719;20260428;133000;153000;4016;5997670;2294;2;;;
423734;20260428;154500;164500;4016;5997670;2294;2;;;
423837;20260428;103000;123000;4016;5879560;2293;2;;;
423863;20260428;133000;153000;4016;5954579;2293;2;;;
423863;20260428;133000;153000;4016;5879764;2293;2;;;
423878;20260428;154500;164500;4016;5954579;2293;2;;;
423878;20260428;154500;164500;4016;5879764;2293;2;;;
424118;20260428;133000;153000;4021;5938938;2301;2;;;
424148;20260428;103000;123000;4021;5829024;2318;2;;;
424178;20260428;133000;153000;4021;5829228;2317;2;;;
424223;20260428;154500;174500;4021;5997471;2322;2;;;
424283;20260428;133000;153000;4021;5997879;2322;2;;;
424298;20260428;103000;123000;4021;5879361;2322;2;;;
424388;20260428;154500;174500;4017;5938934;2319;2;;;
424433;20260428;103000;123000;4017;5997467;2323;2;;;
424493;20260428;133000;153000;4017;5879561;2319;2;;;
427674;20260428;103000;123000;4042;6082347;2291;2;;;
427674;20260428;103000;123000;4042;5937325;2291;2;;;
427712;20260428;133000;153000;4034;5937316;2302;2;;;
427712;20260428;133000;153000;4034;5796264;2302;2;;;
467380;20260428;133000;153000;4034;5788175;2316;2;;;
467380;20260428;133000;153000;4034;5939155;2316;2;;;
423169;20260429;133000;153000;4014;5997464;2322;2;;;
423292;20260429;133000;153000;4014;5997872;2317;2;;;
423367;20260429;91500;101500;4014;5879558;2301;2;;;
423382;20260429;103000;123000;4014;5879558;2301;2;;;
423427;20260429;133000;153000;4014;5959453;2316;2;;;
423427;20260429;133000;153000;4014;5879762;2316;2;;;
424313;20260429;133000;153000;4021;5879361;2301;2;;;
424403;20260429;133000;153000;4017;5829020;2293;2;;;
424418;20260429;133000;153000;4017;5829224;2302;2;;;
424535;20260429;81500;101500;4019;5959458;2317;2;;;
424535;20260429;81500;101500;4019;5997877;2317;2;;;
424535;20260429;81500;101500;4019;5938936;2317;2;;;
424535;20260429;81500;101500;4019;5954582;2317;2;;;
424535;20260429;81500;101500;4019;5879767;2317;2;;;
424535;20260429;81500;101500;4019;5879359;2317;2;;;
424535;20260429;81500;101500;4019;5829022;2317;2;;;
424535;20260429;81500;101500;4019;5997673;2317;2;;;
424535;20260429;81500;101500;4019;5997469;2317;2;;;
424535;20260429;81500;101500;4019;5829226;2317;2;;;
424550;20260429;103000;123000;4019;5959458;2317;2;;;
424550;20260429;103000;123000;4019;5997877;2317;2;;;
424550;20260429;103000;123000;4019;5938936;2317;2;;;
424550;20260429;103000;123000;4019;5954582;2317;2;;;
424550;20260429;103000;123000;4019;5879767;2317;2;;;
424550;20260429;103000;123000;4019;5879359;2317;2;;;
424550;20260429;103000;123000;4019;5829022;2317;2;;;
424550;20260429;103000;123000;4019;5997673;2317;2;;;
424550;20260429;103000;123000;4019;5997469;2317;2;;;
424550;20260429;103000;123000;4019;5829226;2317;2;;;
424602;20260429;81500;101500;4020;5829227;2968;2;;;
424602;20260429;81500;101500;4020;5997470;2968;2;;;
424602;20260429;81500;101500;4020;5829023;2968;2;;;
424602;20260429;81500;101500;4020;5997674;2968;2;;;
424602;20260429;81500;101500;4020;5879768;2968;2;;;
424602;20260429;81500;101500;4020;5879360;2968;2;;;
424602;20260429;81500;101500;4020;5938937;2968;2;;;
424602;20260429;81500;101500;4020;5997878;2968;2;;;
424617;20260429;103000;123000;4020;5829227;2968;2;;;
424617;20260429;103000;123000;4020;5997470;2968;2;;;
424617;20260429;103000;123000;4020;5829023;2968;2;;;
424617;20260429;103000;123000;4020;5997674;2968;2;;;
424617;20260429;103000;123000;4020;5879768;2968;2;;;
424617;20260429;103000;123000;4020;5879360;2968;2;;;
424617;20260429;103000;123000;4020;5938937;2968;2;;;
424617;20260429;103000;123000;4020;5997878;2968;2;;;
426945;20260429;91500;123000;4035;5787973;2291;2;;;
426945;20260429;91500;123000;4035;5807018;2291;2;;;
427850;20260429;103000;123000;4177;5937669;2313;2;;;
437384;20260429;91500;123000;10350;6081343;2316;2;;;
437384;20260429;91500;123000;10350;6082544;2316;2;;;
437384;20260429;91500;123000;10350;6081001;2316;2;;;
437384;20260429;91500;123000;10350;6080998;2316;2;;;
437444;20260429;91500;123000;10350;6081343;2302;2;;;
437444;20260429;91500;123000;10350;6081000;2302;2;;;
437444;20260429;91500;123000;10350;6081044;2302;2;;;
422885;20260430;81500;101500;4015;5959454;520;2;;;
422885;20260430;81500;101500;4015;5879763;520;2;;;
423082;20260430;81500;101500;4014;5829017;2322;2;;;
423184;20260429;154500;164500;4014;5997464;2322;2;;;
423244;20260430;81500;101500;4014;5997668;2317;2;;;
423337;20260430;81500;101500;4014;5879354;2296;2;;;
423486;20260430;81500;101500;4018;5997468;2316;2;;;
423486;20260430;81500;101500;4018;5959457;2316;2;;;
423516;20260430;81500;101500;4018;5997876;2308;2;;;
424133;20260430;81500;101500;4021;5938938;2301;2;;;
424193;20260429;154500;174500;4021;5829228;2317;2;;;
424343;20260430;81500;101500;4021;5879565;2294;2;;;
424478;20260429;154500;174500;4017;5879357;2293;2;;;
424508;20260429;154500;174500;4017;5954580;2302;2;;;
424508;20260429;154500;174500;4017;5879765;2302;2;;;
426967;20260429;133000;164500;4037;5807020;2294;2;;;
426967;20260429;133000;164500;4037;5954601;2294;2;;;
427123;20260429;133000;164500;4035;5807222;2313;2;;;
427123;20260429;133000;164500;4035;5788381;2313;2;;;
427294;20260429;133000;164500;4036;5872110;2319;2;;;
427517;20260430;81500;123000;4041;5788183;2968;2;;;
427517;20260430;81500;123000;4041;5788387;2968;2;;;
427695;20260429;133000;153000;4042;5937529;2291;2;;;
427695;20260429;133000;153000;4042;6082347;2291;2;;;
427785;20260429;133000;153000;4177;5937465;2308;2;;;
427785;20260429;133000;153000;4177;6082488;2308;2;;;
427807;20260429;154500;174500;4042;6082347;2308;2;;;
427807;20260429;154500;174500;4042;5937325;2308;2;;;
467412;20260429;133000;164500;4039;5788181;2968;2;;;
423097;20260430;103000;123000;4014;5938931;2317;2;;;
423154;20260430;103000;123000;4014;5829221;2322;2;;;
423199;20260430;103000;123000;4014;5997464;2302;2;;;
423352;20260430;103000;123000;4014;5879558;2296;2;;;
423531;20260430;103000;123000;4018;5879358;2308;2;;;
423646;20260430;133000;153000;4016;5829223;2968;2;;;
424163;20260430;103000;123000;4021;5829024;2301;2;;;
424238;20260430;103000;123000;4021;5997675;520;2;;;
424358;20260430;103000;123000;4021;5959460;2294;2;;;
424358;20260430;103000;123000;4021;5879769;2294;2;;;
424463;20260430;103000;123000;4017;5997875;2291;2;;;
424656;20260430;133000;153000;4019;5959458;2317;2;;;
424656;20260430;133000;153000;4019;5997877;2317;2;;;
424656;20260430;133000;153000;4019;5938936;2317;2;;;
424656;20260430;133000;153000;4019;5954582;2317;2;;;
424656;20260430;133000;153000;4019;5879767;2317;2;;;
424656;20260430;133000;153000;4019;5879359;2317;2;;;
424656;20260430;133000;153000;4019;5829022;2317;2;;;
424656;20260430;133000;153000;4019;5997673;2317;2;;;
424656;20260430;133000;153000;4019;5997469;2317;2;;;
424656;20260430;133000;153000;4019;5879563;2317;2;;;
424687;20260430;133000;153000;4020;5997470;2319;2;;;
424687;20260430;133000;153000;4020;5829023;2319;2;;;
424687;20260430;133000;153000;4020;5879564;2319;2;;;
424687;20260430;133000;153000;4020;5997674;2319;2;;;
424687;20260430;133000;153000;4020;5879768;2319;2;;;
424687;20260430;133000;153000;4020;5879360;2319;2;;;
424687;20260430;133000;153000;4020;5938937;2319;2;;;
424687;20260430;133000;153000;4020;5997878;2319;2;;;
426994;20260430;103000;123000;4034;5954597;2316;2;;;
426994;20260430;103000;123000;4034;5807016;2316;2;;;
427314;20260430;91500;123000;4035;5937522;2293;2;;;
427314;20260430;91500;123000;4035;5872109;2293;2;;;
437464;20260430;91500;123000;10350;6081343;2319;2;;;
437464;20260430;91500;123000;10350;6081061;2319;2;;;
437464;20260430;91500;123000;10350;6082544;2319;2;;;
437464;20260430;91500;123000;10350;6081045;2319;2;;;
422765;20260504;81500;101500;4015;5938932;520;2;;;
422780;20260504;103000;123000;4015;5829018;520;2;;;
422840;20260504;103000;123000;4015;5997873;2311;2;;;
422960;20260504;81500;101500;4018;5829021;2296;2;;;
423215;20260504;91500;101500;4014;5997668;2317;2;;;
423230;20260504;103000;123000;4014;5997668;2317;2;;;
423444;20260504;103000;123000;4018;5938935;2296;2;;;
423661;20260430;154500;164500;4016;5829223;2968;2;;;
423782;20260504;91500;101500;4016;6083382;2968;2;;;
423782;20260504;91500;101500;4016;5879356;2968;2;;;
424269;20260504;81500;101500;4021;5997879;2322;2;;;
424671;20260430;154500;174500;4019;5959458;2317;2;;;
424671;20260430;154500;174500;4019;5997877;2317;2;;;
424671;20260430;154500;174500;4019;5938936;2317;2;;;
424671;20260430;154500;174500;4019;5954582;2317;2;;;
424671;20260430;154500;174500;4019;5879767;2317;2;;;
424671;20260430;154500;174500;4019;5879359;2317;2;;;
424671;20260430;154500;174500;4019;5829022;2317;2;;;
424671;20260430;154500;174500;4019;5997673;2317;2;;;
424671;20260430;154500;174500;4019;5997469;2317;2;;;
424671;20260430;154500;174500;4019;5879563;2317;2;;;
424702;20260430;154500;174500;4020;5997470;2319;2;;;
424702;20260430;154500;174500;4020;5829023;2319;2;;;
424702;20260430;154500;174500;4020;5879564;2319;2;;;
424702;20260430;154500;174500;4020;5997674;2319;2;;;
424702;20260430;154500;174500;4020;5879768;2319;2;;;
424702;20260430;154500;174500;4020;5879360;2319;2;;;
424702;20260430;154500;174500;4020;5938937;2319;2;;;
424702;20260430;154500;174500;4020;5997878;2319;2;;;
427100;20260504;91500;123000;4036;5799591;2294;2;;;
427275;20260504;91500;123000;4037;5872111;2316;2;;;
427458;20260504;91500;123000;4035;5788177;2301;2;;;
427458;20260504;91500;123000;4035;5939157;2301;2;;;
427628;20260504;81500;174500;4043;5937326;2319;2;;;
427653;20260504;81500;174500;4043;5937530;2319;2;;;
437425;20260504;91500;123000;10350;6081343;2302;2;;;
437425;20260504;91500;123000;10350;6082544;2302;2;;;
437425;20260504;91500;123000;10350;6080999;2302;2;;;
422795;20260504;133000;153000;4015;5829222;520;2;;;
422856;20260504;133000;153000;4015;5879355;2301;2;;;
423020;20260504;133000;153000;4014;5938931;2317;2;;;
423035;20260504;154500;164500;4014;5938931;2317;2;;;
423052;20260504;133000;153000;4014;5829017;2294;2;;;
423067;20260504;154500;164500;4014;5829017;2294;2;;;
423460;20260504;154500;174500;4018;5829225;2296;2;;;
423502;20260504;133000;153000;4018;5997672;2296;2;;;
423556;20260504;154500;174500;4018;5879562;2293;2;;;
423571;20260504;133000;153000;4018;5959457;2293;2;;;
423571;20260504;133000;153000;4018;5879766;2293;2;;;
423677;20260504;133000;153000;4016;5997466;2322;2;;;
423692;20260504;154500;164500;4016;5997466;2322;2;;;
423797;20260504;103000;123000;4016;6083382;2968;2;;;
423797;20260504;103000;123000;4016;5879356;2968;2;;;
424209;20260504;103000;123000;4021;5997471;2322;2;;;
424329;20260504;133000;153000;4021;5879565;2316;2;;;
424374;20260504;154500;174500;4021;5959460;2316;2;;;
424374;20260504;154500;174500;4021;5879769;2316;2;;;
424449;20260505;81500;101500;4017;5997671;2323;2;;;
427383;20260504;133000;174500;4046;5939168;2308;2;;;
427383;20260504;133000;174500;4046;5787984;2308;2;;;
427383;20260504;133000;174500;4046;5796277;2308;2;;;
437364;20260504;133000;174500;10350;6081343;2302;2;;;
437364;20260504;133000;174500;10350;6082544;2302;2;;;
437364;20260504;133000;174500;10350;6080997;2302;2;;;
437364;20260504;133000;174500;10350;6081021;2302;2;;;
468584;20260504;133000;174500;4041;5788183;2968;2;;;
468584;20260504;133000;174500;4041;5788387;2968;2;;;
422810;20260505;133000;153000;4015;5997465;520;2;;;
422825;20260505;103000;123000;4015;5997669;520;2;;;
423113;20260505;91500;101500;4014;5829221;2294;2;;;
423128;20260505;103000;123000;4014;5829221;2294;2;;;
423263;20260505;91500;101500;4014;5997872;2317;2;;;
423278;20260505;103000;123000;4014;5997872;2317;2;;;
423308;20260505;133000;153000;4014;5879354;2296;2;;;
423398;20260505;91500;101500;4014;5959453;2296;2;;;
423398;20260505;91500;101500;4014;5879762;2296;2;;;
423413;20260505;103000;123000;4014;5959453;2296;2;;;
423413;20260505;103000;123000;4014;5879762;2296;2;;;
423587;20260505;91500;101500;4016;5938933;2968;2;;;
423602;20260505;103000;123000;4016;5938933;2968;2;;;
423617;20260505;133000;153000;4016;5829019;2968;2;;;
423720;20260505;133000;153000;4016;5997670;2294;2;;;
423822;20260505;91500;101500;4016;5879560;2293;2;;;
423838;20260505;103000;123000;4016;5879560;2293;2;;;
423864;20260505;133000;153000;4016;5954579;2293;2;;;
423864;20260505;133000;153000;4016;5879764;2293;2;;;
424119;20260505;133000;153000;4021;5938938;2301;2;;;
424149;20260505;103000;123000;4021;5829024;2318;2;;;
424179;20260505;133000;153000;4021;5829228;2317;2;;;
424284;20260505;133000;153000;4021;5997879;2322;2;;;
424299;20260505;103000;123000;4021;5879361;2322;2;;;
424434;20260505;103000;123000;4017;5997467;2323;2;;;
424494;20260505;133000;153000;4017;5879561;2319;2;;;
427478;20260505;91500;123000;4040;5788182;2301;2;;;
427478;20260505;91500;123000;4040;6083407;2301;2;;;
427570;20260505;91500;123000;4039;5788385;2319;2;;;
427675;20260505;103000;123000;4042;6082347;2291;2;;;
427675;20260505;103000;123000;4042;5937325;2291;2;;;
427723;20260505;133000;153000;4034;5937316;2299;2;;;
427723;20260505;133000;153000;4034;5796264;2299;2;;;
467398;20260505;133000;153000;4034;5788175;2316;2;;;
467398;20260505;133000;153000;4034;5939155;2316;2;;;
422871;20260505;154500;174500;4015;5879559;520;2;;;
423323;20260505;154500;164500;4014;5879354;2296;2;;;
423368;20260506;91500;101500;4014;5879558;2301;2;;;
423383;20260506;103000;123000;4014;5879558;2301;2;;;
423632;20260505;154500;164500;4016;5829019;2968;2;;;
423735;20260505;154500;164500;4016;5997670;2294;2;;;
423879;20260505;154500;164500;4016;5954579;2293;2;;;
423879;20260505;154500;164500;4016;5879764;2293;2;;;
424224;20260505;154500;174500;4021;5997471;2322;2;;;
424389;20260505;154500;174500;4017;5938934;2319;2;;;
424536;20260506;81500;101500;4019;5959458;2317;2;;;
424536;20260506;81500;101500;4019;5997877;2317;2;;;
424536;20260506;81500;101500;4019;5938936;2317;2;;;
424536;20260506;81500;101500;4019;5954582;2317;2;;;
424536;20260506;81500;101500;4019;5879767;2317;2;;;
424536;20260506;81500;101500;4019;5879359;2317;2;;;
424536;20260506;81500;101500;4019;5829022;2317;2;;;
424536;20260506;81500;101500;4019;5997673;2317;2;;;
424536;20260506;81500;101500;4019;5997469;2317;2;;;
424536;20260506;81500;101500;4019;5829226;2317;2;;;
424603;20260506;81500;101500;4020;5829227;2968;2;;;
424603;20260506;81500;101500;4020;5997470;2968;2;;;
424603;20260506;81500;101500;4020;5829023;2968;2;;;
424603;20260506;81500;101500;4020;5997674;2968;2;;;
424603;20260506;81500;101500;4020;5879768;2968;2;;;
424603;20260506;81500;101500;4020;5879360;2968;2;;;
424603;20260506;81500;101500;4020;5938937;2968;2;;;
424603;20260506;81500;101500;4020;5997878;2968;2;;;
426946;20260506;91500;123000;4035;5787973;2291;2;;;
426946;20260506;91500;123000;4035;5807018;2291;2;;;
437385;20260506;91500;123000;10350;6081343;2316;2;;;
437385;20260506;91500;123000;10350;6082544;2316;2;;;
437385;20260506;91500;123000;10350;6081001;2316;2;;;
437385;20260506;91500;123000;10350;6080998;2316;2;;;
437445;20260506;91500;123000;10350;6081343;2302;2;;;
437445;20260506;91500;123000;10350;6081000;2302;2;;;
437445;20260506;91500;123000;10350;6081044;2302;2;;;
422886;20260507;81500;101500;4015;5959454;520;2;;;
422886;20260507;81500;101500;4015;5879763;520;2;;;
423083;20260507;81500;101500;4014;5829017;2322;2;;;
423170;20260506;133000;153000;4014;5997464;2322;2;;;
423185;20260506;154500;164500;4014;5997464;2322;2;;;
423245;20260507;81500;101500;4014;5997668;2317;2;;;
423293;20260506;133000;153000;4014;5997872;2317;2;;;
423338;20260507;81500;101500;4014;5879354;2296;2;;;
423428;20260506;133000;153000;4014;5959453;2316;2;;;
423428;20260506;133000;153000;4014;5879762;2316;2;;;
424194;20260506;154500;174500;4021;5829228;2317;2;;;
424314;20260506;133000;153000;4021;5879361;2301;2;;;
424404;20260506;133000;153000;4017;5829020;2293;2;;;
424419;20260506;133000;153000;4017;5829224;2302;2;;;
424479;20260506;154500;174500;4017;5879357;2293;2;;;
424509;20260506;154500;174500;4017;5954580;2302;2;;;
424509;20260506;154500;174500;4017;5879765;2302;2;;;
424551;20260506;103000;123000;4019;5959458;2317;2;;;
424551;20260506;103000;123000;4019;5997877;2317;2;;;
424551;20260506;103000;123000;4019;5938936;2317;2;;;
424551;20260506;103000;123000;4019;5954582;2317;2;;;
424551;20260506;103000;123000;4019;5879767;2317;2;;;
424551;20260506;103000;123000;4019;5879359;2317;2;;;
424551;20260506;103000;123000;4019;5829022;2317;2;;;
424551;20260506;103000;123000;4019;5997673;2317;2;;;
424551;20260506;103000;123000;4019;5997469;2317;2;;;
424551;20260506;103000;123000;4019;5829226;2317;2;;;
424618;20260506;103000;123000;4020;5829227;2968;2;;;
424618;20260506;103000;123000;4020;5997470;2968;2;;;
424618;20260506;103000;123000;4020;5829023;2968;2;;;
424618;20260506;103000;123000;4020;5997674;2968;2;;;
424618;20260506;103000;123000;4020;5879768;2968;2;;;
424618;20260506;103000;123000;4020;5879360;2968;2;;;
424618;20260506;103000;123000;4020;5938937;2968;2;;;
424618;20260506;103000;123000;4020;5997878;2968;2;;;
426968;20260506;133000;164500;4037;5807020;2294;2;;;
426968;20260506;133000;164500;4037;5954601;2294;2;;;
427124;20260506;133000;164500;4035;5807222;2313;2;;;
427124;20260506;133000;164500;4035;5788381;2313;2;;;
427295;20260506;133000;164500;4036;5872110;2319;2;;;
427696;20260506;133000;153000;4042;5937529;2291;2;;;
427696;20260506;133000;153000;4042;6082347;2291;2;;;
427786;20260506;133000;153000;4177;5937465;2308;2;;;
427786;20260506;133000;153000;4177;6082488;2308;2;;;
427808;20260506;154500;174500;4042;6082347;2308;2;;;
427808;20260506;154500;174500;4042;5937325;2308;2;;;
427851;20260506;103000;123000;4177;5937669;2313;2;;;
467413;20260506;133000;164500;4039;5788181;2968;2;;;
423098;20260507;103000;123000;4014;5938931;2317;2;;;
423155;20260507;103000;123000;4014;5829221;2322;2;;;
423200;20260507;103000;123000;4014;5997464;2302;2;;;
423353;20260507;103000;123000;4014;5879558;2296;2;;;
423487;20260507;81500;101500;4018;5997468;2316;2;;;
423487;20260507;81500;101500;4018;5959457;2316;2;;;
423517;20260507;81500;101500;4018;5997876;2308;2;;;
423532;20260507;103000;123000;4018;5879358;2308;2;;;
423647;20260507;133000;153000;4016;5829223;2968;2;;;
424134;20260507;81500;101500;4021;5938938;2301;2;;;
424164;20260507;103000;123000;4021;5829024;2301;2;;;
424239;20260507;103000;123000;4021;5997675;520;2;;;
424344;20260507;81500;101500;4021;5879565;2294;2;;;
424359;20260507;103000;123000;4021;5959460;2294;2;;;
424359;20260507;103000;123000;4021;5879769;2294;2;;;
424464;20260507;103000;123000;4017;5997875;2291;2;;;
424657;20260507;133000;153000;4019;5959458;2317;2;;;
424657;20260507;133000;153000;4019;5997877;2317;2;;;
424657;20260507;133000;153000;4019;5938936;2317;2;;;
424657;20260507;133000;153000;4019;5954582;2317;2;;;
424657;20260507;133000;153000;4019;5879767;2317;2;;;
424657;20260507;133000;153000;4019;5879359;2317;2;;;
424657;20260507;133000;153000;4019;5829022;2317;2;;;
424657;20260507;133000;153000;4019;5997673;2317;2;;;
424657;20260507;133000;153000;4019;5997469;2317;2;;;
424657;20260507;133000;153000;4019;5879563;2317;2;;;
424688;20260507;133000;153000;4020;5997470;2319;2;;;
424688;20260507;133000;153000;4020;5829023;2319;2;;;
424688;20260507;133000;153000;4020;5879564;2319;2;;;
424688;20260507;133000;153000;4020;5997674;2319;2;;;
424688;20260507;133000;153000;4020;5879768;2319;2;;;
424688;20260507;133000;153000;4020;5879360;2319;2;;;
424688;20260507;133000;153000;4020;5938937;2319;2;;;
424688;20260507;133000;153000;4020;5997878;2319;2;;;
426984;20260507;103000;123000;4034;5954597;2316;2;;;
426984;20260507;103000;123000;4034;5807016;2316;2;;;
427315;20260507;91500;123000;4035;5937522;2293;2;;;
427315;20260507;91500;123000;4035;5872109;2293;2;;;
427518;20260507;81500;123000;4041;5788183;2968;2;;;
427518;20260507;81500;123000;4041;5788387;2968;2;;;
437465;20260507;91500;123000;10350;6081343;2319;2;;;
437465;20260507;91500;123000;10350;6081061;2319;2;;;
437465;20260507;91500;123000;10350;6082544;2319;2;;;
437465;20260507;91500;123000;10350;6081045;2319;2;;;
423662;20260507;154500;164500;4016;5829223;2968;2;;;
423750;20260508;91500;101500;4016;5997874;2294;2;;;
423765;20260508;103000;123000;4016;5997874;2294;2;;;
424672;20260507;154500;174500;4019;5959458;2317;2;;;
424672;20260507;154500;174500;4019;5997877;2317;2;;;
424672;20260507;154500;174500;4019;5938936;2317;2;;;
424672;20260507;154500;174500;4019;5954582;2317;2;;;
424672;20260507;154500;174500;4019;5879767;2317;2;;;
424672;20260507;154500;174500;4019;5879359;2317;2;;;
424672;20260507;154500;174500;4019;5829022;2317;2;;;
424672;20260507;154500;174500;4019;5997673;2317;2;;;
424672;20260507;154500;174500;4019;5997469;2317;2;;;
424672;20260507;154500;174500;4019;5879563;2317;2;;;
424703;20260507;154500;174500;4020;5997470;2319;2;;;
424703;20260507;154500;174500;4020;5829023;2319;2;;;
424703;20260507;154500;174500;4020;5879564;2319;2;;;
424703;20260507;154500;174500;4020;5997674;2319;2;;;
424703;20260507;154500;174500;4020;5879768;2319;2;;;
424703;20260507;154500;174500;4020;5879360;2319;2;;;
424703;20260507;154500;174500;4020;5938937;2319;2;;;
424703;20260507;154500;174500;4020;5997878;2319;2;;;
424732;20260508;81500;101500;4019;5959458;2317;2;;;
424732;20260508;81500;101500;4019;5938936;2317;2;;;
424732;20260508;81500;101500;4019;5954582;2317;2;;;
424732;20260508;81500;101500;4019;5879767;2317;2;;;
424732;20260508;81500;101500;4019;5879359;2317;2;;;
424732;20260508;81500;101500;4019;5829022;2317;2;;;
424732;20260508;81500;101500;4019;5997673;2317;2;;;
424732;20260508;81500;101500;4019;5997469;2317;2;;;
424732;20260508;81500;101500;4019;5829226;2317;2;;;
424732;20260508;81500;101500;4019;5879563;2317;2;;;
424764;20260508;81500;101500;4020;5829227;2301;2;;;
424764;20260508;81500;101500;4020;5997470;2301;2;;;
424764;20260508;81500;101500;4020;5829023;2301;2;;;
424764;20260508;81500;101500;4020;5879564;2301;2;;;
424764;20260508;81500;101500;4020;5997674;2301;2;;;
424764;20260508;81500;101500;4020;5879768;2301;2;;;
424764;20260508;81500;101500;4020;5879360;2301;2;;;
424764;20260508;81500;101500;4020;5938937;2301;2;;;
427062;20260508;91500;123000;4036;5954600;2302;2;;;
427062;20260508;91500;123000;4036;5807019;2302;2;;;
427877;20260508;81500;101500;4042;5937529;2313;2;;;
427877;20260508;81500;101500;4042;6082347;2313;2;;;
467373;20260508;81500;101500;4172;5788114;2316;2;;;
422766;20260511;81500;101500;4015;5938932;520;2;;;
422781;20260511;103000;123000;4015;5829018;520;2;;;
422961;20260511;81500;101500;4018;5829021;2296;2;;;
423216;20260511;91500;101500;4014;5997668;2317;2;;;
423783;20260511;91500;101500;4016;6083382;2968;2;;;
423783;20260511;91500;101500;4016;5879356;2968;2;;;
424254;20260508;133000;153000;4021;5997675;2316;2;;;
424270;20260511;81500;101500;4021;5997879;2322;2;;;
424747;20260508;103000;123000;4019;5959458;2317;2;;;
424747;20260508;103000;123000;4019;5938936;2317;2;;;
424747;20260508;103000;123000;4019;5954582;2317;2;;;
424747;20260508;103000;123000;4019;5879767;2317;2;;;
424747;20260508;103000;123000;4019;5879359;2317;2;;;
424747;20260508;103000;123000;4019;5829022;2317;2;;;
424747;20260508;103000;123000;4019;5997673;2317;2;;;
424747;20260508;103000;123000;4019;5997469;2317;2;;;
424747;20260508;103000;123000;4019;5829226;2317;2;;;
424747;20260508;103000;123000;4019;5879563;2317;2;;;
424779;20260508;103000;123000;4020;5829227;2301;2;;;
424779;20260508;103000;123000;4020;5997470;2301;2;;;
424779;20260508;103000;123000;4020;5829023;2301;2;;;
424779;20260508;103000;123000;4020;5879564;2301;2;;;
424779;20260508;103000;123000;4020;5997674;2301;2;;;
424779;20260508;103000;123000;4020;5879768;2301;2;;;
424779;20260508;103000;123000;4020;5879360;2301;2;;;
424779;20260508;103000;123000;4020;5938937;2301;2;;;
427101;20260511;91500;123000;4036;5799591;2294;2;;;
427180;20260508;103000;123000;4034;5788379;2316;2;;;
427180;20260508;103000;123000;4034;5807220;2316;2;;;
427215;20260508;133000;164500;4037;5799592;2302;2;;;
427276;20260511;91500;123000;4037;5872111;2316;2;;;
427340;20260508;103000;123000;4034;5872107;2296;2;;;
427340;20260508;103000;123000;4034;5937520;2296;2;;;
427437;20260508;103000;133000;4045;5796276;2322;2;;;
427437;20260508;103000;133000;4045;5939167;2322;2;;;
427437;20260508;103000;133000;4045;5723047;2322;2;;;
427437;20260508;103000;133000;4045;5787983;2322;2;;;
427459;20260511;91500;123000;4035;5788177;2301;2;;;
427459;20260511;91500;123000;4035;5939157;2301;2;;;
427595;20260508;133000;164500;4040;6083407;2968;2;;;
427595;20260508;133000;164500;4040;5788386;2968;2;;;
427629;20260511;81500;174500;4043;5937326;2319;2;;;
427654;20260511;81500;174500;4043;5937530;2319;2;;;
437405;20260508;133000;174500;10350;6081343;2294;2;;;
437405;20260508;133000;174500;10350;6081035;2294;2;;;
437405;20260508;133000;174500;10350;6082544;2294;2;;;
437405;20260508;133000;174500;10350;6081046;2294;2;;;
437426;20260511;91500;123000;10350;6081343;2302;2;;;
437426;20260511;91500;123000;10350;6082544;2302;2;;;
437426;20260511;91500;123000;10350;6080999;2302;2;;;
422796;20260511;133000;153000;4015;5829222;520;2;;;
422826;20260512;103000;123000;4015;5997669;520;2;;;
422841;20260511;103000;123000;4015;5997873;2311;2;;;
422857;20260511;133000;153000;4015;5879355;2301;2;;;
423021;20260511;133000;153000;4014;5938931;2317;2;;;
423036;20260511;154500;164500;4014;5938931;2317;2;;;
423053;20260511;133000;153000;4014;5829017;2294;2;;;
423068;20260511;154500;164500;4014;5829017;2294;2;;;
423114;20260512;91500;101500;4014;5829221;2294;2;;;
423129;20260512;103000;123000;4014;5829221;2294;2;;;
423231;20260511;103000;123000;4014;5997668;2317;2;;;
423264;20260512;91500;101500;4014;5997872;2317;2;;;
423279;20260512;103000;123000;4014;5997872;2317;2;;;
423399;20260512;91500;101500;4014;5959453;2296;2;;;
423399;20260512;91500;101500;4014;5879762;2296;2;;;
423445;20260511;103000;123000;4018;5938935;2296;2;;;
423461;20260511;154500;174500;4018;5829225;2296;2;;;
423503;20260511;133000;153000;4018;5997672;2296;2;;;
423557;20260511;154500;174500;4018;5879562;2293;2;;;
423572;20260511;133000;153000;4018;5959457;2293;2;;;
423572;20260511;133000;153000;4018;5879766;2293;2;;;
423588;20260512;91500;101500;4016;5938933;2968;2;;;
423678;20260511;133000;153000;4016;5997466;2322;2;;;
423693;20260511;154500;164500;4016;5997466;2322;2;;;
423798;20260511;103000;123000;4016;6083382;2968;2;;;
423798;20260511;103000;123000;4016;5879356;2968;2;;;
423823;20260512;91500;101500;4016;5879560;2293;2;;;
424210;20260511;103000;123000;4021;5997471;2322;2;;;
424330;20260511;133000;153000;4021;5879565;2316;2;;;
424375;20260511;154500;174500;4021;5959460;2316;2;;;
424375;20260511;154500;174500;4021;5879769;2316;2;;;
424450;20260512;81500;101500;4017;5997671;2323;2;;;
427384;20260511;133000;174500;4046;5939168;2308;2;;;
427384;20260511;133000;174500;4046;5787984;2308;2;;;
427384;20260511;133000;174500;4046;5796277;2308;2;;;
427479;20260512;91500;123000;4040;5788182;2301;2;;;
427479;20260512;91500;123000;4040;6083407;2301;2;;;
427571;20260512;91500;123000;4039;5788385;2319;2;;;
437365;20260511;133000;174500;10350;6081343;2302;2;;;
437365;20260511;133000;174500;10350;6082544;2302;2;;;
437365;20260511;133000;174500;10350;6080997;2302;2;;;
437365;20260511;133000;174500;10350;6081021;2302;2;;;
468585;20260511;133000;174500;4041;5788183;2968;2;;;
468585;20260511;133000;174500;4041;5788387;2968;2;;;
422811;20260512;133000;153000;4015;5997465;520;2;;;
422872;20260512;154500;174500;4015;5879559;520;2;;;
423309;20260512;133000;153000;4014;5879354;2296;2;;;
423324;20260512;154500;164500;4014;5879354;2296;2;;;
423369;20260513;91500;101500;4014;5879558;2301;2;;;
423414;20260512;103000;123000;4014;5959453;2296;2;;;
423414;20260512;103000;123000;4014;5879762;2296;2;;;
423603;20260512;103000;123000;4016;5938933;2968;2;;;
423618;20260512;133000;153000;4016;5829019;2968;2;;;
423633;20260512;154500;164500;4016;5829019;2968;2;;;
423721;20260512;133000;153000;4016;5997670;2294;2;;;
423736;20260512;154500;164500;4016;5997670;2294;2;;;
423839;20260512;103000;123000;4016;5879560;2293;2;;;
423865;20260512;133000;153000;4016;5954579;2293;2;;;
423865;20260512;133000;153000;4016;5879764;2293;2;;;
423880;20260512;154500;164500;4016;5954579;2293;2;;;
423880;20260512;154500;164500;4016;5879764;2293;2;;;
424120;20260512;133000;153000;4021;5938938;2301;2;;;
424150;20260512;103000;123000;4021;5829024;2318;2;;;
424180;20260512;133000;153000;4021;5829228;2317;2;;;
424225;20260512;154500;174500;4021;5997471;2322;2;;;
424285;20260512;133000;153000;4021;5997879;2322;2;;;
424300;20260512;103000;123000;4021;5879361;2322;2;;;
424390;20260512;154500;174500;4017;5938934;2319;2;;;
424435;20260512;103000;123000;4017;5997467;2323;2;;;
424495;20260512;133000;153000;4017;5879561;2319;2;;;
424537;20260513;81500;101500;4019;5959458;2317;2;;;
424537;20260513;81500;101500;4019;5997877;2317;2;;;
424537;20260513;81500;101500;4019;5938936;2317;2;;;
424537;20260513;81500;101500;4019;5954582;2317;2;;;
424537;20260513;81500;101500;4019;5879767;2317;2;;;
424537;20260513;81500;101500;4019;5879359;2317;2;;;
424537;20260513;81500;101500;4019;5829022;2317;2;;;
424537;20260513;81500;101500;4019;5997673;2317;2;;;
424537;20260513;81500;101500;4019;5997469;2317;2;;;
424537;20260513;81500;101500;4019;5829226;2317;2;;;
424604;20260513;81500;101500;4020;5829227;2968;2;;;
424604;20260513;81500;101500;4020;5997470;2968;2;;;
424604;20260513;81500;101500;4020;5829023;2968;2;;;
424604;20260513;81500;101500;4020;5997674;2968;2;;;
424604;20260513;81500;101500;4020;5879768;2968;2;;;
424604;20260513;81500;101500;4020;5879360;2968;2;;;
424604;20260513;81500;101500;4020;5938937;2968;2;;;
424604;20260513;81500;101500;4020;5997878;2968;2;;;
426947;20260513;91500;123000;4035;5787973;2291;2;;;
426947;20260513;91500;123000;4035;5807018;2291;2;;;
427676;20260512;103000;123000;4042;6082347;2291;2;;;
427676;20260512;103000;123000;4042;5937325;2291;2;;;
427713;20260512;133000;153000;4034;5937316;2302;2;;;
427713;20260512;133000;153000;4034;5796264;2302;2;;;
467381;20260512;133000;153000;4034;5788175;2316;2;;;
467381;20260512;133000;153000;4034;5939155;2316;2;;;
422767;20260518;81500;101500;4015;5938932;520;2;;;
422962;20260518;81500;101500;4018;5829021;2296;2;;;
423171;20260513;133000;153000;4014;5997464;2322;2;;;
423186;20260513;154500;164500;4014;5997464;2322;2;;;
423294;20260513;133000;153000;4014;5997872;2317;2;;;
423384;20260513;103000;123000;4014;5879558;2301;2;;;
423429;20260513;133000;153000;4014;5959453;2316;2;;;
423429;20260513;133000;153000;4014;5879762;2316;2;;;
424195;20260513;154500;174500;4021;5829228;2317;2;;;
424271;20260518;81500;101500;4021;5997879;2322;2;;;
424315;20260513;133000;153000;4021;5879361;2301;2;;;
424405;20260513;133000;153000;4017;5829020;2293;2;;;
424420;20260513;133000;153000;4017;5829224;2302;2;;;
424480;20260513;154500;174500;4017;5879357;2293;2;;;
424510;20260513;154500;174500;4017;5954580;2302;2;;;
424510;20260513;154500;174500;4017;5879765;2302;2;;;
424552;20260513;103000;123000;4019;5959458;2317;2;;;
424552;20260513;103000;123000;4019;5997877;2317;2;;;
424552;20260513;103000;123000;4019;5938936;2317;2;;;
424552;20260513;103000;123000;4019;5954582;2317;2;;;
424552;20260513;103000;123000;4019;5879767;2317;2;;;
424552;20260513;103000;123000;4019;5879359;2317;2;;;
424552;20260513;103000;123000;4019;5829022;2317;2;;;
424552;20260513;103000;123000;4019;5997673;2317;2;;;
424552;20260513;103000;123000;4019;5997469;2317;2;;;
424552;20260513;103000;123000;4019;5829226;2317;2;;;
424619;20260513;103000;123000;4020;5829227;2968;2;;;
424619;20260513;103000;123000;4020;5997470;2968;2;;;
424619;20260513;103000;123000;4020;5829023;2968;2;;;
424619;20260513;103000;123000;4020;5997674;2968;2;;;
424619;20260513;103000;123000;4020;5879768;2968;2;;;
424619;20260513;103000;123000;4020;5879360;2968;2;;;
424619;20260513;103000;123000;4020;5938937;2968;2;;;
424619;20260513;103000;123000;4020;5997878;2968;2;;;
426969;20260513;133000;164500;4037;5807020;2294;2;;;
426969;20260513;133000;164500;4037;5954601;2294;2;;;
427125;20260513;133000;164500;4035;5807222;2313;2;;;
427125;20260513;133000;164500;4035;5788381;2313;2;;;
427296;20260513;133000;164500;4036;5872110;2319;2;;;
427697;20260513;133000;153000;4042;5937529;2291;2;;;
427697;20260513;133000;153000;4042;6082347;2291;2;;;
427787;20260513;133000;153000;4177;5937465;2308;2;;;
427787;20260513;133000;153000;4177;6082488;2308;2;;;
427809;20260513;154500;174500;4042;6082347;2308;2;;;
427809;20260513;154500;174500;4042;5937325;2308;2;;;
427852;20260513;103000;123000;4177;5937669;2313;2;;;
437386;20260513;91500;123000;10350;6081343;2316;2;;;
437386;20260513;91500;123000;10350;6082544;2316;2;;;
437386;20260513;91500;123000;10350;6081001;2316;2;;;
437386;20260513;91500;123000;10350;6080998;2316;2;;;
437446;20260513;91500;123000;10350;6081343;2302;2;;;
437446;20260513;91500;123000;10350;6081000;2302;2;;;
437446;20260513;91500;123000;10350;6081044;2302;2;;;
467414;20260513;133000;164500;4039;5788181;2968;2;;;
422782;20260518;103000;123000;4015;5829018;520;2;;;
422797;20260518;133000;153000;4015;5829222;520;2;;;
422842;20260518;103000;123000;4015;5997873;2311;2;;;
422858;20260518;133000;153000;4015;5879355;2301;2;;;
423022;20260518;133000;153000;4014;5938931;2317;2;;;
423037;20260518;154500;164500;4014;5938931;2317;2;;;
423054;20260518;133000;153000;4014;5829017;2294;2;;;
423069;20260518;154500;164500;4014;5829017;2294;2;;;
423217;20260518;91500;101500;4014;5997668;2317;2;;;
423232;20260518;103000;123000;4014;5997668;2317;2;;;
423446;20260518;103000;123000;4018;5938935;2296;2;;;
423462;20260518;154500;174500;4018;5829225;2296;2;;;
423504;20260518;133000;153000;4018;5997672;2296;2;;;
423558;20260518;154500;174500;4018;5879562;2293;2;;;
423573;20260518;133000;153000;4018;5959457;2293;2;;;
423573;20260518;133000;153000;4018;5879766;2293;2;;;
423679;20260518;133000;153000;4016;5997466;2322;2;;;
423694;20260518;154500;164500;4016;5997466;2322;2;;;
423784;20260518;91500;101500;4016;6083382;2968;2;;;
423784;20260518;91500;101500;4016;5879356;2968;2;;;
423799;20260518;103000;123000;4016;6083382;2968;2;;;
423799;20260518;103000;123000;4016;5879356;2968;2;;;
424211;20260518;103000;123000;4021;5997471;2322;2;;;
424331;20260518;133000;153000;4021;5879565;2316;2;;;
424376;20260518;154500;174500;4021;5959460;2316;2;;;
424376;20260518;154500;174500;4021;5879769;2316;2;;;
427102;20260518;91500;123000;4036;5799591;2294;2;;;
427277;20260518;91500;123000;4037;5872111;2316;2;;;
427385;20260518;133000;174500;4046;5939168;2308;2;;;
427385;20260518;133000;174500;4046;5787984;2308;2;;;
427385;20260518;133000;174500;4046;5796277;2308;2;;;
427460;20260518;91500;123000;4035;5788177;2301;2;;;
427460;20260518;91500;123000;4035;5939157;2301;2;;;
427630;20260518;81500;174500;4043;5937326;2319;2;;;
427655;20260518;81500;174500;4043;5937530;2319;2;;;
437366;20260518;133000;174500;10350;6081343;2302;2;;;
437366;20260518;133000;174500;10350;6082544;2302;2;;;
437366;20260518;133000;174500;10350;6080997;2302;2;;;
437366;20260518;133000;174500;10350;6081021;2302;2;;;
437427;20260518;91500;123000;10350;6081343;2302;2;;;
437427;20260518;91500;123000;10350;6082544;2302;2;;;
437427;20260518;91500;123000;10350;6080999;2302;2;;;
468586;20260518;133000;174500;4041;5788183;2968;2;;;
468586;20260518;133000;174500;4041;5788387;2968;2;;;
422812;20260519;133000;153000;4015;5997465;520;2;;;
422827;20260519;103000;123000;4015;5997669;520;2;;;
422873;20260519;154500;174500;4015;5879559;520;2;;;
423115;20260519;91500;101500;4014;5829221;2294;2;;;
423130;20260519;103000;123000;4014;5829221;2294;2;;;
423265;20260519;91500;101500;4014;5997872;2317;2;;;
423280;20260519;103000;123000;4014;5997872;2317;2;;;
423310;20260519;133000;153000;4014;5879354;2296;2;;;
423325;20260519;154500;164500;4014;5879354;2296;2;;;
423400;20260519;91500;101500;4014;5959453;2296;2;;;
423400;20260519;91500;101500;4014;5879762;2296;2;;;
423415;20260519;103000;123000;4014;5959453;2296;2;;;
423415;20260519;103000;123000;4014;5879762;2296;2;;;
423589;20260519;91500;101500;4016;5938933;2968;2;;;
423604;20260519;103000;123000;4016;5938933;2968;2;;;
423619;20260519;133000;153000;4016;5829019;2968;2;;;
423634;20260519;154500;164500;4016;5829019;2968;2;;;
423722;20260519;133000;153000;4016;5997670;2294;2;;;
423737;20260519;154500;164500;4016;5997670;2294;2;;;
423824;20260519;91500;101500;4016;5879560;2293;2;;;
423840;20260519;103000;123000;4016;5879560;2293;2;;;
423866;20260519;133000;153000;4016;5954579;2293;2;;;
423866;20260519;133000;153000;4016;5879764;2293;2;;;
423881;20260519;154500;164500;4016;5954579;2293;2;;;
423881;20260519;154500;164500;4016;5879764;2293;2;;;
424121;20260519;133000;153000;4021;5938938;2301;2;;;
424151;20260519;103000;123000;4021;5829024;2318;2;;;
424181;20260519;133000;153000;4021;5829228;2317;2;;;
424226;20260519;154500;174500;4021;5997471;2322;2;;;
424286;20260519;133000;153000;4021;5997879;2322;2;;;
424301;20260519;103000;123000;4021;5879361;2322;2;;;
424436;20260519;103000;123000;4017;5997467;2323;2;;;
424451;20260519;81500;101500;4017;5997671;2323;2;;;
424496;20260519;133000;153000;4017;5879561;2319;2;;;
427480;20260519;91500;123000;4040;5788182;2301;2;;;
427480;20260519;91500;123000;4040;6083407;2301;2;;;
427572;20260519;91500;123000;4039;5788385;2319;2;;;
427677;20260519;103000;123000;4042;6082347;2291;2;;;
427677;20260519;103000;123000;4042;5937325;2291;2;;;
427724;20260519;133000;153000;4034;5937316;2302;2;;;
427724;20260519;133000;153000;4034;5796264;2302;2;;;
467399;20260519;133000;153000;4034;5788175;2316;2;;;
467399;20260519;133000;153000;4034;5939155;2316;2;;;
423172;20260520;133000;153000;4014;5997464;2322;2;;;
423295;20260520;133000;153000;4014;5997872;2317;2;;;
423370;20260520;91500;101500;4014;5879558;2301;2;;;
423385;20260520;103000;123000;4014;5879558;2301;2;;;
423430;20260520;133000;153000;4014;5959453;2316;2;;;
423430;20260520;133000;153000;4014;5879762;2316;2;;;
424316;20260520;133000;153000;4021;5879361;2301;2;;;
424391;20260519;154500;174500;4017;5938934;2319;2;;;
424406;20260520;133000;153000;4017;5829020;2293;2;;;
424421;20260520;133000;153000;4017;5829224;2302;2;;;
424538;20260520;81500;101500;4019;5959458;2317;2;;;
424538;20260520;81500;101500;4019;5997877;2317;2;;;
424538;20260520;81500;101500;4019;5938936;2317;2;;;
424538;20260520;81500;101500;4019;5954582;2317;2;;;
424538;20260520;81500;101500;4019;5879767;2317;2;;;
424538;20260520;81500;101500;4019;5879359;2317;2;;;
424538;20260520;81500;101500;4019;5829022;2317;2;;;
424538;20260520;81500;101500;4019;5997673;2317;2;;;
424538;20260520;81500;101500;4019;5997469;2317;2;;;
424538;20260520;81500;101500;4019;5829226;2317;2;;;
424553;20260520;103000;123000;4019;5959458;2317;2;;;
424553;20260520;103000;123000;4019;5997877;2317;2;;;
424553;20260520;103000;123000;4019;5938936;2317;2;;;
424553;20260520;103000;123000;4019;5954582;2317;2;;;
424553;20260520;103000;123000;4019;5879767;2317;2;;;
424553;20260520;103000;123000;4019;5879359;2317;2;;;
424553;20260520;103000;123000;4019;5829022;2317;2;;;
424553;20260520;103000;123000;4019;5997673;2317;2;;;
424553;20260520;103000;123000;4019;5997469;2317;2;;;
424553;20260520;103000;123000;4019;5829226;2317;2;;;
424605;20260520;81500;101500;4020;5829227;2968;2;;;
424605;20260520;81500;101500;4020;5997470;2968;2;;;
424605;20260520;81500;101500;4020;5829023;2968;2;;;
424605;20260520;81500;101500;4020;5997674;2968;2;;;
424605;20260520;81500;101500;4020;5879768;2968;2;;;
424605;20260520;81500;101500;4020;5879360;2968;2;;;
424605;20260520;81500;101500;4020;5938937;2968;2;;;
424605;20260520;81500;101500;4020;5997878;2968;2;;;
424620;20260520;103000;123000;4020;5829227;2968;2;;;
424620;20260520;103000;123000;4020;5997470;2968;2;;;
424620;20260520;103000;123000;4020;5829023;2968;2;;;
424620;20260520;103000;123000;4020;5997674;2968;2;;;
424620;20260520;103000;123000;4020;5879768;2968;2;;;
424620;20260520;103000;123000;4020;5879360;2968;2;;;
424620;20260520;103000;123000;4020;5938937;2968;2;;;
424620;20260520;103000;123000;4020;5997878;2968;2;;;
426948;20260520;91500;123000;4035;5787973;2291;2;;;
426948;20260520;91500;123000;4035;5807018;2291;2;;;
426970;20260520;133000;164500;4037;5807020;2294;2;;;
426970;20260520;133000;164500;4037;5954601;2294;2;;;
427126;20260520;133000;164500;4035;5807222;2313;2;;;
427126;20260520;133000;164500;4035;5788381;2313;2;;;
427297;20260520;133000;164500;4036;5872110;2319;2;;;
427698;20260520;133000;153000;4042;5937529;2291;2;;;
427698;20260520;133000;153000;4042;6082347;2291;2;;;
427788;20260520;133000;153000;4177;5937465;2308;2;;;
427788;20260520;133000;153000;4177;6082488;2308;2;;;
427853;20260520;103000;123000;4177;5937669;2313;2;;;
437387;20260520;91500;123000;10350;6081343;2316;2;;;
437387;20260520;91500;123000;10350;6082544;2316;2;;;
437387;20260520;91500;123000;10350;6081001;2316;2;;;
437387;20260520;91500;123000;10350;6080998;2316;2;;;
437447;20260520;91500;123000;10350;6081343;2302;2;;;
437447;20260520;91500;123000;10350;6081000;2302;2;;;
437447;20260520;91500;123000;10350;6081044;2302;2;;;
467415;20260520;133000;164500;4039;5788181;2968;2;;;
422888;20260521;81500;101500;4015;5959454;520;2;;;
422888;20260521;81500;101500;4015;5879763;520;2;;;
423085;20260521;81500;101500;4014;5829017;2322;2;;;
423100;20260521;103000;123000;4014;5938931;2317;2;;;
423157;20260521;103000;123000;4014;5829221;2322;2;;;
423187;20260520;154500;164500;4014;5997464;2322;2;;;
423202;20260521;103000;123000;4014;5997464;2302;2;;;
423247;20260521;81500;101500;4014;5997668;2317;2;;;
423340;20260521;81500;101500;4014;5879354;2296;2;;;
423355;20260521;103000;123000;4014;5879558;2296;2;;;
423489;20260521;81500;101500;4018;5997468;2316;2;;;
423489;20260521;81500;101500;4018;5959457;2316;2;;;
423519;20260521;81500;101500;4018;5997876;2308;2;;;
423534;20260521;103000;123000;4018;5879358;2308;2;;;
423649;20260521;133000;153000;4016;5829223;2968;2;;;
424136;20260521;81500;101500;4021;5938938;2301;2;;;
424166;20260521;103000;123000;4021;5829024;2301;2;;;
424196;20260520;154500;174500;4021;5829228;2317;2;;;
424241;20260521;103000;123000;4021;5997675;520;2;;;
424346;20260521;81500;101500;4021;5879565;2294;2;;;
424361;20260521;103000;123000;4021;5959460;2294;2;;;
424361;20260521;103000;123000;4021;5879769;2294;2;;;
424466;20260521;103000;123000;4017;5997875;2291;2;;;
424481;20260520;154500;174500;4017;5879357;2293;2;;;
424511;20260520;154500;174500;4017;5954580;2302;2;;;
424511;20260520;154500;174500;4017;5879765;2302;2;;;
426985;20260521;103000;123000;4034;5954597;2316;2;;;
426985;20260521;103000;123000;4034;5807016;2316;2;;;
427317;20260521;91500;123000;4035;5937522;2293;2;;;
427317;20260521;91500;123000;4035;5872109;2293;2;;;
427520;20260521;81500;123000;4041;5788183;2968;2;;;
427520;20260521;81500;123000;4041;5788387;2968;2;;;
427810;20260520;154500;174500;4042;6082347;2308;2;;;
427810;20260520;154500;174500;4042;5937325;2308;2;;;
437467;20260521;91500;123000;10350;6081343;2319;2;;;
437467;20260521;91500;123000;10350;6081061;2319;2;;;
437467;20260521;91500;123000;10350;6082544;2319;2;;;
437467;20260521;91500;123000;10350;6081045;2319;2;;;
423664;20260521;154500;164500;4016;5829223;2968;2;;;
423752;20260522;91500;101500;4016;5997874;2294;2;;;
423767;20260522;103000;123000;4016;5997874;2294;2;;;
424659;20260521;133000;153000;4019;5959458;2317;2;;;
424659;20260521;133000;153000;4019;5997877;2317;2;;;
424659;20260521;133000;153000;4019;5938936;2317;2;;;
424659;20260521;133000;153000;4019;5954582;2317;2;;;
424659;20260521;133000;153000;4019;5879767;2317;2;;;
424659;20260521;133000;153000;4019;5879359;2317;2;;;
424659;20260521;133000;153000;4019;5829022;2317;2;;;
424659;20260521;133000;153000;4019;5997673;2317;2;;;
424659;20260521;133000;153000;4019;5997469;2317;2;;;
424659;20260521;133000;153000;4019;5879563;2317;2;;;
424674;20260521;154500;174500;4019;5959458;2317;2;;;
424674;20260521;154500;174500;4019;5997877;2317;2;;;
424674;20260521;154500;174500;4019;5938936;2317;2;;;
424674;20260521;154500;174500;4019;5954582;2317;2;;;
424674;20260521;154500;174500;4019;5879767;2317;2;;;
424674;20260521;154500;174500;4019;5879359;2317;2;;;
424674;20260521;154500;174500;4019;5829022;2317;2;;;
424674;20260521;154500;174500;4019;5997673;2317;2;;;
424674;20260521;154500;174500;4019;5997469;2317;2;;;
424674;20260521;154500;174500;4019;5879563;2317;2;;;
424690;20260521;133000;153000;4020;5997470;2319;2;;;
424690;20260521;133000;153000;4020;5829023;2319;2;;;
424690;20260521;133000;153000;4020;5879564;2319;2;;;
424690;20260521;133000;153000;4020;5997674;2319;2;;;
424690;20260521;133000;153000;4020;5879768;2319;2;;;
424690;20260521;133000;153000;4020;5879360;2319;2;;;
424690;20260521;133000;153000;4020;5938937;2319;2;;;
424690;20260521;133000;153000;4020;5997878;2319;2;;;
424705;20260521;154500;174500;4020;5997470;2319;2;;;
424705;20260521;154500;174500;4020;5829023;2319;2;;;
424705;20260521;154500;174500;4020;5879564;2319;2;;;
424705;20260521;154500;174500;4020;5997674;2319;2;;;
424705;20260521;154500;174500;4020;5879768;2319;2;;;
424705;20260521;154500;174500;4020;5879360;2319;2;;;
424705;20260521;154500;174500;4020;5938937;2319;2;;;
424705;20260521;154500;174500;4020;5997878;2319;2;;;
424734;20260522;81500;101500;4019;5959458;2317;2;;;
424734;20260522;81500;101500;4019;5938936;2317;2;;;
424734;20260522;81500;101500;4019;5954582;2317;2;;;
424734;20260522;81500;101500;4019;5879767;2317;2;;;
424734;20260522;81500;101500;4019;5879359;2317;2;;;
424734;20260522;81500;101500;4019;5829022;2317;2;;;
424734;20260522;81500;101500;4019;5997673;2317;2;;;
424734;20260522;81500;101500;4019;5997469;2317;2;;;
424734;20260522;81500;101500;4019;5829226;2317;2;;;
424734;20260522;81500;101500;4019;5879563;2317;2;;;
424749;20260522;103000;123000;4019;5959458;2317;2;;;
424749;20260522;103000;123000;4019;5938936;2317;2;;;
424749;20260522;103000;123000;4019;5954582;2317;2;;;
424749;20260522;103000;123000;4019;5879767;2317;2;;;
424749;20260522;103000;123000;4019;5879359;2317;2;;;
424749;20260522;103000;123000;4019;5829022;2317;2;;;
424749;20260522;103000;123000;4019;5997673;2317;2;;;
424749;20260522;103000;123000;4019;5997469;2317;2;;;
424749;20260522;103000;123000;4019;5829226;2317;2;;;
424749;20260522;103000;123000;4019;5879563;2317;2;;;
424766;20260522;81500;101500;4020;5829227;2301;2;;;
424766;20260522;81500;101500;4020;5997470;2301;2;;;
424766;20260522;81500;101500;4020;5829023;2301;2;;;
424766;20260522;81500;101500;4020;5879564;2301;2;;;
424766;20260522;81500;101500;4020;5997674;2301;2;;;
424766;20260522;81500;101500;4020;5879768;2301;2;;;
424766;20260522;81500;101500;4020;5879360;2301;2;;;
424766;20260522;81500;101500;4020;5938937;2301;2;;;
424781;20260522;103000;123000;4020;5829227;2301;2;;;
424781;20260522;103000;123000;4020;5997470;2301;2;;;
424781;20260522;103000;123000;4020;5829023;2301;2;;;
424781;20260522;103000;123000;4020;5879564;2301;2;;;
424781;20260522;103000;123000;4020;5997674;2301;2;;;
424781;20260522;103000;123000;4020;5879768;2301;2;;;
424781;20260522;103000;123000;4020;5879360;2301;2;;;
424781;20260522;103000;123000;4020;5938937;2301;2;;;
427064;20260522;91500;123000;4036;5954600;2302;2;;;
427064;20260522;91500;123000;4036;5807019;2302;2;;;
427181;20260522;103000;123000;4034;5788379;2316;2;;;
427181;20260522;103000;123000;4034;5807220;2316;2;;;
427341;20260522;103000;123000;4034;5872107;2296;2;;;
427341;20260522;103000;123000;4034;5937520;2296;2;;;
427879;20260522;81500;101500;4042;5937529;2313;2;;;
427879;20260522;81500;101500;4042;6082347;2313;2;;;
467374;20260522;81500;101500;4172;5788114;2316;2;;;
424256;20260522;133000;153000;4021;5997675;2316;2;;;
427217;20260522;133000;164500;4037;5799592;2302;2;;;
427439;20260522;103000;133000;4045;5796276;2322;2;;;
427439;20260522;103000;133000;4045;5939167;2322;2;;;
427439;20260522;103000;133000;4045;5723047;2322;2;;;
427439;20260522;103000;133000;4045;5787983;2322;2;;;
427597;20260522;133000;164500;4040;6083407;2968;2;;;
427597;20260522;133000;164500;4040;5788386;2968;2;;;
437407;20260522;133000;174500;10350;6081343;2294;2;;;
437407;20260522;133000;174500;10350;6081035;2294;2;;;
437407;20260522;133000;174500;10350;6082544;2294;2;;;
437407;20260522;133000;174500;10350;6081046;2294;2;;;
395745;20250923;81500;101500;5962;6045918;1120;2;;;
395745;20250923;81500;101500;5962;6043382;1120;2;;;
395746;20250930;81500;101500;5962;6045918;1111;2;;;
395746;20250930;81500;101500;5962;6043382;1111;2;;;
395747;20251007;81500;101500;5962;6045918;1116;2;;;
395747;20251007;81500;101500;5962;6043382;1116;2;;;
395748;20251014;81500;101500;5962;6045918;1116;2;;;
395748;20251014;81500;101500;5962;6043382;1116;2;;;
395750;20251028;81500;101500;5962;6045918;1116;2;;;
395750;20251028;81500;101500;5962;6043382;1116;2;;;
395751;20251104;81500;101500;5962;6045918;1120;2;;;
395751;20251104;81500;101500;5962;6043382;1120;2;;;
395753;20251118;81500;101500;5962;6045918;1116;2;;;
395753;20251118;81500;101500;5962;6043382;1116;2;;;
395756;20251209;81500;101500;5962;6045918;1116;2;;;
395756;20251209;81500;101500;5962;6043382;1116;2;;;
395757;20251216;81500;101500;5962;6045918;1116;2;;;
395757;20251216;81500;101500;5962;6043382;1116;2;;;
395754;20251125;81500;101500;5962;6045918;1111;2;;;
395754;20251125;81500;101500;5962;6043382;1111;2;;;
395749;20251021;81500;101500;5962;6045918;1111;2;;;
395749;20251021;81500;101500;5962;6043382;1111;2;;;
385862;20251016;133000;174500;4068;5889411;2326;2;;;
385862;20251016;133000;174500;4068;5995790;2326;2;;;
385862;20251016;133000;174500;4068;5915931;2326;2;;;
385862;20251016;133000;174500;4068;5753434;2326;2;;;
385862;20251016;133000;174500;4068;5872345;2326;2;;;
385862;20251016;133000;174500;4068;5937758;2326;2;;;
385862;20251016;133000;174500;4068;5753230;2326;2;;;
385862;20251016;133000;174500;4068;6115688;2326;2;;;
385862;20251016;133000;174500;4068;5753026;2326;2;;;
385861;20251009;133000;174500;4068;5889411;2326;2;;;
385861;20251009;133000;174500;4068;5995790;2326;2;;;
385861;20251009;133000;174500;4068;5915931;2326;2;;;
385861;20251009;133000;174500;4068;5753434;2326;2;;;
385861;20251009;133000;174500;4068;5872345;2326;2;;;
385861;20251009;133000;174500;4068;5937758;2326;2;;;
385861;20251009;133000;174500;4068;5753230;2326;2;;;
385861;20251009;133000;174500;4068;6115688;2326;2;;;
385861;20251009;133000;174500;4068;5753026;2326;2;;;
385863;20251023;133000;174500;4068;5889411;2326;2;;;
385863;20251023;133000;174500;4068;5995790;2326;2;;;
385863;20251023;133000;174500;4068;5915931;2326;2;;;
385863;20251023;133000;174500;4068;5753434;2326;2;;;
385863;20251023;133000;174500;4068;5872345;2326;2;;;
385863;20251023;133000;174500;4068;5937758;2326;2;;;
385863;20251023;133000;174500;4068;5753230;2326;2;;;
385863;20251023;133000;174500;4068;6115688;2326;2;;;
385863;20251023;133000;174500;4068;5753026;2326;2;;;
396068;20250925;81500;113000;4009;5879349;514;2;;;
396069;20251002;81500;113000;4009;5879349;2299;2;;;
396070;20251009;81500;113000;4009;5879349;522;2;;;
396071;20251016;81500;113000;4009;5879349;2299;2;;;
396072;20251023;81500;113000;4009;5879349;2299;2;;;
396073;20251030;81500;113000;4009;5879349;2299;2;;;
396074;20251106;81500;113000;4009;5879349;522;2;;;
471953;20251113;81500;113000;4009;5879349;2299;2;;;
396076;20251120;81500;113000;4009;5879349;2299;2;;;
396077;20251127;81500;113000;4009;5879349;2299;2;;;
396078;20251204;81500;113000;4009;5879349;2299;2;;;
396079;20251211;81500;113000;4009;5879349;522;2;;;
396080;20251218;81500;113000;4009;5879349;2299;2;;;
396276;20250922;91500;101500;5960;6018318;2293;2;;;
396276;20250922;91500;101500;5960;6032224;2293;2;;;
396277;20250929;91500;101500;5960;6018318;2293;2;;;
396277;20250929;91500;101500;5960;6032224;2293;2;;;
396278;20251006;91500;101500;5960;6018318;2293;2;;;
396278;20251006;91500;101500;5960;6032224;2293;2;;;
396279;20251013;91500;101500;5960;6018318;2293;2;;;
396279;20251013;91500;101500;5960;6032224;2293;2;;;
396280;20251020;91500;101500;5960;6018318;2293;2;;;
396280;20251020;91500;101500;5960;6032224;2293;2;;;
396281;20251027;91500;101500;5960;6018318;2293;2;;;
396281;20251027;91500;101500;5960;6032224;2293;2;;;
396282;20251103;91500;101500;5960;6018318;2293;2;;;
396282;20251103;91500;101500;5960;6032224;2293;2;;;
396284;20251117;91500;101500;5960;6018318;2293;2;;;
396284;20251117;91500;101500;5960;6032224;2293;2;;;
396285;20251124;91500;101500;5960;6018318;2293;2;;;
396285;20251124;91500;101500;5960;6032224;2293;2;;;
396286;20251201;91500;101500;5960;6018318;2293;2;;;
396286;20251201;91500;101500;5960;6032224;2293;2;;;
396287;20251208;91500;101500;5960;6018318;2293;2;;;
396287;20251208;91500;101500;5960;6032224;2293;2;;;
396288;20251215;91500;101500;5960;6018318;2293;2;;;
396288;20251215;91500;101500;5960;6032224;2293;2;;;
396290;20250922;103000;123000;5960;6018318;2293;2;;;
396290;20250922;103000;123000;5960;6032224;2293;2;;;
396291;20250929;103000;123000;5960;6018318;2293;2;;;
396291;20250929;103000;123000;5960;6032224;2293;2;;;
396292;20251006;103000;123000;5960;6018318;2293;2;;;
396292;20251006;103000;123000;5960;6032224;2293;2;;;
396293;20251013;103000;123000;5960;6018318;2293;2;;;
396293;20251013;103000;123000;5960;6032224;2293;2;;;
396294;20251020;103000;123000;5960;6018318;2293;2;;;
396294;20251020;103000;123000;5960;6032224;2293;2;;;
396295;20251027;103000;123000;5960;6018318;2293;2;;;
396295;20251027;103000;123000;5960;6032224;2293;2;;;
396296;20251103;103000;123000;5960;6018318;2293;2;;;
396296;20251103;103000;123000;5960;6032224;2293;2;;;
396298;20251117;103000;123000;5960;6018318;2293;2;;;
396298;20251117;103000;123000;5960;6032224;2293;2;;;
396299;20251124;103000;123000;5960;6018318;2293;2;;;
396299;20251124;103000;123000;5960;6032224;2293;2;;;
396300;20251201;103000;123000;5960;6018318;2293;2;;;
396300;20251201;103000;123000;5960;6032224;2293;2;;;
396301;20251208;103000;123000;5960;6018318;2293;2;;;
396301;20251208;103000;123000;5960;6032224;2293;2;;;
396302;20251215;103000;123000;5960;6018318;2293;2;;;
396302;20251215;103000;123000;5960;6032224;2293;2;;;
472066;20250923;91500;101500;4069;5830094;2308;2;;;
472066;20250923;91500;101500;4069;5753210;2308;2;;;
472066;20250923;91500;101500;4069;6115689;2308;2;;;
472067;20250930;91500;101500;4069;5830094;2308;2;;;
472067;20250930;91500;101500;4069;5753210;2308;2;;;
472067;20250930;91500;101500;4069;6115689;2308;2;;;
472068;20251007;91500;101500;4069;5830094;2308;2;;;
472068;20251007;91500;101500;4069;5753210;2308;2;;;
472068;20251007;91500;101500;4069;6115689;2308;2;;;
472069;20251014;91500;101500;4069;5830094;2308;2;;;
472069;20251014;91500;101500;4069;5753210;2308;2;;;
472069;20251014;91500;101500;4069;6115689;2308;2;;;
472070;20251021;91500;101500;4069;5830094;2308;2;;;
472070;20251021;91500;101500;4069;5753210;2308;2;;;
472070;20251021;91500;101500;4069;6115689;2308;2;;;
472071;20251028;91500;101500;4069;5830094;2308;2;;;
472071;20251028;91500;101500;4069;5753210;2308;2;;;
472071;20251028;91500;101500;4069;6115689;2308;2;;;
472072;20251104;91500;101500;4069;5830094;2308;2;;;
472072;20251104;91500;101500;4069;5753210;2308;2;;;
472072;20251104;91500;101500;4069;6115689;2308;2;;;
472073;20251118;91500;101500;4069;5830094;2308;2;;;
472073;20251118;91500;101500;4069;5753210;2308;2;;;
472073;20251118;91500;101500;4069;6115689;2308;2;;;
472074;20251125;91500;101500;4069;5830094;2308;2;;;
472074;20251125;91500;101500;4069;5753210;2308;2;;;
472074;20251125;91500;101500;4069;6115689;2308;2;;;
472075;20251202;91500;101500;4069;5830094;2308;2;;;
472075;20251202;91500;101500;4069;5753210;2308;2;;;
472075;20251202;91500;101500;4069;6115689;2308;2;;;
472076;20251209;91500;101500;4069;5830094;2308;2;;;
472076;20251209;91500;101500;4069;5753210;2308;2;;;
472076;20251209;91500;101500;4069;6115689;2308;2;;;
472077;20251216;91500;101500;4069;5830094;2308;2;;;
472077;20251216;91500;101500;4069;5753210;2308;2;;;
472077;20251216;91500;101500;4069;6115689;2308;2;;;
472090;20250923;103000;123000;4178;5957378;2293;2;;;
472091;20250930;103000;123000;4178;5957378;2293;2;;;
472092;20251007;103000;123000;4178;5957378;2293;2;;;
472093;20251014;103000;123000;4178;5957378;2293;2;;;
472094;20251021;103000;123000;4178;5957378;2293;2;;;
472095;20251028;103000;123000;4178;5957378;2293;2;;;
472096;20251104;103000;123000;4178;5957378;2293;2;;;
472097;20251118;103000;123000;4178;5957378;2293;2;;;
472098;20251125;103000;123000;4178;5957378;2293;2;;;
472099;20251202;103000;123000;4178;5957378;2293;2;;;
472100;20251209;103000;123000;4178;5957378;2293;2;;;
472101;20251216;103000;123000;4178;5957378;2293;2;;;
472078;20250923;103000;123000;4069;5753210;2308;2;;;
472078;20250923;103000;123000;4069;5976664;2308;2;;;
472078;20250923;103000;123000;4069;6115689;2308;2;;;
472079;20250930;103000;123000;4069;5753210;2308;2;;;
472079;20250930;103000;123000;4069;5976664;2308;2;;;
472079;20250930;103000;123000;4069;6115689;2308;2;;;
472080;20251007;103000;123000;4069;5753210;2308;2;;;
472080;20251007;103000;123000;4069;5976664;2308;2;;;
472080;20251007;103000;123000;4069;6115689;2308;2;;;
472081;20251014;103000;123000;4069;5753210;2308;2;;;
472081;20251014;103000;123000;4069;5976664;2308;2;;;
472081;20251014;103000;123000;4069;6115689;2308;2;;;
472082;20251021;103000;123000;4069;5753210;2308;2;;;
472082;20251021;103000;123000;4069;5976664;2308;2;;;
472082;20251021;103000;123000;4069;6115689;2308;2;;;
472083;20251028;103000;123000;4069;5753210;2308;2;;;
472083;20251028;103000;123000;4069;5976664;2308;2;;;
472083;20251028;103000;123000;4069;6115689;2308;2;;;
472084;20251104;103000;123000;4069;5753210;2308;2;;;
472084;20251104;103000;123000;4069;5976664;2308;2;;;
472084;20251104;103000;123000;4069;6115689;2308;2;;;
472085;20251118;103000;123000;4069;5753210;2308;2;;;
472085;20251118;103000;123000;4069;5976664;2308;2;;;
472085;20251118;103000;123000;4069;6115689;2308;2;;;
472086;20251125;103000;123000;4069;5753210;2308;2;;;
472086;20251125;103000;123000;4069;5976664;2308;2;;;
472086;20251125;103000;123000;4069;6115689;2308;2;;;
472087;20251202;103000;123000;4069;5753210;2308;2;;;
472087;20251202;103000;123000;4069;5976664;2308;2;;;
472087;20251202;103000;123000;4069;6115689;2308;2;;;
472088;20251209;103000;123000;4069;5753210;2308;2;;;
472088;20251209;103000;123000;4069;5976664;2308;2;;;
472088;20251209;103000;123000;4069;6115689;2308;2;;;
472089;20251216;103000;123000;4069;5753210;2308;2;;;
472089;20251216;103000;123000;4069;5976664;2308;2;;;
472089;20251216;103000;123000;4069;6115689;2308;2;;;
471454;20251022;133000;153000;4010;5879554;2291;2;;;
471456;20251105;133000;153000;4010;5879554;2291;2;;;
471458;20251119;133000;153000;4010;5879554;2291;2;;;
472146;20250925;133000;164500;4007;5879551;520;2;;;
472147;20251002;133000;164500;4007;5879551;520;2;;;
472148;20251009;133000;164500;4007;5879551;520;2;;;
472149;20251016;133000;164500;4007;5879551;520;2;;;
472150;20251023;133000;164500;4007;5879551;520;2;;;
472151;20251030;133000;164500;4007;5879551;520;2;;;
472152;20251106;133000;164500;4007;5879551;520;2;;;
472153;20251113;133000;164500;4007;5879551;520;2;;;
472154;20251120;133000;164500;4007;5879551;520;2;;;
472155;20251127;133000;164500;4007;5879551;520;2;;;
472156;20251204;133000;164500;4007;5879551;520;2;;;
472157;20251211;133000;164500;4007;5879551;520;2;;;
472158;20251218;133000;164500;4007;5879551;520;2;;;
387768;20250925;81500;101500;4022;5796252;2317;2;;;
387768;20250925;81500;101500;4022;5937304;2317;2;;;
387769;20251002;81500;101500;4022;5796252;2317;2;;;
387769;20251002;81500;101500;4022;5937304;2317;2;;;
387770;20251009;81500;101500;4022;5796252;2317;2;;;
387770;20251009;81500;101500;4022;5937304;2317;2;;;
387771;20251016;81500;101500;4022;5796252;2317;2;;;
387771;20251016;81500;101500;4022;5937304;2317;2;;;
387772;20251023;81500;101500;4022;5796252;2317;2;;;
387772;20251023;81500;101500;4022;5937304;2317;2;;;
387773;20251030;81500;101500;4022;5796252;2317;2;;;
387773;20251030;81500;101500;4022;5937304;2317;2;;;
387774;20251106;81500;101500;4022;5796252;2317;2;;;
387774;20251106;81500;101500;4022;5937304;2317;2;;;
387775;20251113;81500;101500;4022;5796252;2317;2;;;
387775;20251113;81500;101500;4022;5937304;2317;2;;;
387776;20251120;81500;101500;4022;5796252;2317;2;;;
387776;20251120;81500;101500;4022;5937304;2317;2;;;
387777;20251127;81500;101500;4022;5796252;2317;2;;;
387777;20251127;81500;101500;4022;5937304;2317;2;;;
387778;20251204;81500;101500;4022;5796252;2317;2;;;
387778;20251204;81500;101500;4022;5937304;2317;2;;;
387779;20251211;81500;101500;4022;5796252;2317;2;;;
387779;20251211;81500;101500;4022;5937304;2317;2;;;
387780;20251218;81500;101500;4022;5796252;2317;2;;;
387780;20251218;81500;101500;4022;5937304;2317;2;;;
472172;20250925;103000;123000;4024;5939145;2304;2;;;
472172;20250925;103000;123000;4024;5788165;2304;2;;;
472173;20251002;103000;123000;4024;5939145;2304;2;;;
472173;20251002;103000;123000;4024;5788165;2304;2;;;
472174;20251009;103000;123000;4024;5939145;2304;2;;;
472174;20251009;103000;123000;4024;5788165;2304;2;;;
472175;20251016;103000;123000;4024;5939145;2304;2;;;
472175;20251016;103000;123000;4024;5788165;2304;2;;;
472176;20251023;103000;123000;4024;5939145;2304;2;;;
472176;20251023;103000;123000;4024;5788165;2304;2;;;
472177;20251030;103000;123000;4024;5939145;2304;2;;;
472177;20251030;103000;123000;4024;5788165;2304;2;;;
472178;20251106;103000;123000;4024;5939145;2304;2;;;
472178;20251106;103000;123000;4024;5788165;2304;2;;;
472179;20251113;103000;123000;4024;5939145;2304;2;;;
472179;20251113;103000;123000;4024;5788165;2304;2;;;
472180;20251120;103000;123000;4024;5939145;2304;2;;;
472180;20251120;103000;123000;4024;5788165;2304;2;;;
472181;20251127;103000;123000;4024;5939145;2304;2;;;
472181;20251127;103000;123000;4024;5788165;2304;2;;;
472182;20251204;103000;123000;4024;5939145;2304;2;;;
472182;20251204;103000;123000;4024;5788165;2304;2;;;
472183;20251211;103000;123000;4024;5939145;2304;2;;;
472183;20251211;103000;123000;4024;5788165;2304;2;;;
472184;20251218;103000;123000;4024;5939145;2304;2;;;
472184;20251218;103000;123000;4024;5788165;2304;2;;;
394601;20250925;103000;123000;4026;5976642;1549;2;;;
394601;20250925;103000;123000;4026;5796256;1549;2;;;
394601;20250925;103000;123000;4026;5937308;1549;2;;;
394602;20251002;103000;123000;4026;5976642;1549;2;;;
394602;20251002;103000;123000;4026;5796256;1549;2;;;
394602;20251002;103000;123000;4026;5937308;1549;2;;;
394603;20251009;103000;123000;4026;5976642;1549;2;;;
394603;20251009;103000;123000;4026;5796256;1549;2;;;
394603;20251009;103000;123000;4026;5937308;1549;2;;;
394604;20251016;103000;123000;4026;5976642;1549;2;;;
394604;20251016;103000;123000;4026;5796256;1549;2;;;
394604;20251016;103000;123000;4026;5937308;1549;2;;;
394605;20251023;103000;123000;4026;5976642;1549;2;;;
394605;20251023;103000;123000;4026;5796256;1549;2;;;
394605;20251023;103000;123000;4026;5937308;1549;2;;;
394606;20251030;103000;123000;4026;5976642;1549;2;;;
394606;20251030;103000;123000;4026;5796256;1549;2;;;
394606;20251030;103000;123000;4026;5937308;1549;2;;;
394607;20251106;103000;123000;4026;5976642;1549;2;;;
394607;20251106;103000;123000;4026;5796256;1549;2;;;
394607;20251106;103000;123000;4026;5937308;1549;2;;;
394608;20251113;103000;123000;4026;5976642;1549;2;;;
394608;20251113;103000;123000;4026;5796256;1549;2;;;
394608;20251113;103000;123000;4026;5937308;1549;2;;;
394609;20251120;103000;123000;4026;5976642;1549;2;;;
394609;20251120;103000;123000;4026;5796256;1549;2;;;
394609;20251120;103000;123000;4026;5937308;1549;2;;;
394610;20251127;103000;123000;4026;5976642;1549;2;;;
394610;20251127;103000;123000;4026;5796256;1549;2;;;
394610;20251127;103000;123000;4026;5937308;1549;2;;;
394611;20251204;103000;123000;4026;5976642;1549;2;;;
394611;20251204;103000;123000;4026;5796256;1549;2;;;
394611;20251204;103000;123000;4026;5937308;1549;2;;;
394612;20251211;103000;123000;4026;5976642;1549;2;;;
394612;20251211;103000;123000;4026;5796256;1549;2;;;
394612;20251211;103000;123000;4026;5937308;1549;2;;;
394613;20251218;103000;123000;4026;5976642;1549;2;;;
394613;20251218;103000;123000;4026;5796256;1549;2;;;
394613;20251218;103000;123000;4026;5937308;1549;2;;;
395509;20250923;133000;153000;4024;5976640;2313;2;;;
395510;20250930;133000;153000;4024;5976640;2313;2;;;
395511;20251007;133000;153000;4024;5976640;2313;2;;;
395512;20251014;133000;153000;4024;5976640;2313;2;;;
395513;20251021;133000;153000;4024;5976640;2313;2;;;
395514;20251028;133000;153000;4024;5976640;2313;2;;;
395515;20251104;133000;153000;4024;5976640;2313;2;;;
395517;20251118;133000;153000;4024;5976640;2313;2;;;
395518;20251125;133000;153000;4024;5976640;2313;2;;;
395519;20251202;133000;153000;4024;5976640;2313;2;;;
395520;20251209;133000;153000;4024;5976640;2313;2;;;
395521;20251216;133000;153000;4024;5976640;2313;2;;;
437413;20260209;91500;123000;10350;6081246;2302;2;;;
437415;20260223;91500;123000;10350;6081246;2302;2;;;
437416;20260302;91500;123000;10350;6081246;2302;2;;;
437417;20260309;91500;123000;10350;6081246;2302;2;;;
437418;20260316;91500;123000;10350;6081246;2302;2;;;
437419;20260323;91500;123000;10350;6081246;2302;2;;;
437420;20260330;91500;123000;10350;6081246;2302;2;;;
437423;20260420;91500;123000;10350;6081246;2302;2;;;
437424;20260427;91500;123000;10350;6081246;2302;2;;;
437425;20260504;91500;123000;10350;6081246;2302;2;;;
437426;20260511;91500;123000;10350;6081246;2302;2;;;
437427;20260518;91500;123000;10350;6081246;2302;2;;;
472188;20251001;154500;174500;4178;5753142;2302;2;;;
472189;20251008;154500;174500;4178;5753142;2302;2;;;
472191;20251022;154500;174500;4178;5753142;2302;2;;;
472192;20251029;154500;174500;4178;5753142;2302;2;;;
472193;20251105;154500;174500;4178;5753142;2302;2;;;
472199;20251217;154500;174500;4178;5753142;2302;2;;;
472190;20251015;154500;174500;4178;5753142;2293;2;;;
472194;20251112;154500;174500;4178;5753142;2308;2;;;
472195;20251119;154500;174500;4178;5753142;2299;2;;;
472197;20251203;154500;174500;4178;5753142;2299;2;;;
472196;20251126;154500;174500;4178;5753142;2295;2;;;
472198;20251210;154500;174500;4178;5753142;2295;2;;;
428497;20250925;81500;101500;4025;5939146;2294;2;;;
428497;20250925;81500;101500;4025;5788166;2294;2;;;
428498;20251002;81500;101500;4025;5939146;2326;2;;;
428498;20251002;81500;101500;4025;5788166;2326;2;;;
428499;20251009;81500;101500;4025;5939146;514;2;;;
428499;20251009;81500;101500;4025;5788166;514;2;;;
428500;20251016;81500;101500;4025;5939146;2326;2;;;
428500;20251016;81500;101500;4025;5788166;2326;2;;;
428501;20251023;81500;101500;4025;5939146;2326;2;;;
428501;20251023;81500;101500;4025;5788166;2326;2;;;
428502;20251030;81500;101500;4025;5939146;2326;2;;;
428502;20251030;81500;101500;4025;5788166;2326;2;;;
428503;20251106;81500;101500;4025;5939146;2326;2;;;
428503;20251106;81500;101500;4025;5788166;2326;2;;;
428504;20251113;81500;101500;4025;5939146;2326;2;;;
428504;20251113;81500;101500;4025;5788166;2326;2;;;
428505;20251120;81500;101500;4025;5939146;2326;2;;;
428505;20251120;81500;101500;4025;5788166;2326;2;;;
428506;20251127;81500;101500;4025;5939146;2326;2;;;
428506;20251127;81500;101500;4025;5788166;2326;2;;;
428507;20251204;81500;101500;4025;5939146;2326;2;;;
428507;20251204;81500;101500;4025;5788166;2326;2;;;
428508;20251211;81500;101500;4025;5939146;2326;2;;;
428508;20251211;81500;101500;4025;5788166;2326;2;;;
428509;20251218;81500;101500;4025;5939146;2303;2;;;
428509;20251218;81500;101500;4025;5788166;2303;2;;;
472104;20251007;91500;123000;4069;5753006;2319;2;;;
472104;20251007;91500;123000;4069;5872325;2319;2;;;
472102;20250923;91500;123000;4069;5753006;2319;2;;;
472102;20250923;91500;123000;4069;5872325;2319;2;;;
472103;20250930;91500;123000;4069;5753006;2319;2;;;
472103;20250930;91500;123000;4069;5872325;2319;2;;;
472107;20251028;91500;123000;4069;5753006;2319;2;;;
472107;20251028;91500;123000;4069;5872325;2319;2;;;
472108;20251104;91500;123000;4069;5753006;2319;2;;;
472108;20251104;91500;123000;4069;5872325;2319;2;;;
472112;20251202;91500;123000;4069;5753006;2319;2;;;
472112;20251202;91500;123000;4069;5872325;2319;2;;;
472113;20251209;91500;123000;4069;5753006;2319;2;;;
472113;20251209;91500;123000;4069;5872325;2319;2;;;
472105;20251014;91500;123000;4069;5753006;2294;2;;;
472105;20251014;91500;123000;4069;5872325;2294;2;;;
472110;20251118;91500;123000;4069;5753006;2294;2;;;
472110;20251118;91500;123000;4069;5872325;2294;2;;;
472111;20251125;91500;123000;4069;5753006;2294;2;;;
472111;20251125;91500;123000;4069;5872325;2294;2;;;
472114;20251216;91500;123000;4069;5753006;2294;2;;;
472114;20251216;91500;123000;4069;5872325;2294;2;;;
472106;20251021;91500;123000;4069;5753006;2294;2;;;
472106;20251021;91500;123000;4069;5872325;2294;2;;;
387614;20250923;81500;101500;4024;5796254;2326;2;;;
387614;20250923;81500;101500;4024;5937306;2326;2;;;
387615;20250930;81500;101500;4024;5796254;2326;2;;;
387615;20250930;81500;101500;4024;5937306;2326;2;;;
472159;20250923;91500;123000;4013;5997463;2296;2;;;
472160;20250930;91500;123000;4013;5997463;2296;2;;;
472161;20251007;91500;123000;4013;5997463;2294;2;;;
472164;20251028;91500;123000;4013;5997463;2303;2;;;
472165;20251104;91500;123000;4013;5997463;2294;2;;;
387622;20251118;81500;101500;4024;5796254;2326;2;;;
387622;20251118;81500;101500;4024;5937306;2326;2;;;
472167;20251118;91500;123000;4013;5997463;2296;2;;;
395895;20251125;81500;101500;4010;5829013;2291;2;;;
395895;20251125;81500;101500;4010;5830056;2291;2;;;
472168;20251125;91500;123000;4013;5997463;2319;2;;;
472169;20251202;91500;123000;4013;5997463;2294;2;;;
472170;20251209;91500;123000;4013;5997463;2294;2;;;
472171;20251216;91500;123000;4013;5997463;1563;2;;;
472133;20250923;123000;154500;4010;5879554;2319;2;;;
472134;20250930;123000;154500;4010;5879554;520;2;;;
472135;20251007;123000;154500;4010;5879554;520;2;;;
472136;20251014;123000;154500;4010;5879554;520;2;;;
472137;20251021;123000;154500;4010;5879554;520;2;;;
472138;20251028;123000;154500;4010;5879554;520;2;;;
472139;20251104;123000;154500;4010;5879554;520;2;;;
472143;20251202;123000;154500;4010;5879554;520;2;;;
472144;20251209;123000;154500;4010;5879554;515;2;;;
472145;20251216;123000;154500;4010;5879554;515;2;;;
382294;20251015;103000;123000;4007;5997661;520;2;;;
387640;20250923;103000;123000;4023;5796253;1614;2;;;
387640;20250923;103000;123000;4023;5937305;1614;2;;;
381436;20250922;81500;101500;4007;5938924;2316;2;;;
386394;20250922;91500;101500;4069;5753414;2322;2;;;
386394;20250922;91500;101500;4069;5816398;2322;2;;;
386394;20250922;91500;101500;4069;6032224;2322;2;;;
386407;20250922;103000;123000;4069;5753414;2322;2;;;
386407;20250922;103000;123000;4069;5816398;2322;2;;;
386407;20250922;103000;123000;4069;6032224;2322;2;;;
381437;20250929;81500;101500;4007;5938924;2316;2;;;
386395;20250929;91500;101500;4069;5753414;2322;2;;;
386395;20250929;91500;101500;4069;5816398;2322;2;;;
386395;20250929;91500;101500;4069;6032224;2322;2;;;
386408;20250929;103000;123000;4069;5753414;2322;2;;;
386408;20250929;103000;123000;4069;5816398;2322;2;;;
386408;20250929;103000;123000;4069;6032224;2322;2;;;
381439;20251013;81500;101500;4007;5938924;2316;2;;;
386397;20251013;91500;101500;4069;5753414;2322;2;;;
386397;20251013;91500;101500;4069;5816398;2322;2;;;
386397;20251013;91500;101500;4069;6032224;2322;2;;;
386410;20251013;103000;123000;4069;5753414;2322;2;;;
386410;20251013;103000;123000;4069;5816398;2322;2;;;
386410;20251013;103000;123000;4069;6032224;2322;2;;;
381440;20251020;81500;101500;4007;5938924;2316;2;;;
386398;20251020;91500;101500;4069;5753414;2322;2;;;
386398;20251020;91500;101500;4069;5816398;2322;2;;;
386398;20251020;91500;101500;4069;6032224;2322;2;;;
386411;20251020;103000;123000;4069;5753414;2322;2;;;
386411;20251020;103000;123000;4069;5816398;2322;2;;;
386411;20251020;103000;123000;4069;6032224;2322;2;;;
395956;20251027;81500;101500;4175;5937667;2318;2;;;
381442;20251103;81500;101500;4007;5938924;2316;2;;;
386400;20251103;91500;101500;4069;5753414;2322;2;;;
386400;20251103;91500;101500;4069;5816398;2322;2;;;
386400;20251103;91500;101500;4069;6032224;2322;2;;;
386413;20251103;103000;123000;4069;5753414;2322;2;;;
386413;20251103;103000;123000;4069;5816398;2322;2;;;
386413;20251103;103000;123000;4069;6032224;2322;2;;;
385862;20251016;133000;174500;4068;5889411;2294;2;;;
385862;20251016;133000;174500;4068;5995790;2294;2;;;
385862;20251016;133000;174500;4068;5915931;2294;2;;;
385862;20251016;133000;174500;4068;5753434;2294;2;;;
385862;20251016;133000;174500;4068;5872345;2294;2;;;
385862;20251016;133000;174500;4068;5937758;2294;2;;;
385862;20251016;133000;174500;4068;5753230;2294;2;;;
385862;20251016;133000;174500;4068;6115688;2294;2;;;
385862;20251016;133000;174500;4068;5753026;2294;2;;;
385863;20251023;133000;174500;4068;5889411;2294;2;;;
385863;20251023;133000;174500;4068;5995790;2294;2;;;
385863;20251023;133000;174500;4068;5915931;2294;2;;;
385863;20251023;133000;174500;4068;5753434;2294;2;;;
385863;20251023;133000;174500;4068;5872345;2294;2;;;
385863;20251023;133000;174500;4068;5937758;2294;2;;;
385863;20251023;133000;174500;4068;5753230;2294;2;;;
385863;20251023;133000;174500;4068;6115688;2294;2;;;
385863;20251023;133000;174500;4068;5753026;2294;2;;;
472544;20250924;81500;101500;4013;5997463;2301;2;;;
472545;20250925;91500;101500;4013;5997463;2323;2;;;
425440;20251117;103000;123000;4010;5879350;2322;2;;;
395951;20250922;81500;101500;4175;5937667;2323;2;;;
387640;20250923;103000;123000;4023;5796253;2295;2;;;
387640;20250923;103000;123000;4023;5937305;2295;2;;;
472133;20250923;123000;154500;4009;5879553;2319;2;;;
472768;20251010;103000;123000;4007;5879551;2317;2;;;
472769;20251219;103000;123000;4007;5879551;2317;2;;;
472770;20251212;103000;123000;4007;5879551;2317;2;;;
472771;20251205;103000;123000;4007;5879551;2317;2;;;
472772;20251128;103000;123000;4007;5879551;2317;2;;;
472773;20251121;103000;123000;4007;5879551;2317;2;;;
472774;20251114;103000;123000;4007;5879551;2317;2;;;
472775;20251107;103000;123000;4007;5879551;2317;2;;;
472776;20251031;103000;123000;4007;5879551;2317;2;;;
472777;20251024;103000;123000;4007;5879551;2317;2;;;
472778;20251017;103000;123000;4007;5879551;2317;2;;;
472779;20250926;103000;123000;4007;5879551;2317;2;;;
472781;20250930;83000;103000;4007;5879551;1616;2;;;
386303;20250924;81500;123000;4052;5753420;2309;2;;;
386303;20250924;81500;123000;4052;5816404;2309;2;;;
382599;20250924;91500;123000;4007;5879347;2291;2;;;
395542;20250930;81500;101500;4030;5807216;2308;2;;;
395555;20250930;103000;123000;4030;5807216;2308;2;;;
472067;20250930;91500;101500;4069;5830094;2323;2;;;
472067;20250930;91500;101500;4069;5753210;2323;2;;;
472067;20250930;91500;101500;4069;6115689;2323;2;;;
472079;20250930;103000;123000;4069;5753210;2323;2;;;
472079;20250930;103000;123000;4069;5976664;2323;2;;;
472079;20250930;103000;123000;4069;6115689;2323;2;;;
395510;20250930;133000;153000;4024;5937510;520;2;;;
395510;20250930;133000;153000;4024;5976640;520;2;;;
395510;20250930;133000;153000;4024;5872097;520;2;;;
382600;20251001;91500;123000;4007;5879347;2291;2;;;
386304;20251001;81500;123000;4052;5753420;2309;2;;;
386304;20251001;81500;123000;4052;5816404;2309;2;;;
381438;20251006;81500;101500;4007;5938924;2323;2;;;
386396;20251006;91500;101500;4069;5753414;2322;2;;;
386396;20251006;91500;101500;4069;5816398;2322;2;;;
386396;20251006;91500;101500;4069;6032224;2322;2;;;
386409;20251006;103000;123000;4069;5753414;2322;2;;;
386409;20251006;103000;123000;4069;5816398;2322;2;;;
386409;20251006;103000;123000;4069;6032224;2322;2;;;
382935;20250922;91500;123000;4007;5879755;2317;2;;;
382935;20250922;91500;123000;4007;5976623;2317;2;;;
382936;20250929;91500;123000;4007;5879755;2317;2;;;
382936;20250929;91500;123000;4007;5976623;2317;2;;;
382937;20251006;91500;123000;4007;5879755;2317;2;;;
382937;20251006;91500;123000;4007;5976623;2317;2;;;
382938;20251013;91500;123000;4007;5879755;2317;2;;;
382938;20251013;91500;123000;4007;5976623;2317;2;;;
382939;20251020;91500;123000;4007;5879755;2317;2;;;
382939;20251020;91500;123000;4007;5976623;2317;2;;;
382940;20251027;91500;123000;4007;5879755;2317;2;;;
382940;20251027;91500;123000;4007;5976623;2317;2;;;
382941;20251103;91500;123000;4007;5879755;2317;2;;;
382941;20251103;91500;123000;4007;5976623;2317;2;;;
382943;20251117;91500;123000;4007;5879755;2317;2;;;
382943;20251117;91500;123000;4007;5976623;2317;2;;;
382944;20251124;91500;123000;4007;5879755;2317;2;;;
382944;20251124;91500;123000;4007;5976623;2317;2;;;
382945;20251201;91500;123000;4007;5879755;2317;2;;;
382945;20251201;91500;123000;4007;5976623;2317;2;;;
382946;20251208;91500;123000;4007;5879755;2317;2;;;
382946;20251208;91500;123000;4007;5976623;2317;2;;;
382947;20251215;91500;123000;4007;5879755;2317;2;;;
382947;20251215;91500;123000;4007;5976623;2317;2;;;
473241;20250923;103000;123000;4012;5830058;2311;2;;;
473241;20250923;103000;123000;4012;5879760;2311;2;;;
473242;20250930;103000;123000;4012;5830058;2311;2;;;
473242;20250930;103000;123000;4012;5879760;2311;2;;;
473243;20251007;103000;123000;4012;5830058;2311;2;;;
473243;20251007;103000;123000;4012;5879760;2311;2;;;
473244;20251014;103000;123000;4012;5830058;2311;2;;;
473244;20251014;103000;123000;4012;5879760;2311;2;;;
473245;20251021;103000;123000;4012;5830058;2311;2;;;
473245;20251021;103000;123000;4012;5879760;2311;2;;;
473246;20251028;103000;123000;4012;5830058;2311;2;;;
473246;20251028;103000;123000;4012;5879760;2311;2;;;
473247;20251104;103000;123000;4012;5830058;2311;2;;;
473247;20251104;103000;123000;4012;5879760;2311;2;;;
473248;20251118;103000;123000;4012;5830058;2311;2;;;
473248;20251118;103000;123000;4012;5879760;2311;2;;;
473249;20251125;103000;123000;4012;5830058;2311;2;;;
473249;20251125;103000;123000;4012;5879760;2311;2;;;
473250;20251202;103000;123000;4012;5830058;2311;2;;;
473250;20251202;103000;123000;4012;5879760;2311;2;;;
473251;20251209;103000;123000;4012;5830058;2311;2;;;
473251;20251209;103000;123000;4012;5879760;2311;2;;;
473252;20251216;103000;123000;4012;5830058;2311;2;;;
473252;20251216;103000;123000;4012;5879760;2311;2;;;
473253;20250925;91500;123000;4007;5879755;2294;2;;;
473253;20250925;91500;123000;4007;5976623;2294;2;;;
473254;20251002;91500;123000;4007;5879755;2294;2;;;
473254;20251002;91500;123000;4007;5976623;2294;2;;;
473255;20251009;91500;123000;4007;5879755;2294;2;;;
473255;20251009;91500;123000;4007;5976623;2294;2;;;
473256;20251016;91500;123000;4007;5879755;2294;2;;;
473256;20251016;91500;123000;4007;5976623;2294;2;;;
473257;20251023;91500;123000;4007;5879755;2294;2;;;
473257;20251023;91500;123000;4007;5976623;2294;2;;;
473258;20251030;91500;123000;4007;5879755;2294;2;;;
473258;20251030;91500;123000;4007;5976623;2294;2;;;
473259;20251106;91500;123000;4007;5879755;2294;2;;;
473259;20251106;91500;123000;4007;5976623;2294;2;;;
473260;20251113;91500;123000;4007;5879755;2294;2;;;
473260;20251113;91500;123000;4007;5976623;2294;2;;;
473261;20251120;91500;123000;4007;5879755;2294;2;;;
473261;20251120;91500;123000;4007;5976623;2294;2;;;
473262;20251127;91500;123000;4007;5879755;2294;2;;;
473262;20251127;91500;123000;4007;5976623;2294;2;;;
473263;20251204;91500;123000;4007;5879755;2294;2;;;
473263;20251204;91500;123000;4007;5976623;2294;2;;;
473264;20251211;91500;123000;4007;5879755;2294;2;;;
473264;20251211;91500;123000;4007;5976623;2294;2;;;
382894;20250925;91500;123000;4013;5879557;2301;2;;;
382895;20251002;91500;123000;4013;5879557;2301;2;;;
382896;20251009;91500;123000;4013;5879557;2301;2;;;
382897;20251016;91500;123000;4013;5879557;2301;2;;;
382898;20251023;91500;123000;4013;5879557;2301;2;;;
382899;20251030;91500;123000;4013;5879557;2301;2;;;
382900;20251106;91500;123000;4013;5879557;2301;2;;;
382901;20251113;91500;123000;4013;5879557;2301;2;;;
382902;20251120;91500;123000;4013;5879557;2301;2;;;
382903;20251127;91500;123000;4013;5879557;2301;2;;;
382904;20251204;91500;123000;4013;5879557;2301;2;;;
382905;20251211;91500;123000;4013;5879557;2301;2;;;
382625;20250926;103000;123000;4007;5879347;2305;2;;;
382626;20251003;103000;123000;4007;5879347;2305;2;;;
382627;20251010;103000;123000;4007;5879347;2305;2;;;
382628;20251017;103000;123000;4007;5879347;2305;2;;;
382629;20251024;103000;123000;4007;5879347;2305;2;;;
382630;20251031;103000;123000;4007;5879347;2305;2;;;
382631;20251107;103000;123000;4007;5879347;2305;2;;;
382632;20251114;103000;123000;4007;5879347;2305;2;;;
382633;20251121;103000;123000;4007;5879347;2305;2;;;
382634;20251128;103000;123000;4007;5879347;2305;2;;;
382635;20251205;103000;123000;4007;5879347;2305;2;;;
382636;20251212;103000;123000;4007;5879347;2305;2;;;
382637;20251219;103000;123000;4007;5879347;2305;2;;;
473303;20250922;91500;123000;4007;5997865;2301;2;;;
473304;20250929;91500;123000;4007;5997865;2301;2;;;
473305;20251006;91500;123000;4007;5997865;2301;2;;;
473306;20251013;91500;123000;4007;5997865;2301;2;;;
473307;20251020;91500;123000;4007;5997865;2301;2;;;
473308;20251027;91500;123000;4007;5997865;2301;2;;;
473309;20251103;91500;123000;4007;5997865;2301;2;;;
473310;20251117;91500;123000;4007;5997865;2301;2;;;
473311;20251124;91500;123000;4007;5997865;2301;2;;;
473312;20251201;91500;123000;4007;5997865;2301;2;;;
473313;20251208;91500;123000;4007;5997865;2301;2;;;
473314;20251215;91500;123000;4007;5997865;2301;2;;;
396032;20250923;133000;153000;4012;5997870;1549;2;;;
396033;20250930;133000;153000;4012;5997870;1549;2;;;
396034;20251007;133000;153000;4012;5997870;1549;2;;;
396035;20251014;133000;153000;4012;5997870;1549;2;;;
396036;20251021;133000;153000;4012;5997870;1549;2;;;
396037;20251028;133000;153000;4012;5997870;1549;2;;;
396038;20251104;133000;153000;4012;5997870;1549;2;;;
396040;20251118;133000;153000;4012;5997870;1549;2;;;
396041;20251125;133000;153000;4012;5997870;1549;2;;;
396042;20251202;133000;153000;4012;5997870;1549;2;;;
396043;20251209;133000;153000;4012;5997870;1549;2;;;
396044;20251216;133000;153000;4012;5997870;1549;2;;;
473340;20250924;133000;153000;4013;5997871;2322;2;;;
473327;20251001;133000;164500;4013;5997871;2322;2;;;
473328;20251008;133000;164500;4013;5997871;2322;2;;;
473329;20251015;133000;164500;4013;5997871;2322;2;;;
473330;20251022;133000;164500;4013;5997871;2322;2;;;
473331;20251029;133000;164500;4013;5997871;2322;2;;;
473332;20251105;133000;164500;4013;5997871;2322;2;;;
473333;20251112;133000;164500;4013;5997871;2322;2;;;
473334;20251119;133000;164500;4013;5997871;2322;2;;;
473335;20251126;133000;164500;4013;5997871;2322;2;;;
473336;20251203;133000;164500;4013;5997871;2322;2;;;
473337;20251210;133000;164500;4013;5997871;2322;2;;;
473338;20251217;133000;164500;4013;5997871;2322;2;;;
382496;20251002;133000;153000;4007;5997865;2301;2;;;
382497;20251009;133000;153000;4007;5997865;2301;2;;;
382498;20251016;133000;153000;4007;5997865;2301;2;;;
382499;20251023;133000;153000;4007;5997865;2301;2;;;
382500;20251030;133000;153000;4007;5997865;2301;2;;;
382501;20251106;133000;153000;4007;5997865;2301;2;;;
382502;20251113;133000;153000;4007;5997865;2301;2;;;
382503;20251120;133000;153000;4007;5997865;2301;2;;;
382504;20251127;133000;153000;4007;5997865;2301;2;;;
382505;20251204;133000;153000;4007;5997865;2301;2;;;
382506;20251211;133000;153000;4007;5997865;2301;2;;;
382495;20250925;133000;153000;4007;5997865;2301;2;;;
382508;20250925;91500;123000;4009;5997867;2311;2;;;
382509;20251002;91500;123000;4009;5997867;2311;2;;;
382510;20251009;91500;123000;4009;5997867;2311;2;;;
382511;20251016;91500;123000;4009;5997867;2311;2;;;
382512;20251023;91500;123000;4009;5997867;2311;2;;;
382513;20251030;91500;123000;4009;5997867;2311;2;;;
382514;20251106;91500;123000;4009;5997867;2311;2;;;
382515;20251113;91500;123000;4009;5997867;2311;2;;;
382516;20251120;91500;123000;4009;5997867;2311;2;;;
382517;20251127;91500;123000;4009;5997867;2311;2;;;
382518;20251204;91500;123000;4009;5997867;2311;2;;;
382519;20251211;91500;123000;4009;5997867;2311;2;;;
382418;20250930;91500;123000;4007;5997865;2301;2;;;
382421;20251021;91500;123000;4007;5997865;2301;2;;;
382426;20251125;91500;123000;4007;5997865;2301;2;;;
382429;20251216;91500;123000;4007;5997865;2301;2;;;
382423;20251104;91500;123000;4007;5997865;1563;2;;;
382425;20251118;91500;123000;4007;5997865;1563;2;;;
473277;20250926;81500;101500;4007;5879755;2305;2;;;
473277;20250926;81500;101500;4007;5976623;2305;2;;;
473278;20251003;81500;101500;4007;5879755;2305;2;;;
473278;20251003;81500;101500;4007;5976623;2305;2;;;
473279;20251010;81500;101500;4007;5879755;2305;2;;;
473279;20251010;81500;101500;4007;5976623;2305;2;;;
473280;20251017;81500;101500;4007;5879755;2305;2;;;
473280;20251017;81500;101500;4007;5976623;2305;2;;;
473281;20251024;81500;101500;4007;5879755;2305;2;;;
473281;20251024;81500;101500;4007;5976623;2305;2;;;
473282;20251031;81500;101500;4007;5879755;2305;2;;;
473282;20251031;81500;101500;4007;5976623;2305;2;;;
473283;20251107;81500;101500;4007;5879755;2305;2;;;
473283;20251107;81500;101500;4007;5976623;2305;2;;;
473284;20251114;81500;101500;4007;5879755;2305;2;;;
473284;20251114;81500;101500;4007;5976623;2305;2;;;
473285;20251121;81500;101500;4007;5879755;2305;2;;;
473285;20251121;81500;101500;4007;5976623;2305;2;;;
473286;20251128;81500;101500;4007;5879755;2305;2;;;
473286;20251128;81500;101500;4007;5976623;2305;2;;;
473287;20251205;81500;101500;4007;5879755;2305;2;;;
473287;20251205;81500;101500;4007;5976623;2305;2;;;
473288;20251212;81500;101500;4007;5879755;2305;2;;;
473288;20251212;81500;101500;4007;5976623;2305;2;;;
473289;20251219;81500;101500;4007;5879755;2305;2;;;
473289;20251219;81500;101500;4007;5976623;2305;2;;;
473364;20250924;133000;153000;4009;5997663;2317;2;;;
473291;20250922;133000;164500;4007;5879347;514;2;;;
473292;20250929;133000;164500;4007;5879347;514;2;;;
473293;20251006;133000;164500;4007;5879347;514;2;;;
473294;20251013;133000;164500;4007;5879347;514;2;;;
473295;20251020;133000;164500;4007;5879347;514;2;;;
473296;20251027;133000;164500;4007;5879347;514;2;;;
473297;20251103;133000;164500;4007;5879347;514;2;;;
473298;20251117;133000;164500;4007;5879347;514;2;;;
473299;20251124;133000;164500;4007;5879347;514;2;;;
473300;20251201;133000;164500;4007;5879347;514;2;;;
473301;20251208;133000;164500;4007;5879347;514;2;;;
473302;20251215;133000;164500;4007;5879347;514;2;;;
395690;20250922;103000;123000;4010;5997460;1622;2;;;
395589;20251010;133000;153000;4024;5807210;2316;2;;;
395590;20251017;133000;153000;4024;5807210;2316;2;;;
471653;20250926;133000;153000;4024;5807210;2319;2;;;
471654;20251003;133000;153000;4024;5807210;2326;2;;;
473482;20250924;133000;153000;4061;5753225;2326;2;;;
473482;20250924;133000;153000;4061;5872340;2326;2;;;
473482;20250924;133000;153000;4061;5915926;2326;2;;;
473482;20250924;133000;153000;4061;5937753;2326;2;;;
473482;20250924;133000;153000;4061;6115681;2326;2;;;
473482;20250924;133000;153000;4061;5889406;2326;2;;;
473482;20250924;133000;153000;4061;5753429;2326;2;;;
473482;20250924;133000;153000;4061;5995785;2326;2;;;
473482;20250924;133000;153000;4061;5753021;2326;2;;;
473482;20250924;133000;153000;4061;5753225;2311;2;;;
473482;20250924;133000;153000;4061;5872340;2311;2;;;
473482;20250924;133000;153000;4061;5915926;2311;2;;;
473482;20250924;133000;153000;4061;5937753;2311;2;;;
473482;20250924;133000;153000;4061;6115681;2311;2;;;
473482;20250924;133000;153000;4061;5889406;2311;2;;;
473482;20250924;133000;153000;4061;5753429;2311;2;;;
473482;20250924;133000;153000;4061;5995785;2311;2;;;
473482;20250924;133000;153000;4061;5753021;2311;2;;;
383052;20250926;103000;123000;4008;5879756;1616;2;;;
383053;20251003;103000;123000;4008;5879756;1616;2;;;
383054;20251010;103000;123000;4008;5879756;1616;2;;;
383055;20251017;103000;123000;4008;5879756;1616;2;;;
383056;20251024;103000;123000;4008;5879756;1616;2;;;
383057;20251031;103000;123000;4008;5879756;1616;2;;;
383058;20251107;103000;123000;4008;5879756;1616;2;;;
383059;20251114;103000;123000;4008;5879756;1616;2;;;
383060;20251121;103000;123000;4008;5879756;1616;2;;;
383061;20251128;103000;123000;4008;5879756;1616;2;;;
383062;20251205;103000;123000;4008;5879756;1616;2;;;
383063;20251212;103000;123000;4008;5879756;1616;2;;;
383064;20251219;103000;123000;4008;5879756;1616;2;;;
381834;20250926;133000;153000;4008;5976624;1616;2;;;
381834;20250926;133000;153000;4008;5829011;1616;2;;;
381835;20251003;133000;153000;4008;5976624;1616;2;;;
381835;20251003;133000;153000;4008;5829011;1616;2;;;
381836;20251010;133000;153000;4008;5976624;1616;2;;;
381836;20251010;133000;153000;4008;5829011;1616;2;;;
381837;20251017;133000;153000;4008;5976624;1616;2;;;
381837;20251017;133000;153000;4008;5829011;1616;2;;;
381838;20251024;133000;153000;4008;5976624;1616;2;;;
381838;20251024;133000;153000;4008;5829011;1616;2;;;
381839;20251031;133000;153000;4008;5976624;1616;2;;;
381839;20251031;133000;153000;4008;5829011;1616;2;;;
381840;20251107;133000;153000;4008;5976624;1616;2;;;
381840;20251107;133000;153000;4008;5829011;1616;2;;;
381841;20251114;133000;153000;4008;5976624;1616;2;;;
381841;20251114;133000;153000;4008;5829011;1616;2;;;
381842;20251121;133000;153000;4008;5976624;1616;2;;;
381842;20251121;133000;153000;4008;5829011;1616;2;;;
381843;20251128;133000;153000;4008;5976624;1616;2;;;
381843;20251128;133000;153000;4008;5829011;1616;2;;;
381844;20251205;133000;153000;4008;5976624;1616;2;;;
381844;20251205;133000;153000;4008;5829011;1616;2;;;
381845;20251212;133000;153000;4008;5976624;1616;2;;;
381845;20251212;133000;153000;4008;5829011;1616;2;;;
381846;20251219;133000;153000;4008;5976624;1616;2;;;
381846;20251219;133000;153000;4008;5829011;1616;2;;;
473535;20250923;123000;153000;4009;5879553;2319;2;;;
473522;20251014;123000;153000;4009;5879553;520;2;;;
473523;20251021;123000;153000;4009;5879553;514;2;;;
473524;20251028;123000;153000;4009;5879553;520;2;;;
473525;20251104;123000;153000;4009;5879553;2302;2;;;
473528;20251125;123000;153000;4009;5879553;2323;2;;;
473530;20251209;123000;153000;4009;5879553;515;2;;;
473531;20251216;123000;153000;4009;5879553;515;2;;;
382800;20250929;91500;123000;4011;5879555;2295;2;;;
382801;20251006;91500;123000;4011;5879555;2295;2;;;
382802;20251013;91500;123000;4011;5879555;2295;2;;;
382803;20251020;91500;123000;4011;5879555;2295;2;;;
382804;20251027;91500;123000;4011;5879555;2295;2;;;
382805;20251103;91500;123000;4011;5879555;2295;2;;;
382807;20251117;91500;123000;4011;5879555;2295;2;;;
382810;20251208;91500;123000;4011;5879555;2295;2;;;
382811;20251215;91500;123000;4011;5879555;2295;2;;;
382809;20251201;91500;123000;4011;5879555;515;2;;;
382808;20251124;91500;123000;4011;5879555;515;2;;;
384177;20250926;103000;123000;4026;5937512;2304;2;;;
384177;20250926;103000;123000;4026;5976642;2304;2;;;
384177;20250926;103000;123000;4026;5872099;2304;2;;;
384178;20251003;103000;123000;4026;5937512;2304;2;;;
384178;20251003;103000;123000;4026;5976642;2304;2;;;
384178;20251003;103000;123000;4026;5872099;2304;2;;;
384179;20251010;103000;123000;4026;5937512;2304;2;;;
384179;20251010;103000;123000;4026;5976642;2304;2;;;
384179;20251010;103000;123000;4026;5872099;2304;2;;;
384180;20251017;103000;123000;4026;5937512;2304;2;;;
384180;20251017;103000;123000;4026;5976642;2304;2;;;
384180;20251017;103000;123000;4026;5872099;2304;2;;;
384181;20251024;103000;123000;4026;5937512;2304;2;;;
384181;20251024;103000;123000;4026;5976642;2304;2;;;
384181;20251024;103000;123000;4026;5872099;2304;2;;;
384182;20251031;103000;123000;4026;5937512;2304;2;;;
384182;20251031;103000;123000;4026;5976642;2304;2;;;
384182;20251031;103000;123000;4026;5872099;2304;2;;;
384183;20251107;103000;123000;4026;5937512;2304;2;;;
384183;20251107;103000;123000;4026;5976642;2304;2;;;
384183;20251107;103000;123000;4026;5872099;2304;2;;;
384184;20251114;103000;123000;4026;5937512;2304;2;;;
384184;20251114;103000;123000;4026;5976642;2304;2;;;
384184;20251114;103000;123000;4026;5872099;2304;2;;;
384185;20251121;103000;123000;4026;5937512;2304;2;;;
384185;20251121;103000;123000;4026;5976642;2304;2;;;
384185;20251121;103000;123000;4026;5872099;2304;2;;;
384186;20251128;103000;123000;4026;5937512;2304;2;;;
384186;20251128;103000;123000;4026;5976642;2304;2;;;
384186;20251128;103000;123000;4026;5872099;2304;2;;;
384187;20251205;103000;123000;4026;5937512;2304;2;;;
384187;20251205;103000;123000;4026;5976642;2304;2;;;
384187;20251205;103000;123000;4026;5872099;2304;2;;;
384188;20251212;103000;123000;4026;5937512;2304;2;;;
384188;20251212;103000;123000;4026;5976642;2304;2;;;
384188;20251212;103000;123000;4026;5872099;2304;2;;;
384189;20251219;103000;123000;4026;5937512;2304;2;;;
384189;20251219;103000;123000;4026;5976642;2304;2;;;
384189;20251219;103000;123000;4026;5872099;2304;2;;;
395496;20250923;103000;123000;4024;5787961;2313;2;;;
395496;20250923;103000;123000;4024;5807006;2313;2;;;
395497;20250930;103000;123000;4024;5787961;2313;2;;;
395497;20250930;103000;123000;4024;5807006;2313;2;;;
395498;20251007;103000;123000;4024;5787961;2313;2;;;
395498;20251007;103000;123000;4024;5807006;2313;2;;;
395499;20251014;103000;123000;4024;5787961;2313;2;;;
395499;20251014;103000;123000;4024;5807006;2313;2;;;
395500;20251021;103000;123000;4024;5787961;2313;2;;;
395500;20251021;103000;123000;4024;5807006;2313;2;;;
395501;20251028;103000;123000;4024;5787961;2313;2;;;
395501;20251028;103000;123000;4024;5807006;2313;2;;;
395502;20251104;103000;123000;4024;5787961;2313;2;;;
395502;20251104;103000;123000;4024;5807006;2313;2;;;
395504;20251118;103000;123000;4024;5787961;2313;2;;;
395504;20251118;103000;123000;4024;5807006;2313;2;;;
395505;20251125;103000;123000;4024;5787961;2313;2;;;
395505;20251125;103000;123000;4024;5807006;2313;2;;;
395506;20251202;103000;123000;4024;5787961;2313;2;;;
395506;20251202;103000;123000;4024;5807006;2313;2;;;
395507;20251209;103000;123000;4024;5787961;2313;2;;;
395507;20251209;103000;123000;4024;5807006;2313;2;;;
395508;20251216;103000;123000;4024;5787961;2313;2;;;
395508;20251216;103000;123000;4024;5807006;2313;2;;;
395571;20250923;130000;150000;4024;5830070;2326;2;;;
395571;20250923;130000;150000;4024;5923995;2326;2;;;
395572;20250930;130000;150000;4024;5830070;2326;2;;;
395572;20250930;130000;150000;4024;5923995;2326;2;;;
395573;20251007;130000;150000;4024;5830070;2326;2;;;
395573;20251007;130000;150000;4024;5923995;2326;2;;;
395574;20251014;130000;150000;4024;5830070;2326;2;;;
395574;20251014;130000;150000;4024;5923995;2326;2;;;
395575;20251021;130000;150000;4024;5830070;2326;2;;;
395575;20251021;130000;150000;4024;5923995;2326;2;;;
395576;20251028;133000;153000;4024;5830070;2326;2;;;
395576;20251028;133000;153000;4024;5923995;2326;2;;;
395577;20251104;133000;153000;4024;5830070;2326;2;;;
395577;20251104;133000;153000;4024;5923995;2326;2;;;
395579;20251118;133000;153000;4024;5830070;2326;2;;;
395579;20251118;133000;153000;4024;5923995;2326;2;;;
395580;20251125;133000;153000;4024;5830070;2326;2;;;
395580;20251125;133000;153000;4024;5923995;2326;2;;;
395581;20251202;133000;153000;4024;5830070;2326;2;;;
395581;20251202;133000;153000;4024;5923995;2326;2;;;
395582;20251209;133000;153000;4024;5830070;2326;2;;;
395582;20251209;133000;153000;4024;5923995;2326;2;;;
395583;20251216;133000;153000;4024;5830070;2326;2;;;
395583;20251216;133000;153000;4024;5923995;2326;2;;;
395589;20251010;133000;153000;4024;5830070;2316;2;;;
395589;20251010;133000;153000;4024;5923995;2316;2;;;
395590;20251017;133000;153000;4024;5830070;2316;2;;;
395590;20251017;133000;153000;4024;5923995;2316;2;;;
395591;20251023;133000;153000;4024;5807210;2296;2;;;
395591;20251023;133000;153000;4024;5830070;2296;2;;;
395592;20251030;133000;153000;4024;5830070;2304;2;;;
395593;20251106;133000;153000;4024;5830070;2304;2;;;
395594;20251113;133000;153000;4024;5830070;2304;2;;;
395595;20251120;133000;153000;4024;5830070;2304;2;;;
395596;20251127;133000;153000;4024;5830070;2304;2;;;
395597;20251204;133000;153000;4024;5830070;2316;2;;;
395598;20251211;133000;153000;4024;5807210;2296;2;;;
395598;20251211;133000;153000;4024;5830070;2296;2;;;
471653;20250926;133000;153000;4024;5830070;2319;2;;;
471653;20250926;133000;153000;4024;5923995;2319;2;;;
471654;20251003;133000;153000;4024;5830070;2326;2;;;
471654;20251003;133000;153000;4024;5923995;2326;2;;;
395257;20250925;133000;174500;4030;5872103;2291;2;;;
395258;20251002;133000;174500;4030;5872103;2291;2;;;
395259;20251009;133000;174500;4030;5872103;2291;2;;;
395260;20251016;133000;174500;4030;5872103;2291;2;;;
395261;20251023;133000;174500;4030;5872103;2291;2;;;
395262;20251030;133000;174500;4030;5872103;2291;2;;;
395263;20251106;133000;174500;4030;5872103;2291;2;;;
395264;20251113;133000;174500;4030;5872103;2291;2;;;
395265;20251120;133000;174500;4030;5872103;2291;2;;;
395266;20251127;133000;174500;4030;5872103;2291;2;;;
395267;20251204;133000;174500;4030;5872103;2291;2;;;
395268;20251211;133000;174500;4030;5872103;2291;2;;;
395541;20250923;81500;101500;4030;5807216;2323;2;;;
395541;20250923;81500;101500;4030;5830076;2323;2;;;
395542;20250930;81500;101500;4030;5830076;2308;2;;;
395543;20251007;81500;101500;4030;5807216;2323;2;;;
395543;20251007;81500;101500;4030;5830076;2323;2;;;
395544;20251014;81500;101500;4030;5807216;2323;2;;;
395544;20251014;81500;101500;4030;5830076;2323;2;;;
395545;20251021;81500;101500;4030;5807216;2323;2;;;
395545;20251021;81500;101500;4030;5830076;2323;2;;;
395546;20251028;81500;101500;4030;5807216;2323;2;;;
395546;20251028;81500;101500;4030;5830076;2323;2;;;
395547;20251104;81500;101500;4030;5807216;2323;2;;;
395547;20251104;81500;101500;4030;5830076;2323;2;;;
395549;20251118;81500;101500;4030;5807216;2323;2;;;
395549;20251118;81500;101500;4030;5830076;2323;2;;;
395550;20251125;81500;101500;4030;5807216;2323;2;;;
395550;20251125;81500;101500;4030;5830076;2323;2;;;
395551;20251202;81500;101500;4030;5807216;2323;2;;;
395551;20251202;81500;101500;4030;5830076;2323;2;;;
395552;20251209;81500;101500;4030;5807216;2323;2;;;
395552;20251209;81500;101500;4030;5830076;2323;2;;;
395553;20251216;81500;101500;4030;5807216;2323;2;;;
395553;20251216;81500;101500;4030;5830076;2323;2;;;
395554;20250923;103000;123000;4030;5807216;2323;2;;;
395554;20250923;103000;123000;4030;5830076;2323;2;;;
395555;20250930;103000;123000;4030;5830076;2308;2;;;
395556;20251007;103000;123000;4030;5807216;2323;2;;;
395556;20251007;103000;123000;4030;5830076;2323;2;;;
395557;20251014;103000;123000;4030;5807216;2323;2;;;
395557;20251014;103000;123000;4030;5830076;2323;2;;;
395558;20251021;103000;123000;4030;5807216;2323;2;;;
395558;20251021;103000;123000;4030;5830076;2323;2;;;
395559;20251028;103000;123000;4030;5807216;2323;2;;;
395559;20251028;103000;123000;4030;5830076;2323;2;;;
395560;20251104;103000;123000;4030;5807216;2323;2;;;
395560;20251104;103000;123000;4030;5830076;2323;2;;;
395562;20251118;103000;123000;4030;5807216;2323;2;;;
395562;20251118;103000;123000;4030;5830076;2323;2;;;
395563;20251125;103000;123000;4030;5807216;2323;2;;;
395563;20251125;103000;123000;4030;5830076;2323;2;;;
395564;20251202;103000;123000;4030;5807216;2323;2;;;
395564;20251202;103000;123000;4030;5830076;2323;2;;;
395565;20251209;103000;123000;4030;5807216;2323;2;;;
395565;20251209;103000;123000;4030;5830076;2323;2;;;
395566;20251216;103000;123000;4030;5807216;2323;2;;;
395566;20251216;103000;123000;4030;5830076;2323;2;;;
385861;20251009;133000;174500;4068;5976684;2326;2;;;
385862;20251016;133000;174500;4068;5976684;2294;2;;;
385863;20251023;133000;174500;4068;5976684;2294;2;;;
473638;20251008;133000;153000;4007;5829010;2299;2;;;
395086;20251008;154500;174500;4029;5807011;2299;2;;;
395086;20251008;154500;174500;4029;5787966;2299;2;;;
382300;20251126;103000;123000;4007;5997661;523;2;;;
383000;20250924;81500;101500;4010;5879758;1604;2;;;
382140;20250924;103000;123000;4010;5997460;1604;2;;;
473780;20250924;81500;101500;4024;5807210;2299;2;;;
473780;20250924;81500;101500;4024;5830070;2299;2;;;
473780;20250924;81500;101500;4024;5923995;2299;2;;;
473781;20251001;81500;101500;4024;5807210;2299;2;;;
473781;20251001;81500;101500;4024;5830070;2299;2;;;
473781;20251001;81500;101500;4024;5923995;2299;2;;;
473782;20251008;81500;101500;4024;5807210;2299;2;;;
473782;20251008;81500;101500;4024;5830070;2299;2;;;
473782;20251008;81500;101500;4024;5923995;2299;2;;;
473783;20251015;81500;101500;4024;5807210;2299;2;;;
473783;20251015;81500;101500;4024;5830070;2299;2;;;
473783;20251015;81500;101500;4024;5923995;2299;2;;;
473784;20251022;81500;101500;4024;5807210;2299;2;;;
473784;20251022;81500;101500;4024;5830070;2299;2;;;
473784;20251022;81500;101500;4024;5923995;2299;2;;;
473785;20251029;81500;101500;4024;5807210;2299;2;;;
473785;20251029;81500;101500;4024;5830070;2299;2;;;
473785;20251029;81500;101500;4024;5923995;2299;2;;;
473786;20251105;81500;101500;4024;5807210;2299;2;;;
473786;20251105;81500;101500;4024;5830070;2299;2;;;
473786;20251105;81500;101500;4024;5923995;2299;2;;;
473787;20251112;81500;101500;4024;5807210;522;2;;;
473787;20251112;81500;101500;4024;5830070;522;2;;;
473787;20251112;81500;101500;4024;5923995;522;2;;;
473788;20251119;81500;101500;4024;5807210;2299;2;;;
473788;20251119;81500;101500;4024;5830070;2299;2;;;
473788;20251119;81500;101500;4024;5923995;2299;2;;;
473789;20251126;81500;101500;4024;5807210;517;2;;;
473789;20251126;81500;101500;4024;5830070;517;2;;;
473789;20251126;81500;101500;4024;5923995;517;2;;;
473790;20251203;81500;101500;4024;5807210;1563;2;;;
473790;20251203;81500;101500;4024;5830070;1563;2;;;
473790;20251203;81500;101500;4024;5923995;1563;2;;;
473791;20251210;81500;101500;4024;5807210;2301;2;;;
473791;20251210;81500;101500;4024;5830070;2301;2;;;
473791;20251210;81500;101500;4024;5923995;2301;2;;;
473792;20251217;81500;101500;4024;5807210;2301;2;;;
473792;20251217;81500;101500;4024;5830070;2301;2;;;
473792;20251217;81500;101500;4024;5923995;2301;2;;;
472068;20251007;91500;101500;4069;5976664;2308;2;;;
472069;20251014;91500;101500;4069;5976664;2308;2;;;
472070;20251021;91500;101500;4069;5976664;2308;2;;;
472071;20251028;91500;101500;4069;5976664;2308;2;;;
472072;20251104;91500;101500;4069;5976664;2308;2;;;
472073;20251118;91500;101500;4069;5976664;2308;2;;;
472074;20251125;91500;101500;4069;5976664;2308;2;;;
472075;20251202;91500;101500;4069;5976664;2308;2;;;
472076;20251209;91500;101500;4069;5976664;2308;2;;;
472077;20251216;91500;101500;4069;5976664;2308;2;;;
472067;20250930;91500;101500;4069;5976664;2323;2;;;
473880;20250930;153000;173000;4029;5807215;517;2;;;
387911;20250926;133000;153000;4176;5796412;2968;2;;;
387911;20250926;133000;153000;4176;5937464;2968;2;;;
387912;20251003;133000;153000;4176;5796412;2968;2;;;
387912;20251003;133000;153000;4176;5937464;2968;2;;;
387913;20251010;133000;153000;4176;5796412;2968;2;;;
387913;20251010;133000;153000;4176;5937464;2968;2;;;
387914;20251017;133000;153000;4176;5796412;2968;2;;;
387914;20251017;133000;153000;4176;5937464;2968;2;;;
387915;20251024;133000;153000;4176;5796412;2968;2;;;
387915;20251024;133000;153000;4176;5937464;2968;2;;;
387916;20251031;133000;153000;4176;5796412;2968;2;;;
387916;20251031;133000;153000;4176;5937464;2968;2;;;
387917;20251107;133000;153000;4176;5796412;2968;2;;;
387917;20251107;133000;153000;4176;5937464;2968;2;;;
387918;20251114;133000;153000;4176;5796412;2968;2;;;
387918;20251114;133000;153000;4176;5937464;2968;2;;;
387919;20251121;133000;153000;4176;5796412;2968;2;;;
387919;20251121;133000;153000;4176;5937464;2968;2;;;
387920;20251128;133000;153000;4176;5796412;2968;2;;;
387920;20251128;133000;153000;4176;5937464;2968;2;;;
387921;20251205;133000;153000;4176;5796412;2968;2;;;
387921;20251205;133000;153000;4176;5937464;2968;2;;;
387922;20251212;133000;153000;4176;5796412;2968;2;;;
387922;20251212;133000;153000;4176;5937464;2968;2;;;
387923;20251219;133000;153000;4176;5796412;2968;2;;;
387923;20251219;133000;153000;4176;5937464;2968;2;;;
387937;20250926;154500;164500;4176;5796412;2968;2;;;
387937;20250926;154500;164500;4176;5937464;2968;2;;;
387938;20251003;154500;164500;4176;5796412;2968;2;;;
387938;20251003;154500;164500;4176;5937464;2968;2;;;
387939;20251010;154500;164500;4176;5796412;2968;2;;;
387939;20251010;154500;164500;4176;5937464;2968;2;;;
387940;20251017;154500;164500;4176;5796412;2968;2;;;
387940;20251017;154500;164500;4176;5937464;2968;2;;;
387941;20251024;154500;164500;4176;5796412;2968;2;;;
387941;20251024;154500;164500;4176;5937464;2968;2;;;
387942;20251031;154500;164500;4176;5796412;2968;2;;;
387942;20251031;154500;164500;4176;5937464;2968;2;;;
387943;20251107;154500;164500;4176;5796412;2968;2;;;
387943;20251107;154500;164500;4176;5937464;2968;2;;;
387944;20251114;154500;164500;4176;5796412;2968;2;;;
387944;20251114;154500;164500;4176;5937464;2968;2;;;
387945;20251121;154500;164500;4176;5796412;2968;2;;;
387945;20251121;154500;164500;4176;5937464;2968;2;;;
387946;20251128;154500;164500;4176;5796412;2968;2;;;
387946;20251128;154500;164500;4176;5937464;2968;2;;;
387947;20251205;154500;164500;4176;5796412;2968;2;;;
387947;20251205;154500;164500;4176;5937464;2968;2;;;
387948;20251212;154500;164500;4176;5796412;2968;2;;;
387948;20251212;154500;164500;4176;5937464;2968;2;;;
387949;20251219;154500;164500;4176;5796412;2968;2;;;
387949;20251219;154500;164500;4176;5937464;2968;2;;;
428497;20250925;81500;101500;4025;5939146;517;2;;;
428497;20250925;81500;101500;4025;5788166;517;2;;;
382894;20250925;91500;123000;4013;5879557;2291;2;;;
386355;20250925;91500;101500;4179;6082490;2301;2;;;
386355;20250925;91500;101500;4179;5995907;2301;2;;;
386368;20250925;103000;123000;4179;6082490;2301;2;;;
386368;20250925;103000;123000;4179;5995907;2301;2;;;
473253;20250925;91500;123000;4007;5879755;1622;2;;;
473253;20250925;91500;123000;4007;5976623;1622;2;;;
395451;20250925;133000;153000;4022;5939143;2316;2;;;
395451;20250925;133000;153000;4022;5976638;2316;2;;;
395451;20250925;133000;153000;4022;5788163;2316;2;;;
473292;20250929;133000;164500;4007;5879347;515;2;;;
382936;20250929;91500;123000;4007;5879755;2304;2;;;
382936;20250929;91500;123000;4007;5976623;2304;2;;;
394474;20250929;103000;123000;4023;5830069;2317;2;;;
394474;20250929;103000;123000;4023;5807209;2317;2;;;
383082;20250929;81500;101500;4023;5807005;2317;2;;;
383082;20250929;81500;101500;4023;5787960;2317;2;;;
382587;20250930;91500;123000;4013;5879353;2319;2;;;
472103;20250930;91500;123000;4069;5753006;520;2;;;
472103;20250930;91500;123000;4069;5872325;520;2;;;
396358;20250930;81500;101500;4180;5889325;2311;2;;;
382418;20250930;91500;123000;4007;5997865;2323;2;;;
472067;20250930;91500;101500;4069;5830094;2301;2;;;
472067;20250930;91500;101500;4069;5753210;2301;2;;;
472067;20250930;91500;101500;4069;5976664;2301;2;;;
472067;20250930;91500;101500;4069;6115689;2301;2;;;
472079;20250930;103000;123000;4069;5753210;2301;2;;;
472079;20250930;103000;123000;4069;5976664;2301;2;;;
472079;20250930;103000;123000;4069;6115689;2301;2;;;
471335;20251009;81500;101500;4010;5938927;521;2;;;
471334;20251002;81500;101500;4010;5938927;2323;2;;;
471336;20251016;81500;101500;4010;5938927;2323;2;;;
471337;20251023;81500;101500;4010;5938927;2323;2;;;
471338;20251030;81500;101500;4010;5938927;2323;2;;;
471339;20251106;81500;101500;4010;5938927;2323;2;;;
471340;20251113;81500;101500;4010;5938927;523;2;;;
471341;20251120;81500;101500;4010;5938927;2323;2;;;
471342;20251127;81500;101500;4010;5938927;2323;2;;;
471343;20251204;81500;101500;4010;5938927;2323;2;;;
471344;20251211;81500;101500;4010;5938927;2323;2;;;
387871;20250926;103000;123000;4029;5796259;2299;2;;;
387871;20250926;103000;123000;4029;5937311;2299;2;;;
394513;20250930;103000;123000;4178;5889323;517;2;;;
394513;20250930;103000;123000;4178;5995906;517;2;;;
473780;20250924;81500;101500;4024;5976640;2299;2;;;
473781;20251001;81500;101500;4024;5976640;2299;2;;;
473782;20251008;81500;101500;4024;5976640;2299;2;;;
473783;20251015;81500;101500;4024;5976640;2299;2;;;
473784;20251022;81500;101500;4024;5976640;2299;2;;;
473785;20251029;81500;101500;4024;5976640;2299;2;;;
473786;20251105;81500;101500;4024;5976640;2299;2;;;
473787;20251112;81500;101500;4024;5976640;522;2;;;
473788;20251119;81500;101500;4024;5976640;2299;2;;;
473789;20251126;81500;101500;4024;5976640;517;2;;;
473790;20251203;81500;101500;4024;5976640;1563;2;;;
473791;20251210;81500;101500;4024;5976640;2301;2;;;
473792;20251217;81500;101500;4024;5976640;2301;2;;;
395591;20251023;133000;153000;4024;5976640;2296;2;;;
395592;20251030;133000;153000;4024;5976640;2304;2;;;
395593;20251106;133000;153000;4024;5976640;2304;2;;;
395594;20251113;133000;153000;4024;5976640;2304;2;;;
395595;20251120;133000;153000;4024;5976640;2304;2;;;
395596;20251127;133000;153000;4024;5976640;2304;2;;;
395597;20251204;133000;153000;4024;5976640;2316;2;;;
395598;20251211;133000;153000;4024;5976640;2296;2;;;
473309;20251103;91500;123000;4007;5997865;2299;2;;;
473304;20250929;91500;123000;4007;5997865;2299;2;;;
473305;20251006;91500;123000;4007;5997865;2299;2;;;
473306;20251013;91500;123000;4007;5997865;2299;2;;;
395378;20250929;103000;123000;4025;5788370;1622;2;;;
395379;20251006;103000;123000;4025;5788370;1622;2;;;
395380;20251013;103000;123000;4025;5788370;1622;2;;;
395381;20251020;103000;123000;4025;5788370;1622;2;;;
395382;20251027;103000;123000;4025;5788370;1622;2;;;
395383;20251103;103000;123000;4025;5788370;1622;2;;;
395385;20251117;103000;123000;4025;5788370;1622;2;;;
395386;20251124;103000;123000;4025;5788370;1622;2;;;
395387;20251201;103000;123000;4025;5788370;1622;2;;;
395388;20251208;103000;123000;4025;5788370;1622;2;;;
395389;20251215;103000;123000;4025;5788370;1622;2;;;
387562;20250929;81500;101500;4025;5937307;1622;2;;;
387562;20250929;81500;101500;4025;5976641;1622;2;;;
387562;20250929;81500;101500;4025;5796255;1622;2;;;
472173;20251002;103000;123000;4024;5939145;2295;2;;;
472173;20251002;103000;123000;4024;5788165;2295;2;;;
387564;20251013;81500;101500;4025;5937307;2323;2;;;
387564;20251013;81500;101500;4025;5976641;2323;2;;;
387564;20251013;81500;101500;4025;5796255;2323;2;;;
387565;20251020;81500;101500;4025;5937307;2299;2;;;
387565;20251020;81500;101500;4025;5976641;2299;2;;;
387565;20251020;81500;101500;4025;5796255;2299;2;;;
387566;20251027;81500;101500;4025;5937307;2299;2;;;
387566;20251027;81500;101500;4025;5976641;2299;2;;;
387566;20251027;81500;101500;4025;5796255;2299;2;;;
387569;20251117;81500;101500;4025;5937307;2311;2;;;
387569;20251117;81500;101500;4025;5976641;2311;2;;;
387569;20251117;81500;101500;4025;5796255;2311;2;;;
472174;20251009;103000;123000;4024;5939145;2295;2;;;
472174;20251009;103000;123000;4024;5788165;2295;2;;;
472175;20251016;103000;123000;4024;5939145;2295;2;;;
472175;20251016;103000;123000;4024;5788165;2295;2;;;
472176;20251023;103000;123000;4024;5939145;2295;2;;;
472176;20251023;103000;123000;4024;5788165;2295;2;;;
472177;20251030;103000;123000;4024;5939145;2295;2;;;
472177;20251030;103000;123000;4024;5788165;2295;2;;;
472178;20251106;103000;123000;4024;5939145;2295;2;;;
472178;20251106;103000;123000;4024;5788165;2295;2;;;
472179;20251113;103000;123000;4024;5939145;2295;2;;;
472179;20251113;103000;123000;4024;5788165;2295;2;;;
472180;20251120;103000;123000;4024;5939145;2295;2;;;
472180;20251120;103000;123000;4024;5788165;2295;2;;;
472181;20251127;103000;123000;4024;5939145;2295;2;;;
472181;20251127;103000;123000;4024;5788165;2295;2;;;
472182;20251204;103000;123000;4024;5939145;2295;2;;;
472182;20251204;103000;123000;4024;5788165;2295;2;;;
472183;20251211;103000;123000;4024;5939145;2295;2;;;
472183;20251211;103000;123000;4024;5788165;2295;2;;;
472184;20251218;103000;123000;4024;5939145;2295;2;;;
472184;20251218;103000;123000;4024;5788165;2295;2;;;
387570;20251124;81500;101500;4025;5937307;2311;2;;;
387570;20251124;81500;101500;4025;5976641;2311;2;;;
387570;20251124;81500;101500;4025;5796255;2311;2;;;
387571;20251201;81500;101500;4025;5937307;2311;2;;;
387571;20251201;81500;101500;4025;5976641;2311;2;;;
387571;20251201;81500;101500;4025;5796255;2311;2;;;
387572;20251208;81500;101500;4025;5937307;2311;2;;;
387572;20251208;81500;101500;4025;5976641;2311;2;;;
387572;20251208;81500;101500;4025;5796255;2311;2;;;
387573;20251215;81500;101500;4025;5937307;515;2;;;
387573;20251215;81500;101500;4025;5976641;515;2;;;
387573;20251215;81500;101500;4025;5796255;515;2;;;
395827;20250930;133000;153000;4063;5995788;2326;2;;;
395827;20250930;133000;153000;4063;5753432;2326;2;;;
395827;20250930;133000;153000;4063;5753228;2326;2;;;
395827;20250930;133000;153000;4063;5753024;2326;2;;;
395827;20250930;133000;153000;4063;5915929;2326;2;;;
395827;20250930;133000;153000;4063;6115683;2326;2;;;
395827;20250930;133000;153000;4063;5872343;2326;2;;;
395827;20250930;133000;153000;4063;5889409;2326;2;;;
395827;20250930;133000;153000;4063;5937756;2326;2;;;
395572;20250930;130000;150000;4024;5976640;1622;2;;;
395572;20250930;130000;150000;4024;5807210;1622;2;;;
395572;20250930;130000;150000;4024;5830070;1622;2;;;
395572;20250930;130000;150000;4024;5923995;1622;2;;;
395573;20251007;130000;150000;4024;5976640;515;2;;;
395573;20251007;130000;150000;4024;5807210;515;2;;;
395573;20251007;130000;150000;4024;5830070;515;2;;;
395573;20251007;130000;150000;4024;5923995;515;2;;;
395574;20251014;130000;150000;4024;5976640;1622;2;;;
395574;20251014;130000;150000;4024;5807210;1622;2;;;
395574;20251014;130000;150000;4024;5830070;1622;2;;;
395574;20251014;130000;150000;4024;5923995;1622;2;;;
395829;20251014;133000;153000;4063;5995788;2326;2;;;
395829;20251014;133000;153000;4063;5753432;2326;2;;;
395829;20251014;133000;153000;4063;5753228;2326;2;;;
395829;20251014;133000;153000;4063;5753024;2326;2;;;
395829;20251014;133000;153000;4063;5915929;2326;2;;;
395829;20251014;133000;153000;4063;6115683;2326;2;;;
395829;20251014;133000;153000;4063;5872343;2326;2;;;
395829;20251014;133000;153000;4063;5889409;2326;2;;;
395829;20251014;133000;153000;4063;5937756;2326;2;;;
396318;20250930;154500;174500;4178;5872461;2323;2;;;
396318;20250930;154500;174500;4178;5849734;2323;2;;;
381725;20251001;91500;123000;4007;5829010;2309;2;;;
394545;20251001;133000;153000;4023;5830069;520;2;;;
394545;20251001;133000;153000;4023;5807209;520;2;;;
472188;20251001;154500;174500;4178;5753142;520;2;;;
382895;20251002;91500;123000;4013;5879557;2291;2;;;
386356;20251002;91500;101500;4179;6082490;2301;2;;;
386356;20251002;91500;101500;4179;5995907;2301;2;;;
386369;20251002;103000;123000;4179;6082490;2301;2;;;
386369;20251002;103000;123000;4179;5995907;2301;2;;;
395452;20251002;133000;153000;4022;5939143;2316;2;;;
395452;20251002;133000;153000;4022;5976638;2316;2;;;
395452;20251002;133000;153000;4022;5788163;2316;2;;;
382600;20251001;91500;123000;4007;5879347;1563;2;;;
386394;20250922;91500;101500;4069;5915911;2322;2;;;
386395;20250929;91500;101500;4069;5915911;2322;2;;;
386396;20251006;91500;101500;4069;5915911;2322;2;;;
386397;20251013;91500;101500;4069;5915911;2322;2;;;
386398;20251020;91500;101500;4069;5915911;2322;2;;;
386400;20251103;91500;101500;4069;5915911;2322;2;;;
386407;20250922;103000;123000;4069;5915911;2322;2;;;
386408;20250929;103000;123000;4069;5915911;2322;2;;;
386409;20251006;103000;123000;4069;5915911;2322;2;;;
386410;20251013;103000;123000;4069;5915911;2322;2;;;
386411;20251020;103000;123000;4069;5915911;2322;2;;;
386413;20251103;103000;123000;4069;5915911;2322;2;;;
394338;20250922;81500;101500;4008;5879348;1616;2;;;
394339;20250929;81500;101500;4008;5879348;1616;2;;;
394340;20251006;81500;101500;4008;5879348;1616;2;;;
394341;20251013;81500;101500;4008;5879348;1616;2;;;
394342;20251020;81500;101500;4008;5879348;1616;2;;;
394343;20251027;81500;101500;4008;5879348;1616;2;;;
394344;20251103;81500;101500;4008;5879348;1616;2;;;
394346;20251117;81500;101500;4008;5879348;1616;2;;;
394347;20251124;81500;101500;4008;5879348;1616;2;;;
394348;20251201;81500;101500;4008;5879348;1616;2;;;
394349;20251208;81500;101500;4008;5879348;1616;2;;;
394350;20251215;81500;101500;4008;5879348;1616;2;;;
387913;20251008;133000;153000;4176;5796412;523;2;;;
387913;20251008;133000;153000;4176;5937464;523;2;;;
387939;20251008;154500;164500;4176;5796412;523;2;;;
387939;20251008;154500;164500;4176;5937464;523;2;;;
387918;20251112;133000;153000;4176;5796412;520;2;;;
387918;20251112;133000;153000;4176;5937464;520;2;;;
387944;20251112;154500;164500;4176;5796412;520;2;;;
387944;20251112;154500;164500;4176;5937464;520;2;;;
387922;20251210;133000;153000;4176;5796412;515;2;;;
387922;20251210;133000;153000;4176;5937464;515;2;;;
387948;20251210;154500;164500;4176;5796412;515;2;;;
387948;20251210;154500;164500;4176;5937464;515;2;;;
382257;20251027;133000;164500;4013;5997667;2303;2;;;
381451;20251003;91500;123000;4007;5938924;1563;2;;;
383796;20251003;103000;123000;4022;5807208;2303;2;;;
387872;20251003;103000;123000;4029;5796259;517;2;;;
387872;20251003;103000;123000;4029;5937311;517;2;;;
386396;20251006;91500;101500;4069;5753414;2301;2;;;
386396;20251006;91500;101500;4069;5915911;2301;2;;;
386396;20251006;91500;101500;4069;5816398;2301;2;;;
386409;20251006;103000;123000;4069;5753414;2301;2;;;
386409;20251006;103000;123000;4069;5915911;2301;2;;;
386409;20251006;103000;123000;4069;5816398;2301;2;;;
386397;20251013;91500;101500;4069;5753414;2301;2;;;
386397;20251013;91500;101500;4069;5915911;2301;2;;;
386397;20251013;91500;101500;4069;5816398;2301;2;;;
386410;20251013;103000;123000;4069;5753414;2301;2;;;
386410;20251013;103000;123000;4069;5915911;2301;2;;;
386410;20251013;103000;123000;4069;5816398;2301;2;;;
386400;20251103;91500;101500;4069;5753414;2301;2;;;
386400;20251103;91500;101500;4069;5915911;2301;2;;;
386400;20251103;91500;101500;4069;5816398;2301;2;;;
386413;20251103;103000;123000;4069;5753414;2301;2;;;
386413;20251103;103000;123000;4069;5915911;2301;2;;;
386413;20251103;103000;123000;4069;5816398;2301;2;;;
473307;20251020;91500;123000;4007;5997865;2322;2;;;
473308;20251027;91500;123000;4007;5997865;2322;2;;;
386398;20251020;91500;101500;4069;5753414;2301;2;;;
386398;20251020;91500;101500;4069;5915911;2301;2;;;
386398;20251020;91500;101500;4069;5816398;2301;2;;;
386411;20251020;103000;123000;4069;5753414;2301;2;;;
386411;20251020;103000;123000;4069;5915911;2301;2;;;
386411;20251020;103000;123000;4069;5816398;2301;2;;;
386399;20251027;91500;101500;4069;5753414;2301;2;;;
386399;20251027;91500;101500;4069;5816398;2301;2;;;
386412;20251027;103000;123000;4069;5753414;2301;2;;;
386412;20251027;103000;123000;4069;5816398;2301;2;;;
381441;20251027;81500;101500;4007;5938924;2311;2;;;
394531;20251027;103000;123000;4050;5753214;1563;2;;;
394531;20251027;103000;123000;4050;5976668;1563;2;;;
382937;20251006;91500;123000;4007;5879755;2304;2;;;
382937;20251006;91500;123000;4007;5976623;2304;2;;;
383083;20251006;81500;101500;4023;5807005;2317;2;;;
383083;20251006;81500;101500;4023;5787960;2317;2;;;
394475;20251006;103000;123000;4023;5830069;2317;2;;;
394475;20251006;103000;123000;4023;5807209;2317;2;;;
473293;20251006;133000;164500;4007;5879347;2322;2;;;
386765;20250924;81500;101500;4182;5916051;2295;2;;;
386766;20251001;81500;101500;4182;5916051;2291;2;;;
386792;20251001;103000;123000;4182;5916051;2291;2;;;
386767;20251008;81500;101500;4182;5916051;2313;2;;;
386793;20251008;103000;123000;4182;5916051;2313;2;;;
474964;20251024;81500;101500;4009;5879349;2323;2;;;
474965;20251024;154500;164500;4009;5879349;2323;2;;;
474972;20251016;154500;174500;4023;5788164;523;2;;;
474972;20251016;154500;174500;4023;5939144;523;2;;;
474975;20251017;133000;153000;4023;5788164;523;2;;;
474975;20251017;133000;153000;4023;5939144;523;2;;;
474983;20251114;81500;101500;4009;5879349;522;2;;;
474962;20251017;81500;101500;4009;5879349;2302;2;;;
382896;20251009;91500;123000;4013;5997667;2301;2;;;
382897;20251016;91500;123000;4013;5997667;2301;2;;;
382898;20251023;91500;123000;4013;5997667;2301;2;;;
472778;20251017;103000;123000;4007;5879551;2302;2;;;
476148;20251010;154500;170000;4022;5788367;1118;2;;;
476148;20251010;154500;170000;4022;5939143;1118;2;;;
476148;20251010;154500;170000;4022;5796252;1118;2;;;
476148;20251010;154500;170000;4022;5807208;1118;2;;;
476148;20251010;154500;170000;4022;5976638;1118;2;;;
476148;20251010;154500;170000;4022;5787959;1118;2;;;
476148;20251010;154500;170000;4022;5937304;1118;2;;;
476148;20251010;154500;170000;4022;5807004;1118;2;;;
476148;20251010;154500;170000;4022;5788163;1118;2;;;
476148;20251010;154500;170000;4022;5937508;1118;2;;;
476148;20251010;154500;170000;4022;5872095;1118;2;;;
476236;20251024;154500;174500;4022;5939143;2301;2;;;
476236;20251024;154500;174500;4022;5976638;2301;2;;;
476236;20251024;154500;174500;4022;5788163;2301;2;;;
386305;20251008;81500;123000;4052;5753420;1574;2;;;
386305;20251008;81500;123000;4052;5816404;1574;2;;;
385861;20251009;133000;174500;4068;5838182;2326;2;;;
385862;20251016;133000;174500;4068;5838182;2294;2;;;
385863;20251023;133000;174500;4068;5838182;2294;2;;;
395101;20251017;154500;174500;4180;6082491;2301;2;;;
395101;20251017;154500;174500;4180;5889325;2301;2;;;
395101;20251017;154500;174500;4180;5995908;2301;2;;;
396333;20251016;133000;153000;4176;5937668;2968;2;;;
396346;20251016;154500;164500;4176;5937668;2968;2;;;
396096;20251020;103000;123000;4026;5807008;2319;2;;;
396096;20251020;103000;123000;4026;5787963;2319;2;;;
422876;20260226;81500;101500;4015;5959454;517;2;;;
422876;20260226;81500;101500;4015;5879763;517;2;;;
424229;20260226;103000;123000;4021;5997675;517;2;;;
474972;20251016;133000;153000;4023;5788164;2316;2;;;
474972;20251016;133000;153000;4023;5939144;2316;2;;;
478545;20251112;134500;170000;4009;5938926;2311;2;;;
381762;20251105;134500;170000;4009;5829012;2308;2;;;
478634;20251114;81500;101500;4180;6082491;2326;2;;;
478634;20251114;81500;101500;4180;5995908;2326;2;;;
395831;20251028;133000;153000;4063;5995788;2291;2;;;
395831;20251028;133000;153000;4063;5753432;2291;2;;;
395831;20251028;133000;153000;4063;5753228;2291;2;;;
395831;20251028;133000;153000;4063;5753024;2291;2;;;
395831;20251028;133000;153000;4063;5915929;2291;2;;;
395831;20251028;133000;153000;4063;6115683;2291;2;;;
395831;20251028;133000;153000;4063;5872343;2291;2;;;
395831;20251028;133000;153000;4063;5889409;2291;2;;;
395831;20251028;133000;153000;4063;5937756;2291;2;;;
395832;20251104;133000;153000;4063;5995788;1563;2;;;
395832;20251104;133000;153000;4063;5753432;1563;2;;;
395832;20251104;133000;153000;4063;5753228;1563;2;;;
395832;20251104;133000;153000;4063;5753024;1563;2;;;
395832;20251104;133000;153000;4063;5915929;1563;2;;;
395832;20251104;133000;153000;4063;6115683;1563;2;;;
395832;20251104;133000;153000;4063;5872343;1563;2;;;
395832;20251104;133000;153000;4063;5889409;1563;2;;;
395832;20251104;133000;153000;4063;5937756;1563;2;;;
437373;20260211;91500;123000;10350;6081049;2316;2;;;
437374;20260218;91500;123000;10350;6081049;2316;2;;;
437375;20260225;91500;123000;10350;6081049;2316;2;;;
437376;20260304;91500;123000;10350;6081049;2316;2;;;
437377;20260311;91500;123000;10350;6081049;2316;2;;;
437378;20260318;91500;123000;10350;6081049;2316;2;;;
437379;20260325;91500;123000;10350;6081049;2316;2;;;
437380;20260401;91500;123000;10350;6081049;2316;2;;;
437383;20260422;91500;123000;10350;6081049;2316;2;;;
437384;20260429;91500;123000;10350;6081049;2316;2;;;
437385;20260506;91500;123000;10350;6081049;2316;2;;;
437386;20260513;91500;123000;10350;6081049;2316;2;;;
437387;20260520;91500;123000;10350;6081049;2316;2;;;
427174;20260213;103000;123000;4034;5959473;2316;2;;;
427175;20260227;103000;123000;4034;5959473;2316;2;;;
427176;20260313;103000;123000;4034;5959473;2316;2;;;
427177;20260327;103000;123000;4034;5959473;2316;2;;;
427179;20260424;103000;123000;4034;5959473;2316;2;;;
427180;20260508;103000;123000;4034;5959473;2316;2;;;
427181;20260522;103000;123000;4034;5959473;2316;2;;;
382899;20251030;91500;123000;4013;5879557;521;2;;;
382900;20251106;91500;123000;4013;5879557;521;2;;;
382901;20251113;91500;123000;4013;5879557;521;2;;;
382902;20251120;91500;123000;4013;5879557;521;2;;;
382903;20251127;91500;123000;4013;5879557;521;2;;;
382904;20251204;91500;123000;4013;5879557;514;2;;;
382905;20251211;91500;123000;4013;5879557;521;2;;;
382906;20251218;91500;123000;4013;5879557;2326;2;;;
395547;20251106;154500;174500;4030;5807216;2301;2;;;
395547;20251106;154500;174500;4030;5830076;2301;2;;;
395560;20251107;133000;153000;4030;5807216;2299;2;;;
395560;20251107;133000;153000;4030;5830076;2299;2;;;
479568;20251113;154500;174500;4030;5807216;1563;2;;;
479568;20251113;154500;174500;4030;5830076;1563;2;;;
479569;20251114;133000;153000;4030;5807216;1563;2;;;
479569;20251114;133000;153000;4030;5830076;1563;2;;;
395549;20251120;154500;174500;4030;5807216;1563;2;;;
395549;20251120;154500;174500;4030;5830076;1563;2;;;
395562;20251121;133000;153000;4030;5807216;1563;2;;;
395562;20251121;133000;153000;4030;5830076;1563;2;;;
395550;20251127;154500;174500;4030;5807216;1563;2;;;
395550;20251127;154500;174500;4030;5830076;1563;2;;;
395563;20251128;133000;153000;4030;5807216;1563;2;;;
395563;20251128;133000;153000;4030;5830076;1563;2;;;
395551;20251204;154500;174500;4030;5807216;1563;2;;;
395551;20251204;154500;174500;4030;5830076;1563;2;;;
395564;20251205;133000;153000;4030;5807216;1563;2;;;
395564;20251205;133000;153000;4030;5830076;1563;2;;;
395552;20251211;154500;174500;4030;5807216;1563;2;;;
395552;20251211;154500;174500;4030;5830076;1563;2;;;
395565;20251212;133000;153000;4030;5807216;1563;2;;;
395565;20251212;133000;153000;4030;5830076;1563;2;;;
382427;20251202;91500;123000;4007;5997865;2323;2;;;
382428;20251209;91500;123000;4007;5997865;2323;2;;;
382900;20251106;91500;123000;4013;5879557;2322;2;;;
382520;20251218;91500;123000;4013;5997871;2311;2;;;
395387;20251201;103000;123000;4025;5788370;2311;2;;;
396103;20251208;103000;123000;4026;5807008;2322;2;;;
396103;20251208;103000;123000;4026;5787963;2322;2;;;
396104;20251215;103000;123000;4026;5807008;2322;2;;;
396104;20251215;103000;123000;4026;5787963;2322;2;;;
396098;20251103;103000;123000;4026;5807008;2323;2;;;
396098;20251103;103000;123000;4026;5787963;2323;2;;;
396100;20251117;103000;123000;4026;5807008;1563;2;;;
396100;20251117;103000;123000;4026;5787963;1563;2;;;
382808;20251124;91500;123000;4011;5879555;1563;2;;;
479883;20251205;133000;153000;4178;5782787;1105;2;;;
479883;20251205;133000;153000;4178;5889323;1105;2;;;
479883;20251205;133000;153000;4178;5940720;1105;2;;;
479883;20251205;133000;153000;4178;5803395;1105;2;;;
479883;20251205;133000;153000;4178;5938740;1105;2;;;
479883;20251205;133000;153000;4178;5778201;1105;2;;;
479883;20251205;133000;153000;4178;5753142;1105;2;;;
479883;20251205;133000;153000;4178;5872461;1105;2;;;
479883;20251205;133000;153000;4178;5995906;1105;2;;;
479883;20251205;133000;153000;4178;5957378;1105;2;;;
479883;20251205;133000;153000;4178;5849734;1105;2;;;
479883;20251205;133000;153000;4178;5766951;1105;2;;;
479883;20251205;133000;153000;4178;5868714;1105;2;;;
472157;20251208;133000;164500;4007;5879551;2308;2;;;
472770;20251209;91500;111500;4007;5879551;517;2;;;
395974;20251202;103000;123000;4175;5937667;515;2;;;
395975;20251209;103000;123000;4175;5937667;515;2;;;
395976;20251216;103000;123000;4175;5937667;515;2;;;
395973;20251125;103000;123000;4175;5937667;2322;2;;;
426843;20251119;180000;200000;4199;5996131;2317;2;;;
426844;20251126;180000;200000;4199;5996131;2317;2;;;
426845;20251203;180000;200000;4199;5996131;1594;2;;;
426846;20251210;180000;200000;4199;5996131;1594;2;;;
474984;20251120;154500;174500;4023;5788164;515;2;;;
474984;20251120;154500;174500;4023;5939144;515;2;;;
474985;20251121;133000;153000;4023;5788164;515;2;;;
474985;20251121;133000;153000;4023;5939144;515;2;;;
452926;20251201;123000;133000;4049;6115669;2968;2;;;
452926;20251201;123000;133000;4049;5976667;2968;2;;;
452926;20251201;123000;133000;4049;5753213;2968;2;;;
481550;20251201;180000;200000;4110;5849865;2295;2;;;
481550;20251201;180000;200000;4110;5778120;2295;2;;;
481526;20251127;190000;220000;4050;5753214;2323;2;;;
481526;20251127;190000;220000;4050;5849865;2323;2;;;
481526;20251127;190000;220000;4050;5778120;2323;2;;;
481526;20251127;190000;220000;4050;6115670;2323;2;;;
481526;20251127;190000;220000;4050;5976668;2323;2;;;
481620;20251127;154500;174500;4023;5788164;515;2;;;
481620;20251127;154500;174500;4023;5939144;515;2;;;
481704;20251128;133000;164500;4007;5829214;2311;2;;;
482001;20251204;133000;153000;4030;5807216;2316;2;;;
482001;20251204;133000;153000;4030;5830076;2316;2;;;
395551;20251204;154500;174500;4030;5807216;2316;2;;;
395551;20251204;154500;174500;4030;5830076;2316;2;;;
394537;20251208;103000;123000;4050;6115670;2311;2;;;
396398;20251208;81500;101500;4050;5753214;2968;2;;;
396398;20251208;81500;101500;4050;5976668;2968;2;;;
452927;20251208;103000;133000;4049;5753213;2968;2;;;
395811;20251208;133000;163000;4049;6115669;2968;2;;;
482702;20251215;81500;101500;4022;5939143;1116;2;;;
482702;20251215;81500;101500;4022;5807208;1116;2;;;
482702;20251215;81500;101500;4022;5976638;1116;2;;;
482702;20251215;81500;101500;4022;5787959;1116;2;;;
482702;20251215;81500;101500;4022;5807004;1116;2;;;
482702;20251215;81500;101500;4022;5788163;1116;2;;;
476295;20260108;141500;151500;4033;5939154;2301;13;;;
476295;20260108;141500;151500;4033;5788174;2301;13;;;
476295;20260108;141500;151500;4033;5788378;2301;13;;;
476295;20260108;141500;151500;4033;5777900;2301;13;;;
476303;20260107;80000;160000;4068;5881983;1549;16;;;
476303;20260107;80000;160000;4068;5778337;1549;16;;;
476303;20260107;80000;160000;4068;5803327;1549;16;;;
476303;20260107;80000;160000;4068;5849878;1549;16;;;
476303;20260107;80000;160000;4068;5830114;1549;16;;;
476303;20260107;80000;160000;4068;5976684;1549;16;;;
476308;20260109;90000;110000;4181;5995909;2318;13;;;
476308;20260109;90000;110000;4181;5778204;2318;13;;;
476308;20260109;90000;110000;4181;5889326;2318;13;;;
476377;20260106;153000;170000;4187;6087663;2316;13;;;
476377;20260106;153000;170000;4187;5778202;2316;13;;;
476378;20260106;123000;150000;4187;6087663;2316;13;;;
476378;20260106;123000;150000;4187;5778202;2316;13;;;
476512;20260106;153000;170000;4179;5889324;2317;13;;;
476512;20260106;153000;170000;4179;6082490;2317;13;;;
476512;20260106;153000;170000;4179;5995907;2317;13;;;
476514;20260106;123000;150000;4179;5889324;2317;13;;;
476514;20260106;123000;150000;4179;6082490;2317;13;;;
476514;20260106;123000;150000;4179;5995907;2317;13;;;
477900;20260109;90000;110000;4130;5866087;2311;13;;;
477900;20260109;90000;110000;4130;5923983;2311;13;;;
477909;20260112;123000;143000;4141;5757714;2316;13;;;
477909;20260112;123000;143000;4141;5923994;2316;13;;;
477913;20260109;123000;150000;4192;5945758;2322;13;;;
477925;20260106;123000;150000;4195;6087908;2317;13;;;
477925;20260106;123000;150000;4195;5938741;2317;13;;;
477927;20260109;90000;110000;4197;5923646;2318;13;;;
477927;20260109;90000;110000;4197;5938743;2318;13;;;
479157;20260108;123000;140000;4033;5939154;2301;19;;;
479157;20260108;123000;140000;4033;5788174;2301;19;;;
479157;20260108;123000;140000;4033;5788378;2301;19;;;
479157;20260108;123000;140000;4033;5777900;2301;19;;;
482027;20260109;123000;150000;4176;5796412;2322;13;;;
482027;20260109;123000;150000;4176;5777995;2322;13;;;
482027;20260109;123000;150000;4176;5937668;2322;13;;;
482027;20260109;123000;150000;4176;5937464;2322;13;;;
476311;20260116;90000;110000;4076;5799876;2322;13;;;
476311;20260116;90000;110000;4076;5849829;2322;13;;;
476322;20260116;90000;110000;4061;5753225;515;13;;;
476322;20260116;90000;110000;4061;5778126;515;13;;;
476322;20260116;90000;110000;4061;5872340;515;13;;;
476322;20260116;90000;110000;4061;5915926;515;13;;;
476322;20260116;90000;110000;4061;5937753;515;13;;;
476322;20260116;90000;110000;4061;6115681;515;13;;;
476322;20260116;90000;110000;4061;5889406;515;13;;;
476322;20260116;90000;110000;4061;5753429;515;13;;;
476322;20260116;90000;110000;4061;5995785;515;13;;;
476322;20260116;90000;110000;4061;5753021;515;13;;;
476324;20260115;90000;110000;4063;5995788;2317;18;;;
476324;20260115;90000;110000;4063;5778129;2317;18;;;
476324;20260115;90000;110000;4063;5753432;2317;18;;;
476324;20260115;90000;110000;4063;5753228;2317;18;;;
476324;20260115;90000;110000;4063;5753024;2317;18;;;
476324;20260115;90000;110000;4063;5915929;2317;18;;;
476324;20260115;90000;110000;4063;6115683;2317;18;;;
476324;20260115;90000;110000;4063;5872343;2317;18;;;
476324;20260115;90000;110000;4063;5889409;2317;18;;;
476324;20260115;90000;110000;4063;5937756;2317;18;;;
476327;20260116;90000;110000;10260;6077126;2308;13;;;
476327;20260116;90000;110000;10260;6077152;2308;13;;;
476327;20260116;90000;110000;10260;6077094;2308;13;;;
476327;20260116;90000;110000;10260;6077257;2308;13;;;
476327;20260116;90000;110000;10260;6077137;2308;13;;;
476327;20260116;90000;110000;10260;6077095;2308;13;;;
476327;20260116;90000;110000;10260;6115843;2308;13;;;
476327;20260116;90000;110000;10260;6077093;2308;13;;;
476327;20260116;90000;110000;10260;6077138;2308;13;;;
476520;20260119;80000;180000;4180;6082491;1616;16;;;
476520;20260119;80000;180000;4180;5889325;1616;16;;;
476520;20260119;80000;180000;4180;5995908;1616;16;;;
476522;20260120;80000;120000;4182;5916051;1551;16;;;
477902;20260116;90000;110000;4131;5866088;2322;13;;;
477902;20260116;90000;110000;4131;5923576;2322;13;;;
476351;20260120;90000;110000;4073;5799873;2317;13;;;
476351;20260120;90000;110000;4073;5803275;2317;13;;;
476358;20260120;123000;133000;4049;6115669;2318;13;;;
476358;20260120;123000;133000;4049;5849864;2318;13;;;
476358;20260120;123000;133000;4049;5976667;2318;13;;;
476358;20260120;123000;133000;4049;5753213;2318;13;;;
476358;20260120;123000;133000;4049;5778119;2318;13;;;
476359;20260120;140000;161500;4049;6115669;2318;19;;;
476359;20260120;140000;161500;4049;5849864;2318;19;;;
476359;20260120;140000;161500;4049;5976667;2318;19;;;
476359;20260120;140000;161500;4049;5753213;2318;19;;;
476359;20260120;140000;161500;4049;5778119;2318;19;;;
476399;20260120;80000;180000;4188;5778203;1549;16;;;
476399;20260120;80000;180000;4188;6087664;1549;16;;;
476521;20260120;80000;180000;4180;6082491;1616;16;;;
476521;20260120;80000;180000;4180;5889325;1616;16;;;
476521;20260120;80000;180000;4180;5995908;1616;16;;;
477903;20260120;90000;110000;4128;5866085;2317;13;;;
477903;20260120;90000;110000;4128;5923981;2317;13;;;
477934;20260120;80000;120000;4196;5938742;1616;16;;;
477934;20260120;80000;120000;4196;6087909;1616;16;;;
477936;20260120;80000;120000;4198;5938744;1551;16;;;
478560;20260123;110000;120000;4072;5799872;1116;18;;;
478560;20260123;110000;120000;4072;6066867;1116;18;;;
476362;20260128;123000;133000;4031;5777898;2317;13;;;
476362;20260128;123000;133000;4031;5939152;2317;13;;;
476362;20260128;123000;133000;4031;5788376;2317;13;;;
476362;20260128;123000;133000;4031;5788172;2317;13;;;
476364;20260128;140000;160000;4031;5777898;2317;13;;;
476364;20260128;140000;160000;4031;5939152;2317;13;;;
476364;20260128;140000;160000;4031;5788376;2317;13;;;
476364;20260128;140000;160000;4031;5788172;2317;13;;;
477907;20260127;123000;143000;4129;5866086;2318;13;;;
476403;20260120;80000;120000;4190;5778205;1604;16;;;
483143;20251209;154500;174500;4023;5807005;515;2;;;
483143;20251209;154500;174500;4023;5787960;515;2;;;
483162;20260109;123000;150000;10253;6076999;515;13;;;
483162;20260109;123000;150000;10253;6115842;515;13;;;
483162;20260109;123000;150000;10253;6077042;515;13;;;
483162;20260109;123000;150000;10253;6077184;515;13;;;
483162;20260109;123000;150000;10253;6077043;515;13;;;
483162;20260109;123000;150000;10253;6077031;515;13;;;
483162;20260109;123000;150000;10253;6076998;515;13;;;
483162;20260109;123000;150000;10253;6076997;515;13;;;
483162;20260109;123000;150000;10253;6077000;515;13;;;
483162;20260109;123000;150000;10253;6077057;515;13;;;
477933;20260109;123000;150000;10294;6077912;515;13;;;
476303;20260107;80000;160000;4068;5916640;1549;16;;;
476303;20260107;80000;160000;4068;5838182;1549;16;;;
386185;20250925;91500;101500;4047;5976665;2968;2;;;
386186;20251002;91500;101500;4047;5976665;2968;2;;;
386187;20251009;91500;101500;4047;5976665;2968;2;;;
386189;20251023;91500;101500;4047;5976665;2968;2;;;
386190;20251030;91500;101500;4047;5976665;2968;2;;;
386191;20251106;91500;101500;4047;5976665;2968;2;;;
386192;20251113;91500;101500;4047;5976665;2968;2;;;
386193;20251120;91500;101500;4047;5976665;2968;2;;;
386194;20251127;91500;101500;4047;5976665;2968;2;;;
386195;20251204;91500;101500;4047;5976665;2968;2;;;
386196;20251211;91500;101500;4047;5976665;2968;2;;;
386197;20251218;91500;101500;4047;5976665;2968;2;;;
386198;20250925;103000;123000;4047;5976665;2968;2;;;
386199;20251002;103000;123000;4047;5976665;2968;2;;;
386200;20251009;103000;123000;4047;5976665;2968;2;;;
386202;20251023;103000;123000;4047;5976665;2968;2;;;
386203;20251030;103000;123000;4047;5976665;2968;2;;;
386204;20251106;103000;123000;4047;5976665;2968;2;;;
386205;20251113;103000;123000;4047;5976665;2968;2;;;
386206;20251120;103000;123000;4047;5976665;2968;2;;;
386207;20251127;103000;123000;4047;5976665;2968;2;;;
386208;20251204;103000;123000;4047;5976665;2968;2;;;
386209;20251211;103000;123000;4047;5976665;2968;2;;;
386210;20251218;103000;123000;4047;5976665;2968;2;;;
396387;20250922;81500;101500;4050;6115670;2968;2;;;
396387;20250922;81500;101500;4050;5976668;2968;2;;;
396388;20250929;81500;101500;4050;6115670;2968;2;;;
396388;20250929;81500;101500;4050;5976668;2968;2;;;
396389;20251006;81500;101500;4050;6115670;2968;2;;;
396389;20251006;81500;101500;4050;5976668;2968;2;;;
396390;20251013;81500;101500;4050;6115670;2968;2;;;
396390;20251013;81500;101500;4050;5976668;2968;2;;;
396391;20251020;81500;101500;4050;6115670;2968;2;;;
396391;20251020;81500;101500;4050;5976668;2968;2;;;
396392;20251027;81500;101500;4050;6115670;2968;2;;;
396392;20251027;81500;101500;4050;5976668;2968;2;;;
396393;20251103;81500;101500;4050;6115670;2968;2;;;
396393;20251103;81500;101500;4050;5976668;2968;2;;;
396395;20251117;81500;101500;4050;6115670;2968;2;;;
396395;20251117;81500;101500;4050;5976668;2968;2;;;
396399;20251215;81500;101500;4050;6115670;2968;2;;;
396399;20251215;81500;101500;4050;5976668;2968;2;;;
483698;20251208;103000;123000;4050;5753214;2311;2;;;
483698;20251208;103000;123000;4050;5976668;2311;2;;;
477929;20260116;90000;110000;4165;5938708;515;13;;;
471679;20251211;103000;123000;4022;5788367;523;2;;;
387779;20251211;81500;101500;4022;5796252;525;2;;;
387779;20251211;81500;101500;4022;5937304;525;2;;;
384083;20251211;103000;123000;4022;5937508;525;2;;;
384083;20251211;103000;123000;4022;5872095;525;2;;;
383237;20251204;91500;101500;4030;5787967;2302;2;;;
383237;20251204;91500;101500;4030;5807012;2302;2;;;
387779;20251211;81500;101500;4022;5796252;1601;2;;;
387779;20251211;81500;101500;4022;5937304;1601;2;;;
384083;20251211;103000;130000;4022;5937508;1601;2;;;
384083;20251211;103000;130000;4022;5872095;1601;2;;;
477908;20260106;90000;110000;4144;5923997;1125;18;;;
477908;20260106;90000;110000;4144;5923589;1125;18;;;
477908;20260106;90000;110000;4144;5757717;1125;18;;;
482702;20251215;81500;91500;4022;5939143;1116;2;;;
482702;20251215;81500;91500;4022;5807208;1116;2;;;
482702;20251215;81500;91500;4022;5976638;1116;2;;;
482702;20251215;81500;91500;4022;5787959;1116;2;;;
482702;20251215;81500;91500;4022;5807004;1116;2;;;
482702;20251215;81500;91500;4022;5788163;1116;2;;;
485264;20251215;91500;123000;4033;5788174;2968;2;;;
485268;20251215;133000;164500;4179;6082490;2291;2;;;
485268;20251215;133000;164500;4179;5995907;2291;2;;;
485272;20251215;133000;153000;4023;5830069;2301;2;;;
485272;20251215;133000;153000;4023;5807209;2301;2;;;
485274;20251216;91500;101500;4013;5997463;1563;2;;;
485275;20251216;103000;123000;4012;5830058;2311;2;;;
485275;20251216;103000;123000;4012;5879760;2311;2;;;
485276;20251216;103000;123000;4013;5997463;1563;2;;;
485278;20251216;103000;123000;4007;5997661;2317;2;;;
485304;20251216;103000;123000;4024;5787961;2313;2;;;
485304;20251216;103000;123000;4024;5807006;2313;2;;;
485307;20251216;103000;123000;4024;5788369;2301;2;;;
485307;20251216;103000;123000;4024;5788165;2301;2;;;
485308;20251216;133000;153000;4012;5997870;1549;2;;;
485309;20251216;154500;174500;4012;5879556;1549;2;;;
485310;20251216;133000;153000;4013;5879761;2301;2;;;
485311;20251216;154500;164500;4013;5879761;2301;2;;;
485312;20251216;133000;153000;4007;5997457;2294;2;;;
485313;20251216;133000;143000;4009;5879553;515;2;;;
485314;20251216;133000;153000;4024;5937510;2313;2;;;
485314;20251216;133000;153000;4024;5872097;2313;2;;;
485315;20251216;133000;153000;4010;5938927;520;2;;;
485319;20251219;91500;123000;4051;5976669;515;2;;;
485319;20251219;91500;123000;4051;5753215;515;2;;;
485319;20251219;91500;123000;4051;6115671;515;2;;;
485320;20251219;133000;153000;4012;5879352;1549;2;;;
485319;20251219;91500;123000;4051;5976669;2968;2;;;
485319;20251219;91500;123000;4051;5753215;2968;2;;;
485319;20251219;91500;123000;4051;6115671;2968;2;;;
486081;20251218;91500;123000;4009;5879349;1622;2;;;
423559;20260209;133000;153000;4018;5959457;2318;2;;;
423559;20260209;133000;153000;4018;5879766;2318;2;;;
423561;20260223;133000;153000;4018;5959457;515;2;;;
423561;20260223;133000;153000;4018;5879766;515;2;;;
423562;20260302;133000;153000;4018;5959457;515;2;;;
423562;20260302;133000;153000;4018;5879766;515;2;;;
423563;20260309;133000;153000;4018;5959457;515;2;;;
423563;20260309;133000;153000;4018;5879766;515;2;;;
423564;20260316;133000;153000;4018;5959457;2318;2;;;
423564;20260316;133000;153000;4018;5879766;2318;2;;;
423565;20260323;133000;153000;4018;5959457;2318;2;;;
423565;20260323;133000;153000;4018;5879766;2318;2;;;
423566;20260330;133000;153000;4018;5959457;2318;2;;;
423566;20260330;133000;153000;4018;5879766;2318;2;;;
423569;20260420;133000;153000;4018;5959457;2318;2;;;
423569;20260420;133000;153000;4018;5879766;2318;2;;;
423570;20260427;133000;153000;4018;5959457;2318;2;;;
423570;20260427;133000;153000;4018;5879766;2318;2;;;
423571;20260504;133000;153000;4018;5959457;2318;2;;;
423571;20260504;133000;153000;4018;5879766;2318;2;;;
423573;20260518;133000;153000;4018;5959457;2318;2;;;
423573;20260518;133000;153000;4018;5879766;2318;2;;;
424362;20260209;154500;174500;4021;5959460;2301;2;;;
424362;20260209;154500;174500;4021;5879769;2301;2;;;
424364;20260223;154500;174500;4021;5959460;2301;2;;;
424364;20260223;154500;174500;4021;5879769;2301;2;;;
424365;20260302;154500;174500;4021;5959460;2301;2;;;
424365;20260302;154500;174500;4021;5879769;2301;2;;;
424366;20260309;154500;174500;4021;5959460;2301;2;;;
424366;20260309;154500;174500;4021;5879769;2301;2;;;
424367;20260316;154500;174500;4021;5959460;2301;2;;;
424367;20260316;154500;174500;4021;5879769;2301;2;;;
424368;20260323;154500;174500;4021;5959460;2301;2;;;
424368;20260323;154500;174500;4021;5879769;2301;2;;;
424369;20260330;154500;174500;4021;5959460;2301;2;;;
424369;20260330;154500;174500;4021;5879769;2301;2;;;
424372;20260420;154500;174500;4021;5959460;2301;2;;;
424372;20260420;154500;174500;4021;5879769;2301;2;;;
424373;20260427;154500;174500;4021;5959460;2301;2;;;
424373;20260427;154500;174500;4021;5879769;2301;2;;;
424374;20260504;154500;174500;4021;5959460;2301;2;;;
424374;20260504;154500;174500;4021;5879769;2301;2;;;
424375;20260511;154500;174500;4021;5959460;520;2;;;
424375;20260511;154500;174500;4021;5879769;520;2;;;
424376;20260518;154500;174500;4021;5959460;2301;2;;;
424376;20260518;154500;174500;4021;5879769;2301;2;;;
437352;20260209;133000;163000;10350;6081343;2302;2;;;
437352;20260209;133000;163000;10350;6082544;2302;2;;;
437352;20260209;133000;163000;10350;6080997;2302;2;;;
437352;20260209;133000;163000;10350;6081021;2302;2;;;
437354;20260223;133000;163000;10350;6081343;2302;2;;;
437354;20260223;133000;163000;10350;6082544;2302;2;;;
437354;20260223;133000;163000;10350;6080997;2302;2;;;
437354;20260223;133000;163000;10350;6081021;2302;2;;;
437355;20260302;133000;163000;10350;6081343;2302;2;;;
437355;20260302;133000;163000;10350;6082544;2302;2;;;
437355;20260302;133000;163000;10350;6080997;2302;2;;;
437355;20260302;133000;163000;10350;6081021;2302;2;;;
437356;20260309;133000;163000;10350;6081343;2302;2;;;
437356;20260309;133000;163000;10350;6082544;2302;2;;;
437356;20260309;133000;163000;10350;6080997;2302;2;;;
437356;20260309;133000;163000;10350;6081021;2302;2;;;
437357;20260316;133000;163000;10350;6081343;2302;2;;;
437357;20260316;133000;163000;10350;6082544;2302;2;;;
437357;20260316;133000;163000;10350;6080997;2302;2;;;
437357;20260316;133000;163000;10350;6081021;2302;2;;;
437358;20260323;133000;163000;10350;6081343;2302;2;;;
437358;20260323;133000;163000;10350;6082544;2302;2;;;
437358;20260323;133000;163000;10350;6080997;2302;2;;;
437358;20260323;133000;163000;10350;6081021;2302;2;;;
437359;20260330;133000;163000;10350;6081343;2302;2;;;
437359;20260330;133000;163000;10350;6082544;2302;2;;;
437359;20260330;133000;163000;10350;6080997;2302;2;;;
437359;20260330;133000;163000;10350;6081021;2302;2;;;
437362;20260420;133000;163000;10350;6081343;2302;2;;;
437362;20260420;133000;163000;10350;6082544;2302;2;;;
437362;20260420;133000;163000;10350;6080997;2302;2;;;
437362;20260420;133000;163000;10350;6081021;2302;2;;;
437363;20260427;133000;163000;10350;6081343;2302;2;;;
437363;20260427;133000;163000;10350;6082544;2302;2;;;
437363;20260427;133000;163000;10350;6080997;2302;2;;;
437363;20260427;133000;163000;10350;6081021;2302;2;;;
437364;20260504;133000;163000;10350;6081343;2302;2;;;
437364;20260504;133000;163000;10350;6082544;2302;2;;;
437364;20260504;133000;163000;10350;6080997;2302;2;;;
437364;20260504;133000;163000;10350;6081021;2302;2;;;
437365;20260511;133000;163000;10350;6081343;2302;2;;;
437365;20260511;133000;163000;10350;6082544;2302;2;;;
437365;20260511;133000;163000;10350;6080997;2302;2;;;
437365;20260511;133000;163000;10350;6081021;2302;2;;;
437366;20260518;133000;163000;10350;6081343;2302;2;;;
437366;20260518;133000;163000;10350;6082544;2302;2;;;
437366;20260518;133000;163000;10350;6080997;2302;2;;;
437366;20260518;133000;163000;10350;6081021;2302;2;;;
423852;20260210;133000;153000;4016;5954579;2323;2;;;
423852;20260210;133000;153000;4016;5879764;2323;2;;;
423867;20260210;154500;164500;4016;5954579;2323;2;;;
423867;20260210;154500;164500;4016;5879764;2323;2;;;
423853;20260217;133000;153000;4016;5954579;2323;2;;;
423853;20260217;133000;153000;4016;5879764;2323;2;;;
423868;20260217;154500;164500;4016;5954579;2323;2;;;
423868;20260217;154500;164500;4016;5879764;2323;2;;;
423856;20260310;133000;153000;4016;5954579;2323;2;;;
423856;20260310;133000;153000;4016;5879764;2323;2;;;
423871;20260310;154500;164500;4016;5954579;2301;2;;;
423871;20260310;154500;164500;4016;5879764;2301;2;;;
423857;20260317;133000;153000;4016;5954579;2323;2;;;
423857;20260317;133000;153000;4016;5879764;2323;2;;;
423872;20260317;154500;164500;4016;5954579;2323;2;;;
423872;20260317;154500;164500;4016;5879764;2323;2;;;
423859;20260331;133000;153000;4016;5954579;2323;2;;;
423859;20260331;133000;153000;4016;5879764;2323;2;;;
423874;20260331;154500;164500;4016;5954579;2323;2;;;
423874;20260331;154500;164500;4016;5879764;2323;2;;;
423863;20260428;133000;153000;4016;5954579;2323;2;;;
423863;20260428;133000;153000;4016;5879764;2323;2;;;
423878;20260428;154500;164500;4016;5954579;2323;2;;;
423878;20260428;154500;164500;4016;5879764;2323;2;;;
423864;20260505;133000;153000;4016;5954579;2323;2;;;
423864;20260505;133000;153000;4016;5879764;2323;2;;;
423879;20260505;154500;164500;4016;5954579;2323;2;;;
423879;20260505;154500;164500;4016;5879764;2323;2;;;
423866;20260519;133000;153000;4016;5954579;2323;2;;;
423866;20260519;133000;153000;4016;5879764;2323;2;;;
423881;20260519;154500;164500;4016;5954579;2323;2;;;
423881;20260519;154500;164500;4016;5879764;2323;2;;;
423296;20260210;133000;153000;4014;5879354;2311;2;;;
423311;20260210;154500;164500;4014;5879354;2311;2;;;
423416;20260211;133000;153000;4014;5959453;520;2;;;
423416;20260211;133000;153000;4014;5879762;520;2;;;
423417;20260218;133000;153000;4014;5959453;520;2;;;
423417;20260218;133000;153000;4014;5879762;520;2;;;
423418;20260225;133000;153000;4014;5959453;520;2;;;
423418;20260225;133000;153000;4014;5879762;520;2;;;
423419;20260304;133000;153000;4014;5959453;520;2;;;
423419;20260304;133000;153000;4014;5879762;520;2;;;
423420;20260311;133000;153000;4014;5959453;520;2;;;
423420;20260311;133000;153000;4014;5879762;520;2;;;
423421;20260318;133000;153000;4014;5959453;520;2;;;
423421;20260318;133000;153000;4014;5879762;520;2;;;
423422;20260325;133000;153000;4014;5959453;520;2;;;
423422;20260325;133000;153000;4014;5879762;520;2;;;
423423;20260401;133000;153000;4014;5959453;520;2;;;
423423;20260401;133000;153000;4014;5879762;520;2;;;
423426;20260422;133000;153000;4014;5959453;520;2;;;
423426;20260422;133000;153000;4014;5879762;520;2;;;
423427;20260429;133000;153000;4014;5959453;520;2;;;
423427;20260429;133000;153000;4014;5879762;520;2;;;
423428;20260506;133000;153000;4014;5959453;520;2;;;
423428;20260506;133000;153000;4014;5879762;520;2;;;
423429;20260513;133000;153000;4014;5959453;520;2;;;
423429;20260513;133000;153000;4014;5879762;520;2;;;
423430;20260520;133000;153000;4014;5959453;520;2;;;
423430;20260520;133000;153000;4014;5879762;520;2;;;
427774;20260211;133000;153000;4177;5937465;2323;2;;;
427774;20260211;133000;153000;4177;6082488;2323;2;;;
427775;20260218;133000;153000;4177;5937465;2323;2;;;
427775;20260218;133000;153000;4177;6082488;2323;2;;;
427776;20260225;133000;153000;4177;5937465;2323;2;;;
427776;20260225;133000;153000;4177;6082488;2323;2;;;
427777;20260304;133000;153000;4177;5937465;2323;2;;;
427777;20260304;133000;153000;4177;6082488;2323;2;;;
427778;20260311;133000;153000;4177;5937465;2323;2;;;
427778;20260311;133000;153000;4177;6082488;2323;2;;;
427779;20260318;133000;153000;4177;5937465;2323;2;;;
427779;20260318;133000;153000;4177;6082488;2323;2;;;
427780;20260325;133000;153000;4177;5937465;2323;2;;;
427780;20260325;133000;153000;4177;6082488;2323;2;;;
427781;20260401;133000;153000;4177;5937465;2323;2;;;
427781;20260401;133000;153000;4177;6082488;2323;2;;;
427784;20260422;133000;153000;4177;5937465;2323;2;;;
427784;20260422;133000;153000;4177;6082488;2323;2;;;
427785;20260429;133000;153000;4177;5937465;2323;2;;;
427785;20260429;133000;153000;4177;6082488;2323;2;;;
427786;20260506;133000;153000;4177;5937465;2323;2;;;
427786;20260506;133000;153000;4177;6082488;2323;2;;;
427787;20260513;133000;153000;4177;5937465;2323;2;;;
427787;20260513;133000;153000;4177;6082488;2323;2;;;
427788;20260520;133000;153000;4177;5937465;2323;2;;;
427788;20260520;133000;153000;4177;6082488;2323;2;;;
427113;20260218;133000;164500;4035;5807222;2309;2;;;
427113;20260218;133000;164500;4035;5788381;2309;2;;;
427114;20260225;133000;164500;4035;5807222;2309;2;;;
427114;20260225;133000;164500;4035;5788381;2309;2;;;
427115;20260304;133000;164500;4035;5807222;2309;2;;;
427115;20260304;133000;164500;4035;5788381;2309;2;;;
427116;20260311;133000;164500;4035;5807222;2309;2;;;
427116;20260311;133000;164500;4035;5788381;2309;2;;;
427117;20260318;133000;164500;4035;5807222;2309;2;;;
427117;20260318;133000;164500;4035;5788381;2309;2;;;
427118;20260325;133000;164500;4035;5807222;2309;2;;;
427118;20260325;133000;164500;4035;5788381;2309;2;;;
427119;20260401;133000;164500;4035;5807222;2309;2;;;
427119;20260401;133000;164500;4035;5788381;2309;2;;;
427122;20260422;133000;164500;4035;5807222;2309;2;;;
427122;20260422;133000;164500;4035;5788381;2309;2;;;
427123;20260429;133000;164500;4035;5807222;2309;2;;;
427123;20260429;133000;164500;4035;5788381;2309;2;;;
427124;20260506;133000;164500;4035;5807222;2309;2;;;
427124;20260506;133000;164500;4035;5788381;2309;2;;;
427125;20260513;133000;164500;4035;5807222;2304;2;;;
427125;20260513;133000;164500;4035;5788381;2304;2;;;
427126;20260520;133000;164500;4035;5807222;515;2;;;
427126;20260520;133000;164500;4035;5788381;515;2;;;
424498;20260218;154500;174500;4017;5954580;520;2;;;
424498;20260218;154500;174500;4017;5879765;520;2;;;
424497;20260211;154500;174500;4017;5954580;520;2;;;
424497;20260211;154500;174500;4017;5879765;520;2;;;
424499;20260225;154500;174500;4017;5954580;520;2;;;
424499;20260225;154500;174500;4017;5879765;520;2;;;
424500;20260304;154500;174500;4017;5954580;520;2;;;
424500;20260304;154500;174500;4017;5879765;520;2;;;
424501;20260311;154500;174500;4017;5954580;520;2;;;
424501;20260311;154500;174500;4017;5879765;520;2;;;
424502;20260318;154500;174500;4017;5954580;520;2;;;
424502;20260318;154500;174500;4017;5879765;520;2;;;
424503;20260325;154500;174500;4017;5954580;520;2;;;
424503;20260325;154500;174500;4017;5879765;520;2;;;
424504;20260401;154500;174500;4017;5954580;520;2;;;
424504;20260401;154500;174500;4017;5879765;520;2;;;
424507;20260422;154500;174500;4017;5954580;520;2;;;
424507;20260422;154500;174500;4017;5879765;520;2;;;
424508;20260429;154500;174500;4017;5954580;520;2;;;
424508;20260429;154500;174500;4017;5879765;520;2;;;
424509;20260506;154500;174500;4017;5954580;520;2;;;
424509;20260506;154500;174500;4017;5879765;520;2;;;
424510;20260513;154500;174500;4017;5954580;520;2;;;
424510;20260513;154500;174500;4017;5879765;520;2;;;
424511;20260520;154500;174500;4017;5954580;520;2;;;
424511;20260520;154500;174500;4017;5879765;520;2;;;
427798;20260225;154500;174500;4042;6082347;2323;2;;;
427798;20260225;154500;174500;4042;5937325;2323;2;;;
427796;20260211;154500;174500;4042;6082347;2323;2;;;
427796;20260211;154500;174500;4042;5937325;2323;2;;;
427797;20260218;154500;174500;4042;6082347;2323;2;;;
427797;20260218;154500;174500;4042;5937325;2323;2;;;
427799;20260304;154500;174500;4042;6082347;2323;2;;;
427799;20260304;154500;174500;4042;5937325;2323;2;;;
427800;20260311;154500;174500;4042;6082347;2323;2;;;
427800;20260311;154500;174500;4042;5937325;2323;2;;;
427801;20260318;154500;174500;4042;6082347;2323;2;;;
427801;20260318;154500;174500;4042;5937325;2323;2;;;
427802;20260325;154500;174500;4042;6082347;2323;2;;;
427802;20260325;154500;174500;4042;5937325;2323;2;;;
427803;20260401;154500;174500;4042;6082347;2323;2;;;
427803;20260401;154500;174500;4042;5937325;2323;2;;;
427806;20260422;154500;174500;4042;6082347;2323;2;;;
427806;20260422;154500;174500;4042;5937325;2323;2;;;
427807;20260429;154500;174500;4042;6082347;2323;2;;;
427807;20260429;154500;174500;4042;5937325;2323;2;;;
427808;20260506;154500;174500;4042;6082347;2323;2;;;
427808;20260506;154500;174500;4042;5937325;2323;2;;;
427809;20260513;154500;174500;4042;6082347;2323;2;;;
427809;20260513;154500;174500;4042;5937325;2323;2;;;
427810;20260520;154500;174500;4042;6082347;2323;2;;;
427810;20260520;154500;174500;4042;5937325;2323;2;;;
424348;20260219;103000;123000;4021;5959460;2309;2;;;
424348;20260219;103000;123000;4021;5879769;2309;2;;;
424347;20260212;103000;123000;4021;5959460;2311;2;;;
424347;20260212;103000;123000;4021;5879769;2311;2;;;
424350;20260305;103000;123000;4021;5959460;2311;2;;;
424350;20260305;103000;123000;4021;5879769;2311;2;;;
424351;20260312;103000;123000;4021;5959460;2311;2;;;
424351;20260312;103000;123000;4021;5879769;2311;2;;;
424352;20260319;103000;123000;4021;5959460;2311;2;;;
424352;20260319;103000;123000;4021;5879769;2311;2;;;
424353;20260326;103000;123000;4021;5959460;2311;2;;;
424353;20260326;103000;123000;4021;5879769;2311;2;;;
424354;20260402;103000;123000;4021;5959460;2311;2;;;
424354;20260402;103000;123000;4021;5879769;2311;2;;;
424357;20260423;103000;123000;4021;5959460;2304;2;;;
424357;20260423;103000;123000;4021;5879769;2304;2;;;
424358;20260430;103000;123000;4021;5959460;2309;2;;;
424358;20260430;103000;123000;4021;5879769;2309;2;;;
424359;20260507;103000;123000;4021;5959460;2304;2;;;
424359;20260507;103000;123000;4021;5879769;2304;2;;;
424361;20260521;103000;123000;4021;5959460;2311;2;;;
424361;20260521;103000;123000;4021;5879769;2311;2;;;
423341;20260212;103000;123000;4014;5879558;2323;2;;;
423342;20260219;103000;123000;4014;5879558;2311;2;;;
423344;20260305;103000;123000;4014;5879558;2294;2;;;
423345;20260312;103000;123000;4014;5879558;2323;2;;;
423346;20260319;103000;123000;4014;5879558;2294;2;;;
423347;20260326;103000;123000;4014;5879558;2309;2;;;
423348;20260402;103000;123000;4014;5879558;2294;2;;;
423351;20260423;103000;123000;4014;5879558;2294;2;;;
423352;20260430;103000;123000;4014;5879558;2294;2;;;
423353;20260507;103000;123000;4014;5879558;2294;2;;;
423355;20260521;103000;123000;4014;5879558;2294;2;;;
427174;20260213;103000;123000;4034;5788379;515;2;;;
427174;20260213;103000;123000;4034;5959473;515;2;;;
427174;20260213;103000;123000;4034;5807220;515;2;;;
427323;20260220;103000;123000;4034;5872107;2309;2;;;
427323;20260220;103000;123000;4034;5937520;2309;2;;;
427175;20260227;103000;123000;4034;5788379;2309;2;;;
427175;20260227;103000;123000;4034;5959473;2309;2;;;
427175;20260227;103000;123000;4034;5807220;2309;2;;;
427324;20260306;103000;123000;4034;5872107;515;2;;;
427324;20260306;103000;123000;4034;5937520;515;2;;;
427176;20260313;103000;123000;4034;5788379;2309;2;;;
427176;20260313;103000;123000;4034;5959473;2309;2;;;
427176;20260313;103000;123000;4034;5807220;2309;2;;;
427325;20260320;103000;123000;4034;5872107;2309;2;;;
427325;20260320;103000;123000;4034;5937520;2309;2;;;
427177;20260327;103000;123000;4034;5788379;2309;2;;;
427177;20260327;103000;123000;4034;5959473;2309;2;;;
427177;20260327;103000;123000;4034;5807220;2309;2;;;
427326;20260403;103000;123000;4034;5872107;2309;2;;;
427326;20260403;103000;123000;4034;5937520;2309;2;;;
427179;20260424;103000;123000;4034;5788379;2309;2;;;
427179;20260424;103000;123000;4034;5959473;2309;2;;;
427179;20260424;103000;123000;4034;5807220;2309;2;;;
427180;20260508;103000;123000;4034;5788379;2309;2;;;
427180;20260508;103000;123000;4034;5959473;2309;2;;;
427180;20260508;103000;123000;4034;5807220;2309;2;;;
427181;20260522;103000;123000;4034;5788379;2309;2;;;
427181;20260522;103000;123000;4034;5959473;2309;2;;;
427181;20260522;103000;123000;4034;5807220;2309;2;;;
437393;20260213;133000;163000;10350;6081343;2309;2;;;
437393;20260213;133000;163000;10350;6081035;2309;2;;;
437393;20260213;133000;163000;10350;6082544;2309;2;;;
437393;20260213;133000;163000;10350;6081046;2309;2;;;
437394;20260220;133000;163000;10350;6081343;2309;2;;;
437394;20260220;133000;163000;10350;6081035;2309;2;;;
437394;20260220;133000;163000;10350;6082544;2309;2;;;
437394;20260220;133000;163000;10350;6081046;2309;2;;;
437395;20260227;133000;163000;10350;6081343;2309;2;;;
437395;20260227;133000;163000;10350;6081035;2309;2;;;
437395;20260227;133000;163000;10350;6082544;2309;2;;;
437395;20260227;133000;163000;10350;6081046;2309;2;;;
437396;20260306;133000;163000;10350;6081343;2309;2;;;
437396;20260306;133000;163000;10350;6081035;2309;2;;;
437396;20260306;133000;163000;10350;6082544;2309;2;;;
437396;20260306;133000;163000;10350;6081046;2309;2;;;
437397;20260313;133000;163000;10350;6081343;2309;2;;;
437397;20260313;133000;163000;10350;6081035;2309;2;;;
437397;20260313;133000;163000;10350;6082544;2309;2;;;
437397;20260313;133000;163000;10350;6081046;2309;2;;;
437398;20260320;133000;163000;10350;6081343;2309;2;;;
437398;20260320;133000;163000;10350;6081035;2309;2;;;
437398;20260320;133000;163000;10350;6082544;2309;2;;;
437398;20260320;133000;163000;10350;6081046;2309;2;;;
437399;20260327;133000;163000;10350;6081343;2309;2;;;
437399;20260327;133000;163000;10350;6081035;2309;2;;;
437399;20260327;133000;163000;10350;6082544;2309;2;;;
437399;20260327;133000;163000;10350;6081046;2309;2;;;
437400;20260403;133000;163000;10350;6081343;2309;2;;;
437400;20260403;133000;163000;10350;6081035;2309;2;;;
437400;20260403;133000;163000;10350;6082544;2309;2;;;
437400;20260403;133000;163000;10350;6081046;2309;2;;;
437403;20260424;133000;163000;10350;6081343;2309;2;;;
437403;20260424;133000;163000;10350;6081035;2309;2;;;
437403;20260424;133000;163000;10350;6082544;2309;2;;;
437403;20260424;133000;163000;10350;6081046;2309;2;;;
437405;20260508;133000;163000;10350;6081343;2309;2;;;
437405;20260508;133000;163000;10350;6081035;2309;2;;;
437405;20260508;133000;163000;10350;6082544;2309;2;;;
437405;20260508;133000;163000;10350;6081046;2309;2;;;
437407;20260522;133000;163000;10350;6081343;2309;2;;;
437407;20260522;133000;163000;10350;6081035;2309;2;;;
437407;20260522;133000;163000;10350;6082544;2309;2;;;
437407;20260522;133000;163000;10350;6081046;2309;2;;;
427112;20260211;133000;164500;4035;5807222;2304;2;;;
427112;20260211;133000;164500;4035;5788381;2304;2;;;
423326;20260212;81500;101500;4014;5879354;2323;2;;;
423327;20260219;81500;101500;4014;5879354;1622;2;;;
423328;20260226;81500;101500;4014;5879354;1622;2;;;
423329;20260305;81500;101500;4014;5879354;1622;2;;;
423330;20260312;81500;101500;4014;5879354;1622;2;;;
423331;20260319;81500;101500;4014;5879354;1622;2;;;
423332;20260326;81500;101500;4014;5879354;2304;2;;;
423333;20260402;81500;101500;4014;5879354;1622;2;;;
423336;20260423;81500;101500;4014;5879354;1622;2;;;
423337;20260430;81500;101500;4014;5879354;1622;2;;;
423338;20260507;81500;101500;4014;5879354;1622;2;;;
423340;20260521;81500;101500;4014;5879354;1622;2;;;
485963;20260130;123000;143000;4074;;2317;22;;;
485488;20260130;123000;143000;4056;;1120;24;;;
485051;20260130;90000;110000;4026;;1120;24;;;
485489;20260129;123000;150000;4176;;2322;22;;;
485493;20260129;123000;133000;4032;;2322;22;;;
485494;20260129;140000;170000;4032;;2322;22;;;
485498;20260129;123000;143000;4023;;2317;24;;;
485052;20260129;90000;110000;4030;;1120;24;;;
485474;20260129;90000;110000;4181;;2317;22;;;
486209;20260130;143000;163000;4181;;2317;22;;;
486210;20260130;90000;110000;4071;;1120;24;;;
485967;20260130;90000;110000;5962;;1120;24;;;
486213;20260129;123000;143000;4186;;2317;22;;;
485499;20260129;150000;170000;4023;;2317;22;;;
424358;20260430;103000;123000;4021;5959460;2311;2;;;
424358;20260430;103000;123000;4021;5879769;2311;2;;;
423332;20260326;81500;101500;4014;5879354;2318;2;;;
423337;20260430;81500;101500;4014;5879354;2304;2;;;
486210;20260129;90000;110000;4008;;1120;24;;;
487161;20260129;123000;150000;4179;;2322;22;;;
487164;20260129;153000;170000;4179;;2322;22;;;
487394;20260129;141500;151500;4033;;2322;22;;;
487393;20260129;123000;140000;4033;;2322;22;;;
487387;20260129;123000;150000;10253;;2322;22;;;
437352;20260209;133000;163000;10350;6081343;2323;2;;;
437352;20260209;133000;163000;10350;6082544;2323;2;;;
437352;20260209;133000;163000;10350;6080997;2323;2;;;
437352;20260209;133000;163000;10350;6081021;2323;2;;;
437373;20260211;91500;123000;10350;6081343;2305;2;;;
437373;20260211;91500;123000;10350;6082544;2305;2;;;
437373;20260211;91500;123000;10350;6081049;2305;2;;;
437373;20260211;91500;123000;10350;6081001;2305;2;;;
437373;20260211;91500;123000;10350;6080998;2305;2;;;
427839;20260211;103000;123000;4177;5937669;2304;2;;;
424107;20260210;133000;153000;4021;5879361;2301;2;;;
424108;20260217;133000;153000;4021;5879361;2301;2;;;
424109;20260224;133000;153000;4021;5879361;2301;2;;;
424110;20260303;133000;153000;4021;5879361;2301;2;;;
424111;20260310;133000;153000;4021;5879361;2301;2;;;
424112;20260317;133000;153000;4021;5879361;2301;2;;;
424113;20260324;133000;153000;4021;5879361;2301;2;;;
424114;20260331;133000;153000;4021;5879361;2301;2;;;
424117;20260421;133000;153000;4021;5879361;2301;2;;;
424118;20260428;133000;153000;4021;5879361;2301;2;;;
424119;20260505;133000;153000;4021;5879361;2301;2;;;
424120;20260512;133000;153000;4021;5879361;2301;2;;;
424121;20260519;133000;153000;4021;5879361;2301;2;;;
424122;20260212;81500;101500;4021;5879361;2301;2;;;
424123;20260219;81500;101500;4021;5879361;2301;2;;;
424124;20260226;81500;101500;4021;5879361;2301;2;;;
424125;20260305;81500;101500;4021;5879361;2301;2;;;
424126;20260312;81500;101500;4021;5879361;2301;2;;;
424127;20260319;81500;101500;4021;5879361;2301;2;;;
424128;20260326;81500;101500;4021;5879361;2301;2;;;
424129;20260402;81500;101500;4021;5879361;2301;2;;;
424132;20260423;81500;101500;4021;5879361;2301;2;;;
424133;20260430;81500;101500;4021;5879361;2301;2;;;
424134;20260507;81500;101500;4021;5879361;2301;2;;;
424136;20260521;81500;101500;4021;5879361;2301;2;;;
424375;20260511;154500;174500;4021;5997675;520;2;;;
424362;20260209;154500;174500;4021;5997675;2301;2;;;
424364;20260223;154500;174500;4021;5997675;2301;2;;;
424365;20260302;154500;174500;4021;5997675;2301;2;;;
424366;20260309;154500;174500;4021;5997675;2301;2;;;
424367;20260316;154500;174500;4021;5997675;2301;2;;;
424368;20260323;154500;174500;4021;5997675;2301;2;;;
424369;20260330;154500;174500;4021;5997675;2301;2;;;
424372;20260420;154500;174500;4021;5997675;2301;2;;;
424373;20260427;154500;174500;4021;5997675;2301;2;;;
424374;20260504;154500;174500;4021;5997675;2301;2;;;
424376;20260518;154500;174500;4021;5997675;2301;2;;;
423544;20260209;154500;174500;4018;5997876;2293;2;;;
423546;20260223;154500;174500;4018;5997876;2293;2;;;
423547;20260302;154500;174500;4018;5997876;2293;2;;;
423548;20260309;154500;174500;4018;5997876;2293;2;;;
423549;20260316;154500;174500;4018;5997876;2293;2;;;
423550;20260323;154500;174500;4018;5997876;2293;2;;;
423551;20260330;154500;174500;4018;5997876;2293;2;;;
423554;20260420;154500;174500;4018;5997876;2293;2;;;
423555;20260427;154500;174500;4018;5997876;2293;2;;;
423556;20260504;154500;174500;4018;5997876;2293;2;;;
423557;20260511;154500;174500;4018;5997876;2293;2;;;
423558;20260518;154500;174500;4018;5997876;2293;2;;;
423281;20260209;133000;153000;4014;5997872;2313;2;;;
423282;20260216;133000;153000;4014;5997872;2313;2;;;
423283;20260223;133000;153000;4014;5997872;2313;2;;;
423284;20260302;133000;153000;4014;5997872;2313;2;;;
423285;20260309;133000;153000;4014;5997872;2313;2;;;
423286;20260316;133000;153000;4014;5997872;2313;2;;;
423287;20260323;133000;153000;4014;5997872;2313;2;;;
423288;20260330;133000;153000;4014;5997872;2313;2;;;
423291;20260420;133000;153000;4014;5997872;2313;2;;;
423292;20260427;133000;153000;4014;5997872;2313;2;;;
423293;20260504;133000;153000;4014;5997872;2313;2;;;
423294;20260511;133000;153000;4014;5997872;2313;2;;;
423295;20260518;133000;153000;4014;5997872;2313;2;;;
423327;20260217;91500;101500;4014;5879354;2311;2;;;
423328;20260224;91500;101500;4014;5879354;2311;2;;;
423329;20260303;91500;101500;4014;5879354;2311;2;;;
423330;20260310;91500;101500;4014;5879354;2311;2;;;
423331;20260317;91500;101500;4014;5879354;2311;2;;;
423333;20260331;91500;101500;4014;5879354;2311;2;;;
423336;20260421;91500;101500;4014;5879354;2311;2;;;
423338;20260505;91500;101500;4014;5879354;2311;2;;;
423340;20260519;91500;101500;4014;5879354;2311;2;;;
423344;20260305;103000;123000;4018;5879562;2294;2;;;
423346;20260319;103000;123000;4018;5879562;2294;2;;;
423348;20260402;103000;123000;4018;5879562;2294;2;;;
423351;20260423;103000;123000;4018;5879562;2294;2;;;
423352;20260430;103000;123000;4018;5879562;2294;2;;;
423353;20260507;103000;123000;4018;5879562;2294;2;;;
423355;20260521;103000;123000;4018;5879562;2294;2;;;
423341;20260212;103000;123000;4018;5879562;2323;2;;;
423343;20260226;103000;123000;4018;5879562;2296;2;;;
423342;20260219;103000;123000;4018;5879562;2311;2;;;
423345;20260312;103000;123000;4018;5879562;2323;2;;;
423347;20260326;103000;123000;4018;5879562;2309;2;;;
487890;20260209;154500;174500;4014;5879558;2316;2;;;
487891;20260216;154500;174500;4014;5879558;2316;2;;;
487892;20260223;154500;174500;4014;5879558;2316;2;;;
487893;20260302;154500;174500;4014;5879558;2316;2;;;
487894;20260309;154500;174500;4014;5879558;2316;2;;;
487895;20260316;154500;174500;4014;5879558;2316;2;;;
487896;20260323;154500;174500;4014;5879558;2316;2;;;
487897;20260330;154500;174500;4014;5879558;2316;2;;;
487900;20260420;154500;174500;4014;5879558;2316;2;;;
487901;20260427;154500;174500;4014;5879558;2316;2;;;
487902;20260504;154500;174500;4014;5879558;2316;2;;;
487903;20260511;154500;174500;4014;5879558;2316;2;;;
487904;20260518;154500;174500;4014;5879558;2316;2;;;
423403;20260223;103000;123000;4014;5959453;2299;2;;;
423403;20260223;103000;123000;4014;5879762;2299;2;;;
423404;20260302;103000;123000;4014;5959453;2299;2;;;
423404;20260302;103000;123000;4014;5879762;2299;2;;;
423405;20260309;103000;123000;4014;5959453;2299;2;;;
423405;20260309;103000;123000;4014;5879762;2299;2;;;
423406;20260316;103000;123000;4014;5959453;2299;2;;;
423406;20260316;103000;123000;4014;5879762;2299;2;;;
423407;20260323;103000;123000;4014;5959453;2299;2;;;
423407;20260323;103000;123000;4014;5879762;2299;2;;;
423408;20260330;103000;123000;4014;5959453;2299;2;;;
423408;20260330;103000;123000;4014;5879762;2299;2;;;
423411;20260420;103000;123000;4014;5959453;2299;2;;;
423411;20260420;103000;123000;4014;5879762;2299;2;;;
423412;20260427;103000;123000;4014;5959453;2299;2;;;
423412;20260427;103000;123000;4014;5879762;2299;2;;;
423413;20260504;103000;123000;4014;5959453;2299;2;;;
423413;20260504;103000;123000;4014;5879762;2299;2;;;
423414;20260511;103000;123000;4014;5959453;2299;2;;;
423414;20260511;103000;123000;4014;5879762;2299;2;;;
423415;20260518;103000;123000;4014;5959453;2299;2;;;
423415;20260518;103000;123000;4014;5879762;2299;2;;;
423388;20260223;91500;101500;4014;5959453;2299;2;;;
423388;20260223;91500;101500;4014;5879762;2299;2;;;
423389;20260302;91500;101500;4014;5959453;2299;2;;;
423389;20260302;91500;101500;4014;5879762;2299;2;;;
423390;20260309;91500;101500;4014;5959453;2299;2;;;
423390;20260309;91500;101500;4014;5879762;2299;2;;;
423391;20260316;91500;101500;4014;5959453;2299;2;;;
423391;20260316;91500;101500;4014;5879762;2299;2;;;
423392;20260323;91500;101500;4014;5959453;2299;2;;;
423392;20260323;91500;101500;4014;5879762;2299;2;;;
423393;20260330;91500;101500;4014;5959453;2299;2;;;
423393;20260330;91500;101500;4014;5879762;2299;2;;;
423396;20260420;91500;101500;4014;5959453;2299;2;;;
423396;20260420;91500;101500;4014;5879762;2299;2;;;
423397;20260427;91500;101500;4014;5959453;2299;2;;;
423397;20260427;91500;101500;4014;5879762;2299;2;;;
423398;20260504;91500;101500;4014;5959453;2299;2;;;
423398;20260504;91500;101500;4014;5879762;2299;2;;;
423399;20260511;91500;101500;4014;5959453;2299;2;;;
423399;20260511;91500;101500;4014;5879762;2299;2;;;
423400;20260518;91500;101500;4014;5959453;2299;2;;;
423400;20260518;91500;101500;4014;5879762;2299;2;;;
486213;20260129;123000;143000;4178;;2317;22;;;
487908;20260209;91500;101500;4014;5959453;2299;2;;;
487908;20260209;91500;101500;4014;5879762;2299;2;;;
487909;20260209;103000;123000;4014;5959453;2299;2;;;
487909;20260209;103000;123000;4014;5879762;2299;2;;;
424227;20260212;103000;123000;4021;5879769;520;2;;;
424228;20260219;103000;123000;4021;5879769;520;2;;;
424230;20260305;103000;123000;4021;5879769;520;2;;;
424231;20260312;103000;123000;4021;5879769;520;2;;;
424232;20260319;103000;123000;4021;5879769;520;2;;;
424233;20260326;103000;123000;4021;5879769;520;2;;;
424234;20260402;103000;123000;4021;5879769;520;2;;;
424237;20260423;103000;123000;4021;5879769;520;2;;;
424238;20260430;103000;123000;4021;5879769;520;2;;;
424239;20260507;103000;123000;4021;5879769;520;2;;;
424241;20260521;103000;123000;4021;5879769;520;2;;;
424349;20260226;103000;123000;4021;5997675;2294;2;;;
487164;20260129;151500;164500;4179;;2322;22;;;
485494;20260129;134500;164500;4032;;2322;22;;;
487912;20260130;123000;143000;4012;;2322;22;;;
485499;20260130;144500;164500;4023;;2322;22;;;
485498;20260130;123000;143000;4023;;2322;24;;;
487872;20260211;133000;153000;4014;5879354;2317;2;;;
487840;20260217;103000;123000;4014;5879354;2322;2;;;
487873;20260218;133000;153000;4014;5879354;2317;2;;;
487841;20260224;103000;123000;4014;5879354;2322;2;;;
487874;20260225;133000;153000;4014;5879354;2317;2;;;
487842;20260303;103000;123000;4014;5879354;2322;2;;;
487875;20260304;133000;153000;4014;5879354;2317;2;;;
487843;20260310;103000;123000;4014;5879354;2322;2;;;
487876;20260311;133000;153000;4014;5879354;2317;2;;;
487844;20260317;103000;123000;4014;5879354;2322;2;;;
487877;20260318;133000;153000;4014;5879354;2317;2;;;
487845;20260324;103000;123000;4014;5879354;2322;2;;;
487878;20260325;133000;153000;4014;5879354;2317;2;;;
487846;20260331;103000;123000;4014;5879354;2322;2;;;
487879;20260401;133000;153000;4014;5879354;2317;2;;;
487849;20260421;103000;123000;4014;5879354;2322;2;;;
487882;20260422;133000;153000;4014;5879354;2317;2;;;
487850;20260428;103000;123000;4014;5879354;2322;2;;;
487883;20260429;133000;153000;4014;5879354;2317;2;;;
487851;20260505;103000;123000;4014;5879354;2322;2;;;
487884;20260506;133000;153000;4014;5879354;2317;2;;;
487852;20260512;103000;123000;4014;5879354;2322;2;;;
487885;20260513;133000;153000;4014;5879354;2317;2;;;
487853;20260519;103000;123000;4014;5879354;2322;2;;;
487886;20260520;133000;153000;4014;5879354;2317;2;;;
423388;20260223;91500;101500;4014;5959453;515;2;;;
423388;20260223;91500;101500;4014;5879762;515;2;;;
423403;20260223;103000;123000;4014;5959453;515;2;;;
423403;20260223;103000;123000;4014;5879762;515;2;;;
424482;20260210;133000;153000;4017;5879561;2309;2;;;
427112;20260211;133000;164500;4035;5807222;2301;2;;;
427112;20260211;133000;164500;4035;5788381;2301;2;;;
427113;20260218;133000;164500;4035;5807222;2301;2;;;
427113;20260218;133000;164500;4035;5788381;2301;2;;;
427114;20260225;133000;164500;4035;5807222;2304;2;;;
427114;20260225;133000;164500;4035;5788381;2304;2;;;
427665;20260224;103000;123000;4042;6082347;2302;2;;;
427665;20260224;103000;123000;4042;5937325;2302;2;;;
427666;20260303;103000;123000;4042;6082347;523;2;;;
427666;20260303;103000;123000;4042;5937325;523;2;;;
427667;20260310;103000;123000;4042;6082347;2302;2;;;
427667;20260310;103000;123000;4042;5937325;2302;2;;;
427668;20260317;103000;123000;4042;6082347;2302;2;;;
427668;20260317;103000;123000;4042;5937325;2302;2;;;
427669;20260324;103000;123000;4042;6082347;2302;2;;;
427669;20260324;103000;123000;4042;5937325;2302;2;;;
427670;20260331;103000;123000;4042;6082347;2299;2;;;
427670;20260331;103000;123000;4042;5937325;2299;2;;;
427673;20260421;103000;123000;4042;6082347;2302;2;;;
427673;20260421;103000;123000;4042;5937325;2302;2;;;
427323;20260220;103000;123000;4034;5872107;523;2;;;
427323;20260220;103000;123000;4034;5937520;523;2;;;
427152;20260220;103000;123000;4034;5788379;520;2;;;
427152;20260220;103000;123000;4034;5807220;520;2;;;
427335;20260227;103000;123000;4034;5872107;520;2;;;
427335;20260227;103000;123000;4034;5937520;520;2;;;
427153;20260306;103000;123000;4034;5788379;2309;2;;;
427153;20260306;103000;123000;4034;5807220;2309;2;;;
427336;20260313;103000;123000;4034;5872107;2311;2;;;
427336;20260313;103000;123000;4034;5937520;2311;2;;;
427154;20260320;103000;123000;4034;5788379;520;2;;;
427154;20260320;103000;123000;4034;5807220;520;2;;;
427337;20260327;103000;123000;4034;5872107;2311;2;;;
427337;20260327;103000;123000;4034;5937520;2311;2;;;
427155;20260403;103000;123000;4034;5788379;2318;2;;;
427155;20260403;103000;123000;4034;5807220;2318;2;;;
427339;20260424;103000;123000;4034;5872107;2316;2;;;
427339;20260424;103000;123000;4034;5937520;2316;2;;;
427340;20260508;103000;123000;4034;5872107;2318;2;;;
427340;20260508;103000;123000;4034;5937520;2318;2;;;
427341;20260522;103000;123000;4034;5872107;2318;2;;;
427341;20260522;103000;123000;4034;5937520;2318;2;;;
427334;20260213;103000;123000;4034;5872107;1622;2;;;
427334;20260213;103000;123000;4034;5937520;1622;2;;;
423281;20260209;133000;153000;4014;5997872;517;2;;;
427664;20260217;103000;123000;4042;6082347;523;2;;;
427664;20260217;103000;123000;4042;5937325;523;2;;;
427674;20260428;103000;123000;4042;6082347;2299;2;;;
427674;20260428;103000;123000;4042;5937325;2299;2;;;
427675;20260505;103000;123000;4042;6082347;2299;2;;;
427675;20260505;103000;123000;4042;5937325;2299;2;;;
427676;20260512;103000;123000;4042;6082347;2309;2;;;
427676;20260512;103000;123000;4042;5937325;2309;2;;;
427677;20260519;103000;123000;4042;6082347;2299;2;;;
427677;20260519;103000;123000;4042;5937325;2299;2;;;
427840;20260218;103000;123000;4177;5937669;520;2;;;
427842;20260304;103000;123000;4177;5937669;2305;2;;;
427845;20260325;103000;123000;4177;5937669;517;2;;;
427846;20260401;103000;123000;4177;5937669;523;2;;;
427849;20260422;103000;123000;4177;5937669;2323;2;;;
427850;20260429;103000;123000;4177;5937669;2299;2;;;
427851;20260506;103000;123000;4177;5937669;2299;2;;;
427852;20260513;103000;123000;4177;5937669;2299;2;;;
427853;20260520;103000;123000;4177;5937669;2299;2;;;
437374;20260218;91500;123000;10350;6081343;2305;2;;;
437374;20260218;91500;123000;10350;6082544;2305;2;;;
437374;20260218;91500;123000;10350;6081049;2305;2;;;
437374;20260218;91500;123000;10350;6081001;2305;2;;;
437374;20260218;91500;123000;10350;6080998;2305;2;;;
423561;20260223;133000;153000;4018;5959457;2302;2;;;
423561;20260223;133000;153000;4018;5879766;2302;2;;;
437354;20260223;133000;163000;10350;6081343;515;2;;;
437354;20260223;133000;163000;10350;6082544;515;2;;;
437354;20260223;133000;163000;10350;6080997;515;2;;;
437354;20260223;133000;163000;10350;6081021;515;2;;;
437375;20260225;91500;123000;10350;6081343;2301;2;;;
437375;20260225;91500;123000;10350;6082544;2301;2;;;
437375;20260225;91500;123000;10350;6081049;2301;2;;;
437375;20260225;91500;123000;10350;6081001;2301;2;;;
437375;20260225;91500;123000;10350;6080998;2301;2;;;
427841;20260225;103000;123000;4177;5937669;2316;2;;;
487387;20260130;90000;113000;10253;;2322;22;;;
488035;20260129;90000;120000;4007;;2322;22;;;
488634;20260130;90000;110000;4063;;1120;24;;;
485488;20260130;123000;143000;4056;;2322;24;;;
485052;20260129;90000;110000;4030;;2322;24;;;
488637;20260129;90000;110000;4025;;2317;22;;;
427341;20260522;103000;123000;4034;5872107;2304;2;;;
427341;20260522;103000;123000;4034;5937520;2304;2;;;
467374;20260522;81500;101500;4172;5788114;2304;2;;;
427155;20260403;103000;123000;4034;5788379;2304;2;;;
427155;20260403;103000;123000;4034;5807220;2304;2;;;
467373;20260508;81500;101500;4172;5788114;515;2;;;
427340;20260508;103000;123000;4034;5872107;515;2;;;
427340;20260508;103000;123000;4034;5937520;515;2;;;
487912;20260130;153000;173000;4012;;2322;22;;;
489038;20260130;90000;110000;4013;;2317;22;;;
485499;20260130;144500;164500;4023;;2322;24;;;
489236;20260129;123000;143000;4010;;2317;22;;;
427155;20260403;103000;123000;4034;5788379;520;2;;;
427155;20260403;103000;123000;4034;5807220;520;2;;;
489814;20260130;153000;173000;4012;;2294;23;;;
489812;20260129;90000;113000;4025;;2303;23;;;
489889;20260129;134500;160000;4049;;2322;22;;;
489888;20260129;123000;133000;4049;;2322;22;;;
489892;20260130;123000;150000;4175;;2322;22;;;
489893;20260130;151500;164500;4175;;2322;22;;;
489897;20260129;90000;110000;4022;;1120;24;;;
490558;20260130;140000;160000;4009;;2322;24;;;
490557;20260130;123000;133000;4009;;2322;22;;;
490568;20260130;144500;164500;4024;;2322;22;;;
490567;20260130;123000;143000;4024;;2322;22;;;
486213;20260129;123000;143000;4178;;2322;22;;;
490672;20260210;133000;153000;4172;5788114;2302;2;;;
490680;20260217;133000;153000;4172;5788114;2302;2;;;
490673;20260224;133000;153000;4172;5788114;2302;2;;;
490681;20260303;133000;153000;4172;5788114;2302;2;;;
490674;20260310;133000;153000;4172;5788114;2302;2;;;
490682;20260317;133000;153000;4172;5788114;2302;2;;;
490675;20260324;133000;153000;4172;5788114;2302;2;;;
490683;20260331;133000;153000;4172;5788114;2302;2;;;
490677;20260421;133000;153000;4172;5788114;2302;2;;;
490685;20260428;133000;153000;4172;5788114;2302;2;;;
490678;20260505;133000;153000;4172;5788114;2293;2;;;
490686;20260512;133000;153000;4172;5788114;2302;2;;;
490679;20260519;133000;153000;4172;5788114;2302;2;;;
490694;20260213;81500;101500;4034;5937316;1622;2;;;
490694;20260213;81500;101500;4034;5796264;1622;2;;;
490687;20260220;81500;101500;4034;5937316;1622;2;;;
490687;20260220;81500;101500;4034;5796264;1622;2;;;
490695;20260227;81500;101500;4034;5937316;1622;2;;;
490695;20260227;81500;101500;4034;5796264;1622;2;;;
490688;20260306;81500;101500;4034;5937316;1622;2;;;
490688;20260306;81500;101500;4034;5796264;1622;2;;;
490696;20260313;81500;101500;4034;5937316;1622;2;;;
490696;20260313;81500;101500;4034;5796264;1622;2;;;
490689;20260320;81500;101500;4034;5937316;1622;2;;;
490689;20260320;81500;101500;4034;5796264;1622;2;;;
490697;20260327;81500;101500;4034;5937316;1622;2;;;
490697;20260327;81500;101500;4034;5796264;1622;2;;;
490690;20260403;81500;101500;4034;5937316;1622;2;;;
490690;20260403;81500;101500;4034;5796264;1622;2;;;
490699;20260424;81500;101500;4034;5937316;1622;2;;;
490699;20260424;81500;101500;4034;5796264;1622;2;;;
490700;20260508;81500;101500;4034;5937316;1622;2;;;
490700;20260508;81500;101500;4034;5796264;1622;2;;;
490701;20260522;81500;101500;4034;5937316;1622;2;;;
490701;20260522;81500;101500;4034;5796264;1622;2;;;
490703;20260213;103000;123000;4042;6082347;2316;2;;;
490703;20260213;103000;123000;4042;5937325;2316;2;;;
490704;20260220;103000;123000;4042;6082347;2316;2;;;
490704;20260220;103000;123000;4042;5937325;2316;2;;;
490705;20260227;103000;123000;4042;6082347;2316;2;;;
490705;20260227;103000;123000;4042;5937325;2316;2;;;
490706;20260306;103000;123000;4042;6082347;2316;2;;;
490706;20260306;103000;123000;4042;5937325;2316;2;;;
490707;20260313;103000;123000;4042;6082347;2316;2;;;
490707;20260313;103000;123000;4042;5937325;2316;2;;;
490708;20260320;103000;123000;4042;6082347;2316;2;;;
490708;20260320;103000;123000;4042;5937325;2316;2;;;
490709;20260327;103000;123000;4042;6082347;2316;2;;;
490709;20260327;103000;123000;4042;5937325;2316;2;;;
490710;20260403;103000;123000;4042;6082347;2316;2;;;
490710;20260403;103000;123000;4042;5937325;2316;2;;;
490713;20260424;103000;123000;4042;6082347;1622;2;;;
490713;20260424;103000;123000;4042;5937325;1622;2;;;
490715;20260508;103000;123000;4042;6082347;1622;2;;;
490715;20260508;103000;123000;4042;5937325;1622;2;;;
490717;20260522;103000;123000;4042;6082347;1622;2;;;
490717;20260522;103000;123000;4042;5937325;1622;2;;;
485963;20260130;123000;143000;4011;;2317;22;;;
491077;20260210;133000;153000;4017;5997467;520;2;;;
491078;20260217;133000;153000;4017;5997467;520;2;;;
491079;20260224;133000;153000;4017;5997467;520;2;;;
491080;20260303;133000;153000;4017;5997467;520;2;;;
491081;20260310;133000;153000;4017;5997467;520;2;;;
491082;20260317;133000;153000;4017;5997467;520;2;;;
491083;20260324;133000;153000;4017;5997467;520;2;;;
491084;20260331;133000;153000;4017;5997467;520;2;;;
491087;20260421;133000;153000;4017;5997467;520;2;;;
491088;20260428;133000;153000;4017;5997467;520;2;;;
491089;20260505;133000;153000;4017;5997467;520;2;;;
491090;20260512;133000;153000;4017;5997467;520;2;;;
491091;20260519;133000;153000;4017;5997467;520;2;;;
491062;20260209;81500;101500;4015;5997465;1622;2;;;
491064;20260223;81500;101500;4015;5997465;1622;2;;;
491065;20260302;81500;101500;4015;5997465;1622;2;;;
491066;20260309;81500;101500;4015;5997465;1622;2;;;
491067;20260316;81500;101500;4015;5997465;1622;2;;;
491068;20260323;81500;101500;4015;5997465;1622;2;;;
491069;20260330;81500;101500;4015;5997465;1622;2;;;
491072;20260420;81500;101500;4015;5997465;1622;2;;;
491073;20260427;81500;101500;4015;5997465;1622;2;;;
491074;20260504;81500;101500;4015;5997465;1622;2;;;
491075;20260511;81500;101500;4015;5997465;1622;2;;;
491076;20260518;81500;101500;4015;5997465;1622;2;;;
491142;20260209;103000;123000;4017;5879561;2309;2;;;
491144;20260223;103000;123000;4017;5879561;2304;2;;;
491145;20260302;103000;123000;4017;5879561;2304;2;;;
491146;20260309;103000;123000;4017;5879561;2304;2;;;
491147;20260316;103000;123000;4017;5879561;515;2;;;
491148;20260323;103000;123000;4017;5879561;515;2;;;
491156;20260518;103000;123000;4017;5879561;2323;2;;;
491105;20260220;133000;153000;4017;5997671;2323;2;;;
491106;20260227;133000;153000;4017;5997671;2323;2;;;
491107;20260306;133000;153000;4017;5997671;2323;2;;;
491108;20260313;133000;153000;4017;5997671;2323;2;;;
491109;20260320;133000;153000;4017;5997671;2323;2;;;
491110;20260327;133000;153000;4017;5997671;2323;2;;;
491111;20260403;133000;153000;4017;5997671;2323;2;;;
491114;20260424;133000;153000;4017;5997671;2323;2;;;
491116;20260508;133000;153000;4017;5997671;2323;2;;;
491118;20260522;133000;153000;4017;5997671;2323;2;;;
491104;20260213;133000;153000;4017;5997671;2301;2;;;
424484;20260223;154500;174500;4015;5879559;2316;2;;;
424485;20260302;154500;174500;4015;5879559;2316;2;;;
424486;20260309;154500;174500;4015;5879559;2316;2;;;
424487;20260316;154500;174500;4015;5879559;2316;2;;;
424488;20260323;154500;174500;4015;5879559;2316;2;;;
424489;20260330;154500;174500;4015;5879559;2316;2;;;
424492;20260420;154500;174500;4015;5879559;2316;2;;;
424493;20260427;154500;174500;4015;5879559;2316;2;;;
424494;20260504;154500;174500;4015;5879559;2316;2;;;
424495;20260511;154500;174500;4015;5879559;2316;2;;;
424496;20260518;154500;174500;4015;5879559;2316;2;;;
427427;20260227;103000;133000;4045;5796276;2304;2;;;
427427;20260227;103000;133000;4045;5939167;2304;2;;;
427427;20260227;103000;133000;4045;5723047;2304;2;;;
427427;20260227;103000;133000;4045;5787983;2304;2;;;
423332;20260326;81500;101500;4014;5879354;2323;2;;;
466785;20260212;81500;123000;4253;5916181;1111;2;;;
437433;20260211;91500;123000;10344;6081000;2302;2;;;
437433;20260211;91500;123000;10344;6081044;2302;2;;;
437434;20260218;91500;123000;10344;6081000;2302;2;;;
437434;20260218;91500;123000;10344;6081044;2302;2;;;
437435;20260225;91500;123000;10344;6081000;2302;2;;;
437435;20260225;91500;123000;10344;6081044;2302;2;;;
437436;20260304;91500;123000;10344;6081000;2302;2;;;
437436;20260304;91500;123000;10344;6081044;2302;2;;;
437437;20260311;91500;123000;10344;6081000;2302;2;;;
437437;20260311;91500;123000;10344;6081044;2302;2;;;
437438;20260318;91500;123000;10344;6081000;2302;2;;;
437438;20260318;91500;123000;10344;6081044;2302;2;;;
437439;20260325;91500;123000;10344;6081000;2302;2;;;
437439;20260325;91500;123000;10344;6081044;2302;2;;;
437440;20260401;91500;123000;10344;6081000;2302;2;;;
437440;20260401;91500;123000;10344;6081044;2302;2;;;
437443;20260422;91500;123000;10344;6081000;2302;2;;;
437443;20260422;91500;123000;10344;6081044;2302;2;;;
437444;20260429;91500;123000;10344;6081000;2302;2;;;
437444;20260429;91500;123000;10344;6081044;2302;2;;;
437445;20260506;91500;123000;10344;6081000;2302;2;;;
437445;20260506;91500;123000;10344;6081044;2302;2;;;
437446;20260513;91500;123000;10344;6081000;2302;2;;;
437446;20260513;91500;123000;10344;6081044;2302;2;;;
437447;20260520;91500;123000;10344;6081000;2302;2;;;
437447;20260520;91500;123000;10344;6081044;2302;2;;;
491105;20260217;81500;101500;4017;5997671;2323;2;;;
437355;20260302;133000;163000;10344;6082544;2302;2;;;
437355;20260302;133000;163000;10344;6080997;2302;2;;;
437355;20260302;133000;163000;10344;6081021;2302;2;;;
437356;20260309;133000;163000;10344;6082544;2302;2;;;
437356;20260309;133000;163000;10344;6080997;2302;2;;;
437356;20260309;133000;163000;10344;6081021;2302;2;;;
437357;20260316;133000;163000;10344;6082544;2302;2;;;
437357;20260316;133000;163000;10344;6080997;2302;2;;;
437357;20260316;133000;163000;10344;6081021;2302;2;;;
437358;20260323;133000;163000;10344;6082544;2302;2;;;
437358;20260323;133000;163000;10344;6080997;2302;2;;;
437358;20260323;133000;163000;10344;6081021;2302;2;;;
437359;20260330;133000;163000;10344;6082544;2302;2;;;
437359;20260330;133000;163000;10344;6080997;2302;2;;;
437359;20260330;133000;163000;10344;6081021;2302;2;;;
437362;20260420;133000;163000;10344;6082544;2302;2;;;
437362;20260420;133000;163000;10344;6080997;2302;2;;;
437362;20260420;133000;163000;10344;6081021;2302;2;;;
437363;20260427;133000;163000;10344;6082544;2302;2;;;
437363;20260427;133000;163000;10344;6080997;2302;2;;;
437363;20260427;133000;163000;10344;6081021;2302;2;;;
437364;20260504;133000;163000;10344;6082544;2302;2;;;
437364;20260504;133000;163000;10344;6080997;2302;2;;;
437364;20260504;133000;163000;10344;6081021;2302;2;;;
437365;20260511;133000;163000;10344;6082544;2302;2;;;
437365;20260511;133000;163000;10344;6080997;2302;2;;;
437365;20260511;133000;163000;10344;6081021;2302;2;;;
437366;20260518;133000;163000;10344;6082544;2302;2;;;
437366;20260518;133000;163000;10344;6080997;2302;2;;;
437366;20260518;133000;163000;10344;6081021;2302;2;;;
437376;20260304;91500;123000;10344;6082544;2316;2;;;
437376;20260304;91500;123000;10344;6081049;2316;2;;;
437376;20260304;91500;123000;10344;6081001;2316;2;;;
437376;20260304;91500;123000;10344;6080998;2316;2;;;
437377;20260311;91500;123000;10344;6082544;2316;2;;;
437377;20260311;91500;123000;10344;6081049;2316;2;;;
437377;20260311;91500;123000;10344;6081001;2316;2;;;
437377;20260311;91500;123000;10344;6080998;2316;2;;;
437378;20260318;91500;123000;10344;6082544;2316;2;;;
437378;20260318;91500;123000;10344;6081049;2316;2;;;
437378;20260318;91500;123000;10344;6081001;2316;2;;;
437378;20260318;91500;123000;10344;6080998;2316;2;;;
437379;20260325;91500;123000;10344;6082544;2316;2;;;
437379;20260325;91500;123000;10344;6081049;2316;2;;;
437379;20260325;91500;123000;10344;6081001;2316;2;;;
437379;20260325;91500;123000;10344;6080998;2316;2;;;
437380;20260401;91500;123000;10344;6082544;2316;2;;;
437380;20260401;91500;123000;10344;6081049;2316;2;;;
437380;20260401;91500;123000;10344;6081001;2316;2;;;
437380;20260401;91500;123000;10344;6080998;2316;2;;;
437383;20260422;91500;123000;10344;6082544;2316;2;;;
437383;20260422;91500;123000;10344;6081049;2316;2;;;
437383;20260422;91500;123000;10344;6081001;2316;2;;;
437383;20260422;91500;123000;10344;6080998;2316;2;;;
437384;20260429;91500;123000;10344;6082544;2316;2;;;
437384;20260429;91500;123000;10344;6081049;2316;2;;;
437384;20260429;91500;123000;10344;6081001;2316;2;;;
437384;20260429;91500;123000;10344;6080998;2316;2;;;
437385;20260506;91500;123000;10344;6082544;2316;2;;;
437385;20260506;91500;123000;10344;6081049;2316;2;;;
437385;20260506;91500;123000;10344;6081001;2316;2;;;
437385;20260506;91500;123000;10344;6080998;2316;2;;;
437386;20260513;91500;123000;10344;6082544;2316;2;;;
437386;20260513;91500;123000;10344;6081049;2316;2;;;
437386;20260513;91500;123000;10344;6081001;2316;2;;;
437386;20260513;91500;123000;10344;6080998;2316;2;;;
437387;20260520;91500;123000;10344;6082544;2316;2;;;
437387;20260520;91500;123000;10344;6081049;2316;2;;;
437387;20260520;91500;123000;10344;6081001;2316;2;;;
437387;20260520;91500;123000;10344;6080998;2316;2;;;
437393;20260213;133000;163000;10344;6081035;2309;2;;;
437393;20260213;133000;163000;10344;6082544;2309;2;;;
437393;20260213;133000;163000;10344;6081046;2309;2;;;
437394;20260220;133000;163000;10344;6081035;2309;2;;;
437394;20260220;133000;163000;10344;6082544;2309;2;;;
437394;20260220;133000;163000;10344;6081046;2309;2;;;
437395;20260227;133000;163000;10344;6081035;2309;2;;;
437395;20260227;133000;163000;10344;6082544;2309;2;;;
437395;20260227;133000;163000;10344;6081046;2309;2;;;
437396;20260306;133000;163000;10344;6081035;2309;2;;;
437396;20260306;133000;163000;10344;6082544;2309;2;;;
437396;20260306;133000;163000;10344;6081046;2309;2;;;
437397;20260313;133000;163000;10344;6081035;2309;2;;;
437397;20260313;133000;163000;10344;6082544;2309;2;;;
437397;20260313;133000;163000;10344;6081046;2309;2;;;
437398;20260320;133000;163000;10344;6081035;2309;2;;;
437398;20260320;133000;163000;10344;6082544;2309;2;;;
437398;20260320;133000;163000;10344;6081046;2309;2;;;
437399;20260327;133000;163000;10344;6081035;2309;2;;;
437399;20260327;133000;163000;10344;6082544;2309;2;;;
437399;20260327;133000;163000;10344;6081046;2309;2;;;
437400;20260403;133000;163000;10344;6081035;2309;2;;;
437400;20260403;133000;163000;10344;6082544;2309;2;;;
437400;20260403;133000;163000;10344;6081046;2309;2;;;
437403;20260424;133000;163000;10344;6081035;2309;2;;;
437403;20260424;133000;163000;10344;6082544;2309;2;;;
437403;20260424;133000;163000;10344;6081046;2309;2;;;
437405;20260508;133000;163000;10344;6081035;2309;2;;;
437405;20260508;133000;163000;10344;6082544;2309;2;;;
437405;20260508;133000;163000;10344;6081046;2309;2;;;
437407;20260522;133000;163000;10344;6081035;2309;2;;;
437407;20260522;133000;163000;10344;6082544;2309;2;;;
437407;20260522;133000;163000;10344;6081046;2309;2;;;
437454;20260219;91500;123000;10344;6081061;2319;2;;;
437454;20260219;91500;123000;10344;6082544;2319;2;;;
437454;20260219;91500;123000;10344;6081045;2319;2;;;
437455;20260226;91500;123000;10344;6081061;2319;2;;;
437455;20260226;91500;123000;10344;6082544;2319;2;;;
437455;20260226;91500;123000;10344;6081045;2319;2;;;
437456;20260305;91500;123000;10344;6081061;2319;2;;;
437456;20260305;91500;123000;10344;6082544;2319;2;;;
437456;20260305;91500;123000;10344;6081045;2319;2;;;
437457;20260312;91500;123000;10344;6081061;2319;2;;;
437457;20260312;91500;123000;10344;6082544;2319;2;;;
437457;20260312;91500;123000;10344;6081045;2319;2;;;
437458;20260319;91500;123000;10344;6081061;2319;2;;;
437458;20260319;91500;123000;10344;6082544;2319;2;;;
437458;20260319;91500;123000;10344;6081045;2319;2;;;
437459;20260326;91500;123000;10344;6081061;2319;2;;;
437459;20260326;91500;123000;10344;6082544;2319;2;;;
437459;20260326;91500;123000;10344;6081045;2319;2;;;
437460;20260402;91500;123000;10344;6081061;2319;2;;;
437460;20260402;91500;123000;10344;6082544;2319;2;;;
437460;20260402;91500;123000;10344;6081045;2319;2;;;
437463;20260423;91500;123000;10344;6081061;2319;2;;;
437463;20260423;91500;123000;10344;6082544;2319;2;;;
437463;20260423;91500;123000;10344;6081045;2319;2;;;
437464;20260430;91500;123000;10344;6081061;2319;2;;;
437464;20260430;91500;123000;10344;6082544;2319;2;;;
437464;20260430;91500;123000;10344;6081045;2319;2;;;
437465;20260507;91500;123000;10344;6081061;2319;2;;;
437465;20260507;91500;123000;10344;6082544;2319;2;;;
437465;20260507;91500;123000;10344;6081045;2319;2;;;
437467;20260521;91500;123000;10344;6081061;2319;2;;;
437467;20260521;91500;123000;10344;6082544;2319;2;;;
437467;20260521;91500;123000;10344;6081045;2319;2;;;
427583;20260213;133000;164500;4040;6083407;1573;2;;;
427583;20260213;133000;164500;4040;5788386;1573;2;;;
427584;20260220;133000;164500;4040;6083407;1573;2;;;
427584;20260220;133000;164500;4040;5788386;1573;2;;;
427585;20260227;133000;164500;4040;6083407;1573;2;;;
427585;20260227;133000;164500;4040;5788386;1573;2;;;
427586;20260306;133000;164500;4040;6083407;1573;2;;;
427586;20260306;133000;164500;4040;5788386;1573;2;;;
427587;20260313;133000;164500;4040;6083407;1573;2;;;
427587;20260313;133000;164500;4040;5788386;1573;2;;;
427588;20260320;133000;164500;4040;6083407;1573;2;;;
427588;20260320;133000;164500;4040;5788386;1573;2;;;
427589;20260327;133000;164500;4040;6083407;1573;2;;;
427589;20260327;133000;164500;4040;5788386;1573;2;;;
427590;20260403;133000;164500;4040;6083407;1573;2;;;
427590;20260403;133000;164500;4040;5788386;1573;2;;;
427593;20260424;133000;164500;4040;6083407;1573;2;;;
427593;20260424;133000;164500;4040;5788386;1573;2;;;
427595;20260508;133000;164500;4040;6083407;1573;2;;;
427595;20260508;133000;164500;4040;5788386;1573;2;;;
427597;20260522;133000;164500;4040;6083407;1573;2;;;
427597;20260522;133000;164500;4040;5788386;1573;2;;;
423234;20260219;81500;101500;4014;5997668;2304;2;;;
423087;20260219;103000;123000;4014;5938931;2304;2;;;
423235;20260226;81500;101500;4014;5997668;1573;2;;;
423088;20260226;103000;123000;4014;5938931;1573;2;;;
423636;20260219;133000;153000;4016;5829223;1573;2;;;
423651;20260219;154500;164500;4016;5829223;1573;2;;;
427425;20260213;103000;133000;4045;5796276;2323;2;;;
427425;20260213;103000;133000;4045;5939167;2323;2;;;
427425;20260213;103000;133000;4045;5723047;2323;2;;;
427425;20260213;103000;133000;4045;5787983;2323;2;;;
427583;20260213;133000;164500;4040;6083407;2317;2;;;
427583;20260213;133000;164500;4040;5788386;2317;2;;;
427446;20260209;91500;123000;4035;5788177;515;2;;;
427446;20260209;91500;123000;4035;5939157;515;2;;;
491216;20260209;154500;174500;4015;5879559;2316;2;;;
427641;20260209;81500;123000;4043;5937326;2301;2;;;
427641;20260209;81500;123000;4043;5937530;2301;2;;;
492281;20260217;81500;123000;4043;5937326;2326;2;;;
492281;20260217;81500;123000;4043;5937530;2326;2;;;
492282;20260217;133000;174500;4043;5937326;2299;2;;;
492282;20260217;133000;174500;4043;5937530;2299;2;;;
427643;20260223;81500;123000;4043;5937326;1563;2;;;
427643;20260223;81500;123000;4043;5937530;1563;2;;;
492283;20260223;133000;174500;4043;5937326;1573;2;;;
492283;20260223;133000;174500;4043;5937530;1573;2;;;
427644;20260302;81500;123000;4043;5937326;515;2;;;
427644;20260302;81500;123000;4043;5937530;515;2;;;
492284;20260302;133000;174500;4043;5937326;1573;2;;;
492284;20260302;133000;174500;4043;5937530;1573;2;;;
427645;20260309;81500;123000;4043;5937326;2309;2;;;
427645;20260309;81500;123000;4043;5937530;2309;2;;;
492286;20260309;133000;174500;4043;5937326;1573;2;;;
492286;20260309;133000;174500;4043;5937530;1573;2;;;
427646;20260316;81500;123000;4043;5937326;1573;2;;;
427646;20260316;81500;123000;4043;5937530;1573;2;;;
492287;20260316;133000;174500;4043;5937326;1573;2;;;
492287;20260316;133000;174500;4043;5937530;1573;2;;;
427647;20260323;81500;123000;4043;5937326;1573;2;;;
427647;20260323;81500;123000;4043;5937530;1573;2;;;
492288;20260323;133000;174500;4043;5937326;515;2;;;
492288;20260323;133000;174500;4043;5937530;515;2;;;
427648;20260330;81500;123000;4043;5937326;515;2;;;
427648;20260330;81500;123000;4043;5937530;515;2;;;
492291;20260330;133000;174500;4043;5937326;1573;2;;;
492291;20260330;133000;174500;4043;5937530;1573;2;;;
427651;20260420;81500;123000;4043;5937326;515;2;;;
427651;20260420;81500;123000;4043;5937530;515;2;;;
492292;20260420;133000;174500;4043;5937326;515;2;;;
492292;20260420;133000;174500;4043;5937530;515;2;;;
427653;20260504;81500;123000;4043;5937326;1573;2;;;
427653;20260504;81500;123000;4043;5937530;1573;2;;;
492293;20260504;133000;174500;4043;5937326;515;2;;;
492293;20260504;133000;174500;4043;5937530;515;2;;;
427654;20260511;81500;123000;4043;5937326;515;2;;;
427654;20260511;81500;123000;4043;5937530;515;2;;;
427655;20260518;81500;123000;4043;5937326;515;2;;;
427655;20260518;81500;123000;4043;5937530;515;2;;;
492296;20260518;133000;174500;4043;5937326;515;2;;;
492296;20260518;133000;174500;4043;5937530;515;2;;;
427652;20260427;81500;123000;4043;5937326;1573;2;;;
427652;20260427;81500;123000;4043;5937530;1573;2;;;
423283;20260223;133000;153000;4014;5997872;1622;2;;;
423284;20260302;133000;153000;4014;5997872;1622;2;;;
491216;20260210;133000;153000;4015;5879559;2323;2;;;
424484;20260224;133000;153000;4015;5879559;2323;2;;;
422846;20260224;154500;174500;4015;5879355;2301;2;;;
424485;20260303;133000;153000;4015;5879559;2313;2;;;
422844;20260210;154500;174500;4015;5879355;2301;2;;;
491130;20260302;154500;174500;4014;5879558;1622;2;;;
491129;20260223;154500;174500;4014;5879558;1622;2;;;
491127;20260209;154500;174500;4014;5879558;1573;2;;;
491128;20260217;133000;153000;4014;5879558;1573;2;;;
491131;20260310;133000;153000;4014;5879558;1573;2;;;
491133;20260324;133000;153000;4014;5879558;1573;2;;;
491134;20260331;133000;153000;4014;5879558;1573;2;;;
491137;20260421;133000;153000;4014;5879558;1573;2;;;
491138;20260428;133000;153000;4014;5879558;1573;2;;;
491139;20260505;133000;153000;4014;5879558;1573;2;;;
491140;20260512;133000;153000;4014;5879558;1573;2;;;
491141;20260519;133000;153000;4014;5879558;1573;2;;;
424171;20260310;133000;153000;4021;5829228;2323;2;;;
423856;20260310;133000;153000;4016;5954579;2317;2;;;
423856;20260310;133000;153000;4016;5879764;2317;2;;;
423871;20260310;154500;164500;4016;5954579;2317;2;;;
423871;20260310;154500;164500;4016;5879764;2317;2;;;
423855;20260303;133000;153000;4016;5954579;1573;2;;;
423855;20260303;133000;153000;4016;5879764;1573;2;;;
423870;20260303;154500;164500;4016;5954579;1573;2;;;
423870;20260303;154500;164500;4016;5879764;1573;2;;;
423854;20260224;133000;153000;4016;5954579;1573;2;;;
423854;20260224;133000;153000;4016;5879764;1573;2;;;
423869;20260224;154500;164500;4016;5954579;1573;2;;;
423869;20260224;154500;164500;4016;5879764;1573;2;;;
423858;20260324;133000;153000;4016;5954579;1616;2;;;
423858;20260324;133000;153000;4016;5879764;1616;2;;;
423873;20260324;154500;164500;4016;5954579;1616;2;;;
423873;20260324;154500;164500;4016;5879764;1616;2;;;
490672;20260210;133000;153000;5961;5788114;2302;2;;;
490672;20260210;133000;153000;5961;6025436;2302;2;;;
490673;20260224;133000;153000;5961;5788114;2302;2;;;
490673;20260224;133000;153000;5961;6025436;2302;2;;;
490674;20260310;133000;153000;5961;5788114;2302;2;;;
490674;20260310;133000;153000;5961;6025436;2302;2;;;
490675;20260324;133000;153000;5961;5788114;2302;2;;;
490675;20260324;133000;153000;5961;6025436;2302;2;;;
490677;20260421;133000;153000;5961;5788114;2302;2;;;
490677;20260421;133000;153000;5961;6025436;2302;2;;;
490679;20260519;133000;153000;5961;5788114;2302;2;;;
490679;20260519;133000;153000;5961;6025436;2302;2;;;
467373;20260508;81500;101500;5961;5788114;515;2;;;
467373;20260508;81500;101500;5961;6025436;515;2;;;
427371;20260209;133000;174500;4046;5723048;2308;2;;;
427373;20260223;133000;174500;4046;5723048;2308;2;;;
427374;20260302;133000;174500;4046;5723048;2308;2;;;
427375;20260309;133000;174500;4046;5723048;2308;2;;;
427376;20260316;133000;174500;4046;5723048;2308;2;;;
427377;20260323;133000;174500;4046;5723048;2308;2;;;
427378;20260330;133000;174500;4046;5723048;2308;2;;;
427381;20260420;133000;174500;4046;5723048;2308;2;;;
427382;20260427;133000;174500;4046;5723048;2308;2;;;
427383;20260504;133000;174500;4046;5723048;2308;2;;;
427384;20260511;133000;174500;4046;5723048;2308;2;;;
427385;20260518;133000;174500;4046;5723048;2308;2;;;
437352;20260209;133000;163000;10344;6081343;2323;2;;;
437352;20260209;133000;163000;10344;6082544;2323;2;;;
437352;20260209;133000;163000;10344;6080997;2323;2;;;
437352;20260209;133000;163000;10344;6081021;2323;2;;;
437354;20260223;133000;163000;10344;6082544;515;2;;;
437354;20260223;133000;163000;10344;6080997;515;2;;;
437354;20260223;133000;163000;10344;6081021;515;2;;;
437373;20260211;91500;123000;10344;6082544;2305;2;;;
437373;20260211;91500;123000;10344;6081049;2305;2;;;
437373;20260211;91500;123000;10344;6081001;2305;2;;;
437373;20260211;91500;123000;10344;6080998;2305;2;;;
437374;20260218;91500;123000;10344;6082544;2305;2;;;
437374;20260218;91500;123000;10344;6081049;2305;2;;;
437374;20260218;91500;123000;10344;6081001;2305;2;;;
437374;20260218;91500;123000;10344;6080998;2305;2;;;
437375;20260225;91500;123000;10344;6082544;2301;2;;;
437375;20260225;91500;123000;10344;6081049;2301;2;;;
437375;20260225;91500;123000;10344;6081001;2301;2;;;
437375;20260225;91500;123000;10344;6080998;2301;2;;;
427174;20260213;103000;123000;4034;5788379;2301;2;;;
427174;20260213;103000;123000;4034;5959473;2301;2;;;
427174;20260213;103000;123000;4034;5807220;2301;2;;;
423816;20260324;91500;101500;4016;5879560;1616;2;;;
423832;20260324;103000;123000;4016;5879560;1616;2;;;
423475;20260212;81500;101500;4018;5954581;2316;2;;;
423476;20260219;81500;101500;4018;5954581;2316;2;;;
423477;20260226;81500;101500;4018;5954581;2316;2;;;
423478;20260305;81500;101500;4018;5954581;2316;2;;;
423479;20260312;81500;101500;4018;5954581;2316;2;;;
423480;20260319;81500;101500;4018;5954581;2316;2;;;
423481;20260326;81500;101500;4018;5954581;2316;2;;;
423482;20260402;81500;101500;4018;5954581;2316;2;;;
423485;20260423;81500;101500;4018;5954581;2316;2;;;
423486;20260430;81500;101500;4018;5954581;2316;2;;;
423487;20260507;81500;101500;4018;5954581;2316;2;;;
423489;20260521;81500;101500;4018;5954581;2316;2;;;
424227;20260212;103000;123000;4021;5959460;520;2;;;
424228;20260219;103000;123000;4021;5959460;520;2;;;
424230;20260305;103000;123000;4021;5959460;520;2;;;
424231;20260312;103000;123000;4021;5959460;520;2;;;
424232;20260319;103000;123000;4021;5959460;520;2;;;
424233;20260326;103000;123000;4021;5959460;520;2;;;
424234;20260402;103000;123000;4021;5959460;520;2;;;
424237;20260423;103000;123000;4021;5959460;520;2;;;
424238;20260430;103000;123000;4021;5959460;520;2;;;
424239;20260507;103000;123000;4021;5959460;520;2;;;
424241;20260521;103000;123000;4021;5959460;520;2;;;
493504;20260220;103000;123000;4017;5954580;1105;2;;;
493504;20260220;103000;123000;4017;5938934;1105;2;;;
493504;20260220;103000;123000;4017;5879357;1105;2;;;
493504;20260220;103000;123000;4017;5997875;1105;2;;;
493504;20260220;103000;123000;4017;5829020;1105;2;;;
493504;20260220;103000;123000;4017;5879561;1105;2;;;
493504;20260220;103000;123000;4017;5879765;1105;2;;;
493504;20260220;103000;123000;4017;5997467;1105;2;;;
493504;20260220;103000;123000;4017;5829224;1105;2;;;
492282;20260217;133000;174500;4043;5937326;2302;2;;;
492282;20260217;133000;174500;4043;5937530;2302;2;;;
490680;20260217;133000;153000;4172;5788114;2303;2;;;
427751;20260211;91500;123000;4035;5937318;2322;2;;;
427751;20260211;91500;123000;4035;5796266;2322;2;;;
493739;20260217;133000;153000;4017;5997467;520;2;;;
493742;20260217;154500;174500;4017;5938934;2319;2;;;
493743;20260220;103000;123000;4017;5997671;2323;2;;;
493768;20260424;103000;123000;4019;5959458;2317;2;;;
493768;20260424;103000;123000;4019;5938936;2317;2;;;
493768;20260424;103000;123000;4019;5954582;2317;2;;;
493768;20260424;103000;123000;4019;5879767;2317;2;;;
493768;20260424;103000;123000;4019;5879359;2317;2;;;
493768;20260424;103000;123000;4019;5829022;2317;2;;;
493768;20260424;103000;123000;4019;5997673;2317;2;;;
493768;20260424;103000;123000;4019;5997469;2317;2;;;
493768;20260424;103000;123000;4019;5829226;2317;2;;;
493768;20260424;103000;123000;4019;5879563;2317;2;;;
494012;20260226;154500;174500;4019;5959458;2317;2;;;
494012;20260226;154500;174500;4019;5997877;2317;2;;;
494012;20260226;154500;174500;4019;5938936;2317;2;;;
494012;20260226;154500;174500;4019;5954582;2317;2;;;
494012;20260226;154500;174500;4019;5879767;2317;2;;;
494012;20260226;154500;174500;4019;5879359;2317;2;;;
494012;20260226;154500;174500;4019;5829022;2317;2;;;
494012;20260226;154500;174500;4019;5997673;2317;2;;;
494012;20260226;154500;174500;4019;5997469;2317;2;;;
494012;20260226;154500;174500;4019;5879563;2317;2;;;
494018;20260423;154500;174500;4019;5959458;2317;2;;;
494018;20260423;154500;174500;4019;5997877;2317;2;;;
494018;20260423;154500;174500;4019;5938936;2317;2;;;
494018;20260423;154500;174500;4019;5954582;2317;2;;;
494018;20260423;154500;174500;4019;5879767;2317;2;;;
494018;20260423;154500;174500;4019;5879359;2317;2;;;
494018;20260423;154500;174500;4019;5829022;2317;2;;;
494018;20260423;154500;174500;4019;5997673;2317;2;;;
494018;20260423;154500;174500;4019;5997469;2317;2;;;
494018;20260423;154500;174500;4019;5879563;2317;2;;;
494020;20260507;154500;174500;4019;5959458;2317;2;;;
494020;20260507;154500;174500;4019;5997877;2317;2;;;
494020;20260507;154500;174500;4019;5938936;2317;2;;;
494020;20260507;154500;174500;4019;5954582;2317;2;;;
494020;20260507;154500;174500;4019;5879767;2317;2;;;
494020;20260507;154500;174500;4019;5879359;2317;2;;;
494020;20260507;154500;174500;4019;5829022;2317;2;;;
494020;20260507;154500;174500;4019;5997673;2317;2;;;
494020;20260507;154500;174500;4019;5997469;2317;2;;;
494020;20260507;154500;174500;4019;5879563;2317;2;;;
494024;20260312;154500;174500;4019;5959458;2317;2;;;
494024;20260312;154500;174500;4019;5997877;2317;2;;;
494024;20260312;154500;174500;4019;5938936;2317;2;;;
494024;20260312;154500;174500;4019;5954582;2317;2;;;
494024;20260312;154500;174500;4019;5879767;2317;2;;;
494024;20260312;154500;174500;4019;5879359;2317;2;;;
494024;20260312;154500;174500;4019;5829022;2317;2;;;
494024;20260312;154500;174500;4019;5997673;2317;2;;;
494024;20260312;154500;174500;4019;5997469;2317;2;;;
494024;20260312;154500;174500;4019;5879563;2317;2;;;
494027;20260305;154500;174500;4019;5959458;2317;2;;;
494027;20260305;154500;174500;4019;5997877;2317;2;;;
494027;20260305;154500;174500;4019;5938936;2317;2;;;
494027;20260305;154500;174500;4019;5954582;2317;2;;;
494027;20260305;154500;174500;4019;5879767;2317;2;;;
494027;20260305;154500;174500;4019;5879359;2317;2;;;
494027;20260305;154500;174500;4019;5829022;2317;2;;;
494027;20260305;154500;174500;4019;5997673;2317;2;;;
494027;20260305;154500;174500;4019;5997469;2317;2;;;
494027;20260305;154500;174500;4019;5879563;2317;2;;;
494030;20260319;154500;174500;4019;5959458;2317;2;;;
494030;20260319;154500;174500;4019;5997877;2317;2;;;
494030;20260319;154500;174500;4019;5938936;2317;2;;;
494030;20260319;154500;174500;4019;5954582;2317;2;;;
494030;20260319;154500;174500;4019;5879767;2317;2;;;
494030;20260319;154500;174500;4019;5879359;2317;2;;;
494030;20260319;154500;174500;4019;5829022;2317;2;;;
494030;20260319;154500;174500;4019;5997673;2317;2;;;
494030;20260319;154500;174500;4019;5997469;2317;2;;;
494030;20260319;154500;174500;4019;5879563;2317;2;;;
494032;20260326;154500;174500;4019;5959458;2317;2;;;
494032;20260326;154500;174500;4019;5997877;2317;2;;;
494032;20260326;154500;174500;4019;5938936;2317;2;;;
494032;20260326;154500;174500;4019;5954582;2317;2;;;
494032;20260326;154500;174500;4019;5879767;2317;2;;;
494032;20260326;154500;174500;4019;5879359;2317;2;;;
494032;20260326;154500;174500;4019;5829022;2317;2;;;
494032;20260326;154500;174500;4019;5997673;2317;2;;;
494032;20260326;154500;174500;4019;5997469;2317;2;;;
494032;20260326;154500;174500;4019;5879563;2317;2;;;
494034;20260402;154500;174500;4019;5959458;2317;2;;;
494034;20260402;154500;174500;4019;5997877;2317;2;;;
494034;20260402;154500;174500;4019;5938936;2317;2;;;
494034;20260402;154500;174500;4019;5954582;2317;2;;;
494034;20260402;154500;174500;4019;5879767;2317;2;;;
494034;20260402;154500;174500;4019;5879359;2317;2;;;
494034;20260402;154500;174500;4019;5829022;2317;2;;;
494034;20260402;154500;174500;4019;5997673;2317;2;;;
494034;20260402;154500;174500;4019;5997469;2317;2;;;
494034;20260402;154500;174500;4019;5879563;2317;2;;;
494037;20260521;154500;174500;4019;5959458;2317;2;;;
494037;20260521;154500;174500;4019;5997877;2317;2;;;
494037;20260521;154500;174500;4019;5938936;2317;2;;;
494037;20260521;154500;174500;4019;5954582;2317;2;;;
494037;20260521;154500;174500;4019;5879767;2317;2;;;
494037;20260521;154500;174500;4019;5879359;2317;2;;;
494037;20260521;154500;174500;4019;5829022;2317;2;;;
494037;20260521;154500;174500;4019;5997673;2317;2;;;
494037;20260521;154500;174500;4019;5997469;2317;2;;;
494037;20260521;154500;174500;4019;5879563;2317;2;;;
427468;20260224;91500;123000;4040;5788182;2323;2;;;
437375;20260225;91500;123000;10344;6082544;1573;2;;;
437375;20260225;91500;123000;10344;6081049;1573;2;;;
437375;20260225;91500;123000;10344;6081001;1573;2;;;
437375;20260225;91500;123000;10344;6080998;1573;2;;;
490681;20260303;133000;153000;4172;6025436;2302;2;;;
490682;20260317;133000;153000;4172;6025436;2302;2;;;
490683;20260331;133000;153000;4172;6025436;2302;2;;;
490685;20260428;133000;153000;4172;6025436;2302;2;;;
490686;20260512;133000;153000;4172;6025436;2302;2;;;
492267;20260212;81500;123000;4253;5916181;2968;2;;;
427152;20260220;103000;123000;4034;5959473;520;2;;;
427154;20260320;103000;123000;4034;5959473;520;2;;;
427155;20260403;103000;123000;4034;5959473;520;2;;;
427153;20260306;103000;123000;4034;5959473;2309;2;;;
423332;20260324;91500;101500;4014;5879354;2322;2;;;
427467;20260217;91500;123000;4040;5788182;2968;2;;;
427469;20260303;91500;123000;4040;5788182;2968;2;;;
427470;20260310;91500;123000;4040;5788182;2968;2;;;
427471;20260317;91500;123000;4040;5788182;2968;2;;;
427472;20260324;91500;123000;4040;5788182;2968;2;;;
427473;20260331;91500;123000;4040;5788182;2968;2;;;
427476;20260421;91500;123000;4040;5788182;2968;2;;;
427477;20260428;91500;123000;4040;5788182;2968;2;;;
427478;20260505;91500;123000;4040;5788182;2968;2;;;
427479;20260512;91500;123000;4040;5788182;2968;2;;;
427480;20260519;91500;123000;4040;5788182;2968;2;;;
427468;20260224;91500;123000;4040;5788182;2968;2;;;
423578;20260303;91500;101500;4016;5938933;2301;2;;;
423579;20260310;91500;101500;4016;5938933;2301;2;;;
423580;20260317;91500;101500;4016;5938933;2301;2;;;
423581;20260324;91500;101500;4016;5938933;2301;2;;;
423582;20260331;91500;101500;4016;5938933;2301;2;;;
423585;20260421;91500;101500;4016;5938933;2301;2;;;
423586;20260428;91500;101500;4016;5938933;2301;2;;;
423587;20260505;91500;101500;4016;5938933;2301;2;;;
423588;20260512;91500;101500;4016;5938933;2301;2;;;
423589;20260519;91500;101500;4016;5938933;2301;2;;;
423591;20260217;103000;123000;4016;5938933;2301;2;;;
423593;20260303;103000;123000;4016;5938933;2301;2;;;
423594;20260310;103000;123000;4016;5938933;2301;2;;;
423595;20260317;103000;123000;4016;5938933;2301;2;;;
423596;20260324;103000;123000;4016;5938933;2301;2;;;
423597;20260331;103000;123000;4016;5938933;2301;2;;;
423600;20260421;103000;123000;4016;5938933;2301;2;;;
423601;20260428;103000;123000;4016;5938933;2301;2;;;
423602;20260505;103000;123000;4016;5938933;2301;2;;;
423603;20260512;103000;123000;4016;5938933;2301;2;;;
423604;20260519;103000;123000;4016;5938933;2301;2;;;
423592;20260224;103000;123000;4016;5938933;2323;2;;;
423577;20260224;91500;101500;4016;5938933;2323;2;;;
467403;20260225;133000;164500;4039;5788181;1573;2;;;
424139;20260224;103000;123000;4021;5829024;1622;2;;;
427470;20260310;91500;123000;4040;5788386;2968;2;;;
427471;20260317;91500;123000;4040;5788386;2968;2;;;
427562;20260310;133000;164500;4039;5788385;2293;2;;;
427563;20260317;133000;164500;4039;5788385;1622;2;;;
492351;20260303;154500;174500;4015;5879355;2299;2;;;
424140;20260303;103000;123000;4021;5829024;1622;2;;;
424141;20260310;103000;123000;4021;5829024;1622;2;;;
424142;20260317;103000;123000;4021;5829024;2308;2;;;
424143;20260324;103000;123000;4021;5829024;2296;2;;;
424144;20260331;103000;123000;4021;5829024;1563;2;;;
424147;20260421;103000;123000;4021;5829024;2296;2;;;
424148;20260428;103000;123000;4021;5829024;1563;2;;;
424149;20260505;103000;123000;4021;5829024;1563;2;;;
424150;20260512;103000;123000;4021;5829024;2296;2;;;
424151;20260519;103000;123000;4021;5829024;2302;2;;;
424693;20260226;154500;174500;4020;5997470;2302;2;;;
424693;20260226;154500;174500;4020;5829023;2302;2;;;
424693;20260226;154500;174500;4020;5879564;2302;2;;;
424693;20260226;154500;174500;4020;5997674;2302;2;;;
424693;20260226;154500;174500;4020;5879768;2302;2;;;
424693;20260226;154500;174500;4020;5879360;2302;2;;;
424693;20260226;154500;174500;4020;5938937;2302;2;;;
424693;20260226;154500;174500;4020;5997878;2302;2;;;
424769;20260227;103000;123000;4020;5829227;2293;2;;;
424769;20260227;103000;123000;4020;5997470;2293;2;;;
424769;20260227;103000;123000;4020;5829023;2293;2;;;
424769;20260227;103000;123000;4020;5879564;2293;2;;;
424769;20260227;103000;123000;4020;5997674;2293;2;;;
424769;20260227;103000;123000;4020;5879768;2293;2;;;
424769;20260227;103000;123000;4020;5879360;2293;2;;;
424769;20260227;103000;123000;4020;5938937;2293;2;;;
424754;20260227;81500;101500;4020;5829227;2293;2;;;
424754;20260227;81500;101500;4020;5997470;2293;2;;;
424754;20260227;81500;101500;4020;5829023;2293;2;;;
424754;20260227;81500;101500;4020;5879564;2293;2;;;
424754;20260227;81500;101500;4020;5997674;2293;2;;;
424754;20260227;81500;101500;4020;5879768;2293;2;;;
424754;20260227;81500;101500;4020;5879360;2293;2;;;
424754;20260227;81500;101500;4020;5938937;2293;2;;;
424679;20260305;133000;153000;4020;5997470;2302;2;;;
424679;20260305;133000;153000;4020;5829023;2302;2;;;
424679;20260305;133000;153000;4020;5879564;2302;2;;;
424679;20260305;133000;153000;4020;5997674;2302;2;;;
424679;20260305;133000;153000;4020;5879768;2302;2;;;
424679;20260305;133000;153000;4020;5879360;2302;2;;;
424679;20260305;133000;153000;4020;5938937;2302;2;;;
424679;20260305;133000;153000;4020;5997878;2302;2;;;
424680;20260312;133000;153000;4020;5997470;2302;2;;;
424680;20260312;133000;153000;4020;5829023;2302;2;;;
424680;20260312;133000;153000;4020;5879564;2302;2;;;
424680;20260312;133000;153000;4020;5997674;2302;2;;;
424680;20260312;133000;153000;4020;5879768;2302;2;;;
424680;20260312;133000;153000;4020;5879360;2302;2;;;
424680;20260312;133000;153000;4020;5938937;2302;2;;;
424680;20260312;133000;153000;4020;5997878;2302;2;;;
424681;20260319;133000;153000;4020;5997470;2302;2;;;
424681;20260319;133000;153000;4020;5829023;2302;2;;;
424681;20260319;133000;153000;4020;5879564;2302;2;;;
424681;20260319;133000;153000;4020;5997674;2302;2;;;
424681;20260319;133000;153000;4020;5879768;2302;2;;;
424681;20260319;133000;153000;4020;5879360;2302;2;;;
424681;20260319;133000;153000;4020;5938937;2302;2;;;
424681;20260319;133000;153000;4020;5997878;2302;2;;;
424682;20260326;133000;153000;4020;5997470;2302;2;;;
424682;20260326;133000;153000;4020;5829023;2302;2;;;
424682;20260326;133000;153000;4020;5879564;2302;2;;;
424682;20260326;133000;153000;4020;5997674;2302;2;;;
424682;20260326;133000;153000;4020;5879768;2302;2;;;
424682;20260326;133000;153000;4020;5879360;2302;2;;;
424682;20260326;133000;153000;4020;5938937;2302;2;;;
424682;20260326;133000;153000;4020;5997878;2302;2;;;
424683;20260402;133000;153000;4020;5997470;2302;2;;;
424683;20260402;133000;153000;4020;5829023;2302;2;;;
424683;20260402;133000;153000;4020;5879564;2302;2;;;
424683;20260402;133000;153000;4020;5997674;2302;2;;;
424683;20260402;133000;153000;4020;5879768;2302;2;;;
424683;20260402;133000;153000;4020;5879360;2302;2;;;
424683;20260402;133000;153000;4020;5938937;2302;2;;;
424683;20260402;133000;153000;4020;5997878;2302;2;;;
424686;20260423;133000;153000;4020;5997470;2302;2;;;
424686;20260423;133000;153000;4020;5829023;2302;2;;;
424686;20260423;133000;153000;4020;5879564;2302;2;;;
424686;20260423;133000;153000;4020;5997674;2302;2;;;
424686;20260423;133000;153000;4020;5879768;2302;2;;;
424686;20260423;133000;153000;4020;5879360;2302;2;;;
424686;20260423;133000;153000;4020;5938937;2302;2;;;
424686;20260423;133000;153000;4020;5997878;2302;2;;;
424688;20260507;133000;153000;4020;5997470;2302;2;;;
424688;20260507;133000;153000;4020;5829023;2302;2;;;
424688;20260507;133000;153000;4020;5879564;2302;2;;;
424688;20260507;133000;153000;4020;5997674;2302;2;;;
424688;20260507;133000;153000;4020;5879768;2302;2;;;
424688;20260507;133000;153000;4020;5879360;2302;2;;;
424688;20260507;133000;153000;4020;5938937;2302;2;;;
424688;20260507;133000;153000;4020;5997878;2302;2;;;
424690;20260521;133000;153000;4020;5997470;2302;2;;;
424690;20260521;133000;153000;4020;5829023;2302;2;;;
424690;20260521;133000;153000;4020;5879564;2302;2;;;
424690;20260521;133000;153000;4020;5997674;2302;2;;;
424690;20260521;133000;153000;4020;5879768;2302;2;;;
424690;20260521;133000;153000;4020;5879360;2302;2;;;
424690;20260521;133000;153000;4020;5938937;2302;2;;;
424690;20260521;133000;153000;4020;5997878;2302;2;;;
424694;20260305;154500;174500;4020;5997470;2302;2;;;
424694;20260305;154500;174500;4020;5829023;2302;2;;;
424694;20260305;154500;174500;4020;5879564;2302;2;;;
424694;20260305;154500;174500;4020;5997674;2302;2;;;
424694;20260305;154500;174500;4020;5879768;2302;2;;;
424694;20260305;154500;174500;4020;5879360;2302;2;;;
424694;20260305;154500;174500;4020;5938937;2302;2;;;
424694;20260305;154500;174500;4020;5997878;2302;2;;;
424695;20260312;154500;174500;4020;5997470;2302;2;;;
424695;20260312;154500;174500;4020;5829023;2302;2;;;
424695;20260312;154500;174500;4020;5879564;2302;2;;;
424695;20260312;154500;174500;4020;5997674;2302;2;;;
424695;20260312;154500;174500;4020;5879768;2302;2;;;
424695;20260312;154500;174500;4020;5879360;2302;2;;;
424695;20260312;154500;174500;4020;5938937;2302;2;;;
424695;20260312;154500;174500;4020;5997878;2302;2;;;
424696;20260319;154500;174500;4020;5997470;2302;2;;;
424696;20260319;154500;174500;4020;5829023;2302;2;;;
424696;20260319;154500;174500;4020;5879564;2302;2;;;
424696;20260319;154500;174500;4020;5997674;2302;2;;;
424696;20260319;154500;174500;4020;5879768;2302;2;;;
424696;20260319;154500;174500;4020;5879360;2302;2;;;
424696;20260319;154500;174500;4020;5938937;2302;2;;;
424696;20260319;154500;174500;4020;5997878;2302;2;;;
424697;20260326;154500;174500;4020;5997470;2302;2;;;
424697;20260326;154500;174500;4020;5829023;2302;2;;;
424697;20260326;154500;174500;4020;5879564;2302;2;;;
424697;20260326;154500;174500;4020;5997674;2302;2;;;
424697;20260326;154500;174500;4020;5879768;2302;2;;;
424697;20260326;154500;174500;4020;5879360;2302;2;;;
424697;20260326;154500;174500;4020;5938937;2302;2;;;
424697;20260326;154500;174500;4020;5997878;2302;2;;;
424698;20260402;154500;174500;4020;5997470;2302;2;;;
424698;20260402;154500;174500;4020;5829023;2302;2;;;
424698;20260402;154500;174500;4020;5879564;2302;2;;;
424698;20260402;154500;174500;4020;5997674;2302;2;;;
424698;20260402;154500;174500;4020;5879768;2302;2;;;
424698;20260402;154500;174500;4020;5879360;2302;2;;;
424698;20260402;154500;174500;4020;5938937;2302;2;;;
424698;20260402;154500;174500;4020;5997878;2302;2;;;
424701;20260423;154500;174500;4020;5997470;2302;2;;;
424701;20260423;154500;174500;4020;5829023;2302;2;;;
424701;20260423;154500;174500;4020;5879564;2302;2;;;
424701;20260423;154500;174500;4020;5997674;2302;2;;;
424701;20260423;154500;174500;4020;5879768;2302;2;;;
424701;20260423;154500;174500;4020;5879360;2302;2;;;
424701;20260423;154500;174500;4020;5938937;2302;2;;;
424701;20260423;154500;174500;4020;5997878;2302;2;;;
424703;20260507;154500;174500;4020;5997470;2302;2;;;
424703;20260507;154500;174500;4020;5829023;2302;2;;;
424703;20260507;154500;174500;4020;5879564;2302;2;;;
424703;20260507;154500;174500;4020;5997674;2302;2;;;
424703;20260507;154500;174500;4020;5879768;2302;2;;;
424703;20260507;154500;174500;4020;5879360;2302;2;;;
424703;20260507;154500;174500;4020;5938937;2302;2;;;
424703;20260507;154500;174500;4020;5997878;2302;2;;;
424705;20260521;154500;174500;4020;5997470;2302;2;;;
424705;20260521;154500;174500;4020;5829023;2302;2;;;
424705;20260521;154500;174500;4020;5879564;2302;2;;;
424705;20260521;154500;174500;4020;5997674;2302;2;;;
424705;20260521;154500;174500;4020;5879768;2302;2;;;
424705;20260521;154500;174500;4020;5879360;2302;2;;;
424705;20260521;154500;174500;4020;5938937;2302;2;;;
424705;20260521;154500;174500;4020;5997878;2302;2;;;
424755;20260306;81500;101500;4020;5829227;2293;2;;;
424755;20260306;81500;101500;4020;5997470;2293;2;;;
424755;20260306;81500;101500;4020;5829023;2293;2;;;
424755;20260306;81500;101500;4020;5879564;2293;2;;;
424755;20260306;81500;101500;4020;5997674;2293;2;;;
424755;20260306;81500;101500;4020;5879768;2293;2;;;
424755;20260306;81500;101500;4020;5879360;2293;2;;;
424755;20260306;81500;101500;4020;5938937;2293;2;;;
424756;20260313;81500;101500;4020;5829227;2293;2;;;
424756;20260313;81500;101500;4020;5997470;2293;2;;;
424756;20260313;81500;101500;4020;5829023;2293;2;;;
424756;20260313;81500;101500;4020;5879564;2293;2;;;
424756;20260313;81500;101500;4020;5997674;2293;2;;;
424756;20260313;81500;101500;4020;5879768;2293;2;;;
424756;20260313;81500;101500;4020;5879360;2293;2;;;
424756;20260313;81500;101500;4020;5938937;2293;2;;;
424757;20260320;81500;101500;4020;5829227;2293;2;;;
424757;20260320;81500;101500;4020;5997470;2293;2;;;
424757;20260320;81500;101500;4020;5829023;2293;2;;;
424757;20260320;81500;101500;4020;5879564;2293;2;;;
424757;20260320;81500;101500;4020;5997674;2293;2;;;
424757;20260320;81500;101500;4020;5879768;2293;2;;;
424757;20260320;81500;101500;4020;5879360;2293;2;;;
424757;20260320;81500;101500;4020;5938937;2293;2;;;
424758;20260327;81500;101500;4020;5829227;2293;2;;;
424758;20260327;81500;101500;4020;5997470;2293;2;;;
424758;20260327;81500;101500;4020;5829023;2293;2;;;
424758;20260327;81500;101500;4020;5879564;2293;2;;;
424758;20260327;81500;101500;4020;5997674;2293;2;;;
424758;20260327;81500;101500;4020;5879768;2293;2;;;
424758;20260327;81500;101500;4020;5879360;2293;2;;;
424758;20260327;81500;101500;4020;5938937;2293;2;;;
424759;20260403;81500;101500;4020;5829227;2293;2;;;
424759;20260403;81500;101500;4020;5997470;2293;2;;;
424759;20260403;81500;101500;4020;5829023;2293;2;;;
424759;20260403;81500;101500;4020;5879564;2293;2;;;
424759;20260403;81500;101500;4020;5997674;2293;2;;;
424759;20260403;81500;101500;4020;5879768;2293;2;;;
424759;20260403;81500;101500;4020;5879360;2293;2;;;
424759;20260403;81500;101500;4020;5938937;2293;2;;;
424762;20260424;81500;101500;4020;5829227;2293;2;;;
424762;20260424;81500;101500;4020;5997470;2293;2;;;
424762;20260424;81500;101500;4020;5829023;2293;2;;;
424762;20260424;81500;101500;4020;5879564;2293;2;;;
424762;20260424;81500;101500;4020;5997674;2293;2;;;
424762;20260424;81500;101500;4020;5879768;2293;2;;;
424762;20260424;81500;101500;4020;5879360;2293;2;;;
424762;20260424;81500;101500;4020;5938937;2293;2;;;
424764;20260508;81500;101500;4020;5829227;2293;2;;;
424764;20260508;81500;101500;4020;5997470;2293;2;;;
424764;20260508;81500;101500;4020;5829023;2293;2;;;
424764;20260508;81500;101500;4020;5879564;2293;2;;;
424764;20260508;81500;101500;4020;5997674;2293;2;;;
424764;20260508;81500;101500;4020;5879768;2293;2;;;
424764;20260508;81500;101500;4020;5879360;2293;2;;;
424764;20260508;81500;101500;4020;5938937;2293;2;;;
424766;20260522;81500;101500;4020;5829227;2293;2;;;
424766;20260522;81500;101500;4020;5997470;2293;2;;;
424766;20260522;81500;101500;4020;5829023;2293;2;;;
424766;20260522;81500;101500;4020;5879564;2293;2;;;
424766;20260522;81500;101500;4020;5997674;2293;2;;;
424766;20260522;81500;101500;4020;5879768;2293;2;;;
424766;20260522;81500;101500;4020;5879360;2293;2;;;
424766;20260522;81500;101500;4020;5938937;2293;2;;;
424770;20260306;103000;123000;4020;5829227;2293;2;;;
424770;20260306;103000;123000;4020;5997470;2293;2;;;
424770;20260306;103000;123000;4020;5829023;2293;2;;;
424770;20260306;103000;123000;4020;5879564;2293;2;;;
424770;20260306;103000;123000;4020;5997674;2293;2;;;
424770;20260306;103000;123000;4020;5879768;2293;2;;;
424770;20260306;103000;123000;4020;5879360;2293;2;;;
424770;20260306;103000;123000;4020;5938937;2293;2;;;
424771;20260313;103000;123000;4020;5829227;2293;2;;;
424771;20260313;103000;123000;4020;5997470;2293;2;;;
424771;20260313;103000;123000;4020;5829023;2293;2;;;
424771;20260313;103000;123000;4020;5879564;2293;2;;;
424771;20260313;103000;123000;4020;5997674;2293;2;;;
424771;20260313;103000;123000;4020;5879768;2293;2;;;
424771;20260313;103000;123000;4020;5879360;2293;2;;;
424771;20260313;103000;123000;4020;5938937;2293;2;;;
424772;20260320;103000;123000;4020;5829227;2293;2;;;
424772;20260320;103000;123000;4020;5997470;2293;2;;;
424772;20260320;103000;123000;4020;5829023;2293;2;;;
424772;20260320;103000;123000;4020;5879564;2293;2;;;
424772;20260320;103000;123000;4020;5997674;2293;2;;;
424772;20260320;103000;123000;4020;5879768;2293;2;;;
424772;20260320;103000;123000;4020;5879360;2293;2;;;
424772;20260320;103000;123000;4020;5938937;2293;2;;;
424773;20260327;103000;123000;4020;5829227;2293;2;;;
424773;20260327;103000;123000;4020;5997470;2293;2;;;
424773;20260327;103000;123000;4020;5829023;2293;2;;;
424773;20260327;103000;123000;4020;5879564;2293;2;;;
424773;20260327;103000;123000;4020;5997674;2293;2;;;
424773;20260327;103000;123000;4020;5879768;2293;2;;;
424773;20260327;103000;123000;4020;5879360;2293;2;;;
424773;20260327;103000;123000;4020;5938937;2293;2;;;
424774;20260403;103000;123000;4020;5829227;2293;2;;;
424774;20260403;103000;123000;4020;5997470;2293;2;;;
424774;20260403;103000;123000;4020;5829023;2293;2;;;
424774;20260403;103000;123000;4020;5879564;2293;2;;;
424774;20260403;103000;123000;4020;5997674;2293;2;;;
424774;20260403;103000;123000;4020;5879768;2293;2;;;
424774;20260403;103000;123000;4020;5879360;2293;2;;;
424774;20260403;103000;123000;4020;5938937;2293;2;;;
424777;20260424;103000;123000;4020;5829227;2293;2;;;
424777;20260424;103000;123000;4020;5997470;2293;2;;;
424777;20260424;103000;123000;4020;5829023;2293;2;;;
424777;20260424;103000;123000;4020;5879564;2293;2;;;
424777;20260424;103000;123000;4020;5997674;2293;2;;;
424777;20260424;103000;123000;4020;5879768;2293;2;;;
424777;20260424;103000;123000;4020;5879360;2293;2;;;
424777;20260424;103000;123000;4020;5938937;2293;2;;;
424779;20260508;103000;123000;4020;5829227;2293;2;;;
424779;20260508;103000;123000;4020;5997470;2293;2;;;
424779;20260508;103000;123000;4020;5829023;2293;2;;;
424779;20260508;103000;123000;4020;5879564;2293;2;;;
424779;20260508;103000;123000;4020;5997674;2293;2;;;
424779;20260508;103000;123000;4020;5879768;2293;2;;;
424779;20260508;103000;123000;4020;5879360;2293;2;;;
424779;20260508;103000;123000;4020;5938937;2293;2;;;
424781;20260522;103000;123000;4020;5829227;2293;2;;;
424781;20260522;103000;123000;4020;5997470;2293;2;;;
424781;20260522;103000;123000;4020;5829023;2293;2;;;
424781;20260522;103000;123000;4020;5879564;2293;2;;;
424781;20260522;103000;123000;4020;5997674;2293;2;;;
424781;20260522;103000;123000;4020;5879768;2293;2;;;
424781;20260522;103000;123000;4020;5879360;2293;2;;;
424781;20260522;103000;123000;4020;5938937;2293;2;;;
423579;20260310;91500;101500;4016;5938933;1573;2;;;
423594;20260310;103000;123000;4016;5938933;1573;2;;;
423580;20260317;91500;101500;4016;5938933;2318;2;;;
423595;20260317;103000;123000;4016;5938933;2318;2;;;
423582;20260331;91500;101500;4016;5938933;2318;2;;;
423597;20260331;103000;123000;4016;5938933;2318;2;;;
423585;20260421;91500;101500;4016;5938933;2318;2;;;
423600;20260421;103000;123000;4016;5938933;2318;2;;;
423586;20260428;91500;101500;4016;5938933;2318;2;;;
423601;20260428;103000;123000;4016;5938933;2318;2;;;
423587;20260505;91500;101500;4016;5938933;2318;2;;;
423602;20260505;103000;123000;4016;5938933;2318;2;;;
423588;20260512;91500;101500;4016;5938933;2318;2;;;
423603;20260512;103000;123000;4016;5938933;2318;2;;;
423589;20260519;91500;101500;4016;5938933;2318;2;;;
423604;20260519;103000;123000;4016;5938933;2318;2;;;
497641;20260316;81500;101500;4018;5879562;515;2;;;
497674;20260303;81500;101500;4015;5997465;1622;2;;;
497675;20260305;81500;101500;4015;5997873;2311;2;;;
491149;20260330;103000;123000;4017;5879561;2295;2;;;
427266;20260302;91500;123000;4037;5872111;2296;2;;;
427267;20260309;91500;123000;4037;5872111;2296;2;;;
427268;20260316;91500;123000;4037;5872111;2296;2;;;
427269;20260323;91500;123000;4037;5872111;2296;2;;;
427270;20260330;91500;123000;4037;5872111;2296;2;;;
427273;20260420;91500;123000;4037;5872111;2296;2;;;
427274;20260427;91500;123000;4037;5872111;2296;2;;;
427275;20260504;91500;123000;4037;5872111;2296;2;;;
427276;20260511;91500;123000;4037;5872111;2296;2;;;
427277;20260518;91500;123000;4037;5872111;2296;2;;;
422951;20260302;81500;101500;4018;5829021;2316;2;;;
422952;20260309;81500;101500;4018;5829021;2316;2;;;
422953;20260316;81500;101500;4018;5829021;2316;2;;;
422954;20260323;81500;101500;4018;5829021;2316;2;;;
422955;20260330;81500;101500;4018;5829021;2316;2;;;
422958;20260420;81500;101500;4018;5829021;2316;2;;;
422959;20260427;81500;101500;4018;5829021;2316;2;;;
422960;20260504;81500;101500;4018;5829021;2316;2;;;
422961;20260511;81500;101500;4018;5829021;2316;2;;;
422962;20260518;81500;101500;4018;5829021;2316;2;;;
423435;20260302;103000;123000;4018;5938935;2316;2;;;
423436;20260309;103000;123000;4018;5938935;2316;2;;;
423437;20260316;103000;123000;4018;5938935;2316;2;;;
423438;20260323;103000;123000;4018;5938935;2316;2;;;
423439;20260330;103000;123000;4018;5938935;2316;2;;;
423442;20260420;103000;123000;4018;5938935;2316;2;;;
423443;20260427;103000;123000;4018;5938935;2316;2;;;
423444;20260504;103000;123000;4018;5938935;2316;2;;;
423445;20260511;103000;123000;4018;5938935;2316;2;;;
423446;20260518;103000;123000;4018;5938935;2316;2;;;
427053;20260306;91500;123000;4036;5872110;2302;2;;;
427054;20260313;91500;123000;4036;5872110;2302;2;;;
427055;20260320;91500;123000;4036;5872110;2302;2;;;
427056;20260327;91500;123000;4036;5872110;2302;2;;;
427057;20260403;91500;123000;4036;5872110;2302;2;;;
427060;20260424;91500;123000;4036;5872110;2302;2;;;
427062;20260508;91500;123000;4036;5872110;2302;2;;;
427064;20260522;91500;123000;4036;5872110;2302;2;;;
423493;20260302;133000;153000;4018;5997672;1120;2;;;
423494;20260309;133000;153000;4018;5997672;2309;2;;;
423548;20260309;154500;174500;4018;5997876;2309;2;;;
423495;20260316;133000;153000;4018;5997672;2309;2;;;
423549;20260316;154500;174500;4018;5997876;2309;2;;;
423496;20260323;133000;153000;4018;5997672;1622;2;;;
423550;20260323;154500;174500;4018;5997876;1622;2;;;
423497;20260330;133000;153000;4018;5997672;1622;2;;;
423551;20260330;154500;174500;4018;5997876;1622;2;;;
423500;20260420;133000;153000;4018;5997672;1622;2;;;
423554;20260420;154500;174500;4018;5997876;1622;2;;;
423501;20260427;133000;153000;4018;5997672;1622;2;;;
423555;20260427;154500;174500;4018;5997876;1622;2;;;
423502;20260504;133000;153000;4018;5997672;2323;2;;;
423556;20260504;154500;174500;4018;5997876;2323;2;;;
423503;20260511;133000;153000;4018;5997672;2323;2;;;
423557;20260511;154500;174500;4018;5997876;2323;2;;;
423504;20260518;133000;153000;4018;5997672;2323;2;;;
423558;20260518;154500;174500;4018;5997876;2323;2;;;
423862;20260421;133000;153000;4016;5954579;2323;2;;;
423862;20260421;133000;153000;4016;5879764;2323;2;;;
423877;20260421;154500;164500;4016;5954579;2323;2;;;
423877;20260421;154500;164500;4016;5879764;2323;2;;;
423865;20260512;133000;153000;4016;5954579;2323;2;;;
423865;20260512;133000;153000;4016;5879764;2323;2;;;
423880;20260512;154500;164500;4016;5954579;2323;2;;;
423880;20260512;154500;164500;4016;5879764;2323;2;;;
423330;20260310;91500;101500;4014;5879354;2322;2;;;
423331;20260317;91500;101500;4014;5879354;2322;2;;;
423333;20260331;91500;101500;4014;5879354;2322;2;;;
423336;20260421;91500;101500;4014;5879354;2322;2;;;
498926;20260428;91500;101500;4014;5879354;2322;2;;;
423338;20260505;91500;101500;4014;5879354;2322;2;;;
498927;20260512;91500;101500;4014;5879354;2322;2;;;
423340;20260519;91500;101500;4014;5879354;2322;2;;;
437397;20260313;133000;163000;10344;6081343;2301;2;;;
437397;20260313;133000;163000;10344;6081035;2301;2;;;
437397;20260313;133000;163000;10344;6082544;2301;2;;;
437397;20260313;133000;163000;10344;6080997;2301;2;;;
437397;20260313;133000;163000;10344;6081046;2301;2;;;
437397;20260313;133000;163000;10344;6081021;2301;2;;;
437398;20260320;133000;163000;10344;6081343;2301;2;;;
437398;20260320;133000;163000;10344;6081035;2301;2;;;
437398;20260320;133000;163000;10344;6082544;2301;2;;;
437398;20260320;133000;163000;10344;6080997;2301;2;;;
437398;20260320;133000;163000;10344;6081046;2301;2;;;
437398;20260320;133000;163000;10344;6081021;2301;2;;;
437399;20260327;133000;163000;10344;6081343;2301;2;;;
437399;20260327;133000;163000;10344;6081035;2301;2;;;
437399;20260327;133000;163000;10344;6082544;2301;2;;;
437399;20260327;133000;163000;10344;6080997;2301;2;;;
437399;20260327;133000;163000;10344;6081046;2301;2;;;
437399;20260327;133000;163000;10344;6081021;2301;2;;;
437437;20260311;91500;123000;10344;6081049;2302;2;;;
437437;20260311;91500;123000;10344;6081001;2302;2;;;
437437;20260311;91500;123000;10344;6080998;2302;2;;;
437438;20260318;91500;123000;10344;6081000;2305;2;;;
437438;20260318;91500;123000;10344;6081044;2305;2;;;
437438;20260318;91500;123000;10344;6081049;2305;2;;;
437438;20260318;91500;123000;10344;6081001;2305;2;;;
437438;20260318;91500;123000;10344;6080998;2305;2;;;
437443;20260422;91500;123000;10344;6081000;515;2;;;
437443;20260422;91500;123000;10344;6081044;515;2;;;
437443;20260422;91500;123000;10344;6081049;515;2;;;
437443;20260422;91500;123000;10344;6081001;515;2;;;
437443;20260422;91500;123000;10344;6080998;515;2;;;
427667;20260310;103000;123000;4042;5937529;2318;2;;;
427667;20260310;103000;123000;4042;6082347;2318;2;;;
427667;20260310;103000;123000;4042;5937325;2318;2;;;
427669;20260324;103000;123000;4042;5937529;2318;2;;;
427669;20260324;103000;123000;4042;6082347;2318;2;;;
427669;20260324;103000;123000;4042;5937325;2318;2;;;
427673;20260421;103000;123000;4042;5937529;1622;2;;;
427673;20260421;103000;123000;4042;6082347;1622;2;;;
427673;20260421;103000;123000;4042;5937325;1622;2;;;
490709;20260327;103000;123000;4042;5937529;2316;2;;;
490710;20260403;103000;123000;4042;5937529;2301;2;;;
490710;20260403;103000;123000;4042;6082347;2301;2;;;
490710;20260403;103000;123000;4042;5937325;2301;2;;;
490713;20260424;103000;123000;4042;5937529;520;2;;;
490713;20260424;103000;123000;4042;6082347;520;2;;;
490713;20260424;103000;123000;4042;5937325;520;2;;;
490696;20260313;81500;101500;4034;5937316;2322;2;;;
490696;20260313;81500;101500;4034;5796264;2322;2;;;
490696;20260313;81500;101500;4034;5937520;2322;2;;;
490689;20260320;81500;101500;4034;5937316;2322;2;;;
490689;20260320;81500;101500;4034;5796264;2322;2;;;
490689;20260320;81500;101500;4034;5937520;2322;2;;;
490697;20260327;81500;101500;4034;5937316;2322;2;;;
490697;20260327;81500;101500;4034;5796264;2322;2;;;
490697;20260327;81500;101500;4034;5937520;2322;2;;;
490690;20260403;81500;101500;4034;5937316;2318;2;;;
490690;20260403;81500;101500;4034;5796264;2318;2;;;
490690;20260403;81500;101500;4034;5937520;2318;2;;;
490699;20260424;81500;101500;4034;5937316;2322;2;;;
490699;20260424;81500;101500;4034;5796264;2322;2;;;
490699;20260424;81500;101500;4034;5937520;2322;2;;;
437437;20260311;91500;123000;10344;6081000;1573;2;;;
437437;20260311;91500;123000;10344;6081044;1573;2;;;
437437;20260311;91500;123000;10344;6081049;1573;2;;;
437437;20260311;91500;123000;10344;6081001;1573;2;;;
437437;20260311;91500;123000;10344;6080998;1573;2;;;
500439;20260311;173000;211500;4100;5777907;2968;7;;;
500440;20260325;173000;211500;4100;5777907;2968;7;;;
490709;20260327;103000;123000;4042;5937529;1622;2;;;
490709;20260327;103000;123000;4042;6082347;1622;2;;;
490709;20260327;103000;123000;4042;5937325;1622;2;;;
427470;20260310;91500;123000;4040;6083407;2968;2;;;
427471;20260317;91500;123000;4040;6083407;2968;2;;;
427473;20260331;91500;123000;4040;6083407;2968;2;;;
491082;20260317;133000;153000;4017;5997467;2323;2;;;
423857;20260317;133000;153000;4016;5954579;520;2;;;
423857;20260317;133000;153000;4016;5879764;520;2;;;
423872;20260317;154500;164500;4016;5954579;520;2;;;
423872;20260317;154500;164500;4016;5879764;520;2;;;
423858;20260324;133000;153000;4016;5954579;2322;2;;;
423858;20260324;133000;153000;4016;5879764;2322;2;;;
423873;20260324;154500;164500;4016;5954579;2322;2;;;
423873;20260324;154500;164500;4016;5879764;2322;2;;;
424278;20260324;133000;153000;4021;5997879;1616;2;;;
424218;20260324;154500;174500;4021;5997471;1616;2;;;
423859;20260331;133000;153000;4016;5954579;515;2;;;
423859;20260331;133000;153000;4016;5879764;515;2;;;
423874;20260331;154500;164500;4016;5954579;515;2;;;
423874;20260331;154500;164500;4016;5879764;515;2;;;
424688;20260507;133000;153000;4020;5997470;521;2;;;
424688;20260507;133000;153000;4020;5829023;521;2;;;
424688;20260507;133000;153000;4020;5879564;521;2;;;
424688;20260507;133000;153000;4020;5997674;521;2;;;
424688;20260507;133000;153000;4020;5879768;521;2;;;
424688;20260507;133000;153000;4020;5879360;521;2;;;
424688;20260507;133000;153000;4020;5938937;521;2;;;
424688;20260507;133000;153000;4020;5997878;521;2;;;
500440;20260326;173000;211500;4100;5777907;2968;7;;;
531123;20260319;173000;211500;4100;5777907;2968;7;;;
531430;20260318;173000;211500;4100;5777907;2968;7;;;
427325;20260320;83000;101500;4034;5872107;1622;2;;;
427325;20260320;83000;101500;4034;5937520;1622;2;;;
531439;20260403;83000;103000;4034;5872107;1622;2;;;
531439;20260403;83000;103000;4034;5937520;1622;2;;;
531440;20260327;103000;123000;4034;5872107;2311;2;;;
541616;20260331;81500;101500;4034;5872107;2323;2;;;
541616;20260331;81500;101500;4034;5937520;2323;2;;;
541614;20260324;133000;153000;4034;5872107;1116;2;;;
541614;20260324;133000;153000;4034;5937520;1116;2;;;
427213;20260424;133000;174500;4037;5799592;2302;2;;;
427215;20260508;133000;174500;4037;5799592;2302;2;;;
548477;20260423;81500;101500;4018;5997876;1622;2;;;
446523;20260403;154500;170000;10349;6081318;515;2;;;
446523;20260403;154500;170000;10349;6081330;515;2;;;
446523;20260403;154500;170000;10349;6081329;515;2;;;
446523;20260403;154500;170000;10349;6081328;515;2;;;
446523;20260403;154500;170000;10349;6081327;515;2;;;
446523;20260403;154500;170000;10349;6081324;515;2;;;
446523;20260403;154500;170000;10349;6081334;515;2;;;
446523;20260403;154500;170000;10349;6081335;515;2;;;
446512;20260403;133000;153000;10349;6081318;515;2;;;
446512;20260403;133000;153000;10349;6081330;515;2;;;
446512;20260403;133000;153000;10349;6081329;515;2;;;
446512;20260403;133000;153000;10349;6081328;515;2;;;
446512;20260403;133000;153000;10349;6081327;515;2;;;
446512;20260403;133000;153000;10349;6081324;515;2;;;
446512;20260403;133000;153000;10349;6081334;515;2;;;
446512;20260403;133000;153000;10349;6081335;515;2;;;
554027;20260519;81500;173000;4041;5788183;2968;2;;;
554027;20260519;81500;173000;4041;5788387;2968;2;;;
554029;20260519;173000;210000;4100;5777907;2968;2;;;
554306;20260402;133000;153000;4034;5788175;1622;2;;;
554306;20260402;133000;153000;4034;5939155;1622;2;;;
427569;20260428;133000;164500;4039;5788385;2308;2;;;
427571;20260512;133000;164500;4039;5788385;2313;2;;;
427477;20260428;91500;123000;4040;5788386;2968;2;;;
427595;20260505;133000;164500;4040;6083407;1563;2;;;
427595;20260505;133000;164500;4040;5788386;1563;2;;;
423615;20260421;133000;153000;4016;5997670;2968;2;;;
423630;20260421;154500;164500;4016;5997670;2968;2;;;
423862;20260421;133000;153000;4016;5997670;2323;2;;;
423877;20260421;154500;164500;4016;5997670;2323;2;;;
423616;20260428;133000;153000;4016;5997670;2968;2;;;
423631;20260428;154500;164500;4016;5997670;2968;2;;;
423863;20260428;133000;153000;4016;5997670;2323;2;;;
423878;20260428;154500;164500;4016;5997670;2323;2;;;
423617;20260505;133000;153000;4016;5997670;2968;2;;;
423632;20260505;154500;164500;4016;5997670;2968;2;;;
423864;20260505;133000;153000;4016;5997670;2323;2;;;
423879;20260505;154500;164500;4016;5997670;2323;2;;;
427479;20260512;91500;123000;4040;5788386;2968;2;;;
541616;20260401;81500;101500;4034;5872107;2302;2;;;
541616;20260401;81500;101500;4034;5937520;2302;2;;;
424282;20260421;133000;153000;4021;5997879;2294;2;;;
424222;20260421;154500;174500;4021;5997471;2294;2;;;
423862;20260421;133000;153000;4016;5954579;2322;2;;;
423862;20260421;133000;153000;4016;5879764;2322;2;;;
423862;20260421;133000;153000;4016;5997670;2322;2;;;
423877;20260421;154500;164500;4016;5954579;2322;2;;;
423877;20260421;154500;164500;4016;5879764;2322;2;;;
423877;20260421;154500;164500;4016;5997670;2322;2;;;
424283;20260428;133000;153000;4021;5997879;2294;2;;;
424223;20260428;154500;174500;4021;5997471;2294;2;;;
423863;20260428;133000;153000;4016;5954579;2322;2;;;
423863;20260428;133000;153000;4016;5879764;2322;2;;;
423863;20260428;133000;153000;4016;5997670;2322;2;;;
423878;20260428;154500;164500;4016;5954579;2322;2;;;
423878;20260428;154500;164500;4016;5879764;2322;2;;;
423878;20260428;154500;164500;4016;5997670;2322;2;;;
424284;20260505;133000;153000;4021;5997879;2294;2;;;
424224;20260505;154500;174500;4021;5997471;2294;2;;;
423864;20260505;133000;153000;4016;5954579;2322;2;;;
423864;20260505;133000;153000;4016;5879764;2322;2;;;
423864;20260505;133000;153000;4016;5997670;2322;2;;;
423879;20260505;154500;164500;4016;5954579;2322;2;;;
423879;20260505;154500;164500;4016;5879764;2322;2;;;
423879;20260505;154500;164500;4016;5997670;2322;2;;;
424285;20260512;133000;153000;4021;5997879;2294;2;;;
424225;20260512;154500;174500;4021;5997471;2294;2;;;
423865;20260512;133000;153000;4016;5954579;2322;2;;;
423865;20260512;133000;153000;4016;5879764;2322;2;;;
423865;20260512;133000;153000;4016;5997670;2322;2;;;
423880;20260512;154500;164500;4016;5954579;2322;2;;;
423880;20260512;154500;164500;4016;5879764;2322;2;;;
423880;20260512;154500;164500;4016;5997670;2322;2;;;
558034;20260402;133000;153000;4172;5788114;2295;2;;;
558034;20260402;133000;153000;4172;6025436;2295;2;;;
494517;20260609;80000;180000;4067;5947258;2317;20;;;
494517;20260609;80000;180000;4067;5872282;2317;20;;;
494517;20260609;80000;180000;4067;5915868;2317;20;;;
494517;20260609;80000;180000;4067;5753167;2317;20;;;
494517;20260609;80000;180000;4067;5937695;2317;20;;;
494517;20260609;80000;180000;4067;5947462;2317;20;;;
494517;20260609;80000;180000;4067;5881920;2317;20;;;
494517;20260609;80000;180000;4067;5838119;2317;20;;;
494517;20260609;80000;180000;4067;5753371;2317;20;;;
494517;20260609;80000;180000;4067;5816355;2317;20;;;
494517;20260609;80000;180000;4067;5849877;2317;20;;;
494517;20260609;80000;180000;4067;5803326;2317;20;;;
494517;20260609;80000;180000;4067;5778336;2317;20;;;
494517;20260609;80000;180000;4067;5752963;2317;20;;;
494517;20260609;80000;180000;4067;5830051;2317;20;;;
494517;20260609;80000;180000;4067;5778132;2317;20;;;
494517;20260609;80000;180000;4067;5924209;2317;20;;;
494517;20260609;80000;180000;4067;6115687;2317;20;;;
494517;20260609;80000;180000;4067;5976621;2317;20;;;
494517;20260609;80000;180000;4067;5889348;2317;20;;;
494518;20260610;80000;180000;4067;5947258;2317;20;;;
494518;20260610;80000;180000;4067;5872282;2317;20;;;
494518;20260610;80000;180000;4067;5915868;2317;20;;;
494518;20260610;80000;180000;4067;5753167;2317;20;;;
494518;20260610;80000;180000;4067;5937695;2317;20;;;
494518;20260610;80000;180000;4067;5947462;2317;20;;;
494518;20260610;80000;180000;4067;5881920;2317;20;;;
494518;20260610;80000;180000;4067;5838119;2317;20;;;
494518;20260610;80000;180000;4067;5753371;2317;20;;;
494518;20260610;80000;180000;4067;5816355;2317;20;;;
494518;20260610;80000;180000;4067;5849877;2317;20;;;
494518;20260610;80000;180000;4067;5803326;2317;20;;;
494518;20260610;80000;180000;4067;5778336;2317;20;;;
494518;20260610;80000;180000;4067;5752963;2317;20;;;
494518;20260610;80000;180000;4067;5830051;2317;20;;;
494518;20260610;80000;180000;4067;5778132;2317;20;;;
494518;20260610;80000;180000;4067;5924209;2317;20;;;
494518;20260610;80000;180000;4067;6115687;2317;20;;;
494518;20260610;80000;180000;4067;5976621;2317;20;;;
494518;20260610;80000;180000;4067;5889348;2317;20;;;
494519;20260611;80000;180000;4067;5947258;2317;20;;;
494519;20260611;80000;180000;4067;5872282;2317;20;;;
494519;20260611;80000;180000;4067;5915868;2317;20;;;
494519;20260611;80000;180000;4067;5753167;2317;20;;;
494519;20260611;80000;180000;4067;5937695;2317;20;;;
494519;20260611;80000;180000;4067;5947462;2317;20;;;
494519;20260611;80000;180000;4067;5881920;2317;20;;;
494519;20260611;80000;180000;4067;5838119;2317;20;;;
494519;20260611;80000;180000;4067;5753371;2317;20;;;
494519;20260611;80000;180000;4067;5816355;2317;20;;;
494519;20260611;80000;180000;4067;5849877;2317;20;;;
494519;20260611;80000;180000;4067;5803326;2317;20;;;
494519;20260611;80000;180000;4067;5778336;2317;20;;;
494519;20260611;80000;180000;4067;5752963;2317;20;;;
494519;20260611;80000;180000;4067;5830051;2317;20;;;
494519;20260611;80000;180000;4067;5778132;2317;20;;;
494519;20260611;80000;180000;4067;5924209;2317;20;;;
494519;20260611;80000;180000;4067;6115687;2317;20;;;
494519;20260611;80000;180000;4067;5976621;2317;20;;;
494519;20260611;80000;180000;4067;5889348;2317;20;;;
494520;20260612;80000;180000;4067;5947258;2317;20;;;
494520;20260612;80000;180000;4067;5872282;2317;20;;;
494520;20260612;80000;180000;4067;5915868;2317;20;;;
494520;20260612;80000;180000;4067;5753167;2317;20;;;
494520;20260612;80000;180000;4067;5937695;2317;20;;;
494520;20260612;80000;180000;4067;5947462;2317;20;;;
494520;20260612;80000;180000;4067;5881920;2317;20;;;
494520;20260612;80000;180000;4067;5838119;2317;20;;;
494520;20260612;80000;180000;4067;5753371;2317;20;;;
494520;20260612;80000;180000;4067;5816355;2317;20;;;
494520;20260612;80000;180000;4067;5849877;2317;20;;;
494520;20260612;80000;180000;4067;5803326;2317;20;;;
494520;20260612;80000;180000;4067;5778336;2317;20;;;
494520;20260612;80000;180000;4067;5752963;2317;20;;;
494520;20260612;80000;180000;4067;5830051;2317;20;;;
494520;20260612;80000;180000;4067;5778132;2317;20;;;
494520;20260612;80000;180000;4067;5924209;2317;20;;;
494520;20260612;80000;180000;4067;6115687;2317;20;;;
494520;20260612;80000;180000;4067;5976621;2317;20;;;
494520;20260612;80000;180000;4067;5889348;2317;20;;;
494510;20260612;123000;143000;4037;5959637;1105;18;;;
494510;20260612;123000;143000;4037;5807020;1105;18;;;
494510;20260612;123000;143000;4037;5872111;1105;18;;;
494510;20260612;123000;143000;4037;5799592;1105;18;;;
494510;20260612;123000;143000;4037;5954601;1105;18;;;
494510;20260612;123000;143000;4037;5777930;1105;18;;;
494521;20260615;80000;180000;4067;5947258;2317;20;;;
494521;20260615;80000;180000;4067;5872282;2317;20;;;
494521;20260615;80000;180000;4067;5915868;2317;20;;;
494521;20260615;80000;180000;4067;5753167;2317;20;;;
494521;20260615;80000;180000;4067;5937695;2317;20;;;
494521;20260615;80000;180000;4067;5947462;2317;20;;;
494521;20260615;80000;180000;4067;5881920;2317;20;;;
494521;20260615;80000;180000;4067;5838119;2317;20;;;
494521;20260615;80000;180000;4067;5753371;2317;20;;;
494521;20260615;80000;180000;4067;5816355;2317;20;;;
494521;20260615;80000;180000;4067;5849877;2317;20;;;
494521;20260615;80000;180000;4067;5803326;2317;20;;;
494521;20260615;80000;180000;4067;5778336;2317;20;;;
494521;20260615;80000;180000;4067;5752963;2317;20;;;
494521;20260615;80000;180000;4067;5830051;2317;20;;;
494521;20260615;80000;180000;4067;5778132;2317;20;;;
494521;20260615;80000;180000;4067;5924209;2317;20;;;
494521;20260615;80000;180000;4067;6115687;2317;20;;;
494521;20260615;80000;180000;4067;5976621;2317;20;;;
494521;20260615;80000;180000;4067;5889348;2317;20;;;
494941;20260901;80000;180000;4067;EK2_2025-26_193628;2317;20;;;
494941;20260901;80000;180000;4067;EK2_2025-26_193683;2317;20;;;
494942;20260902;80000;180000;4067;EK2_2025-26_193628;2317;20;;;
494942;20260902;80000;180000;4067;EK2_2025-26_193683;2317;20;;;
494943;20260903;80000;180000;4067;EK2_2025-26_193628;2317;20;;;
494943;20260903;80000;180000;4067;EK2_2025-26_193683;2317;20;;;
424701;20260423;154500;174500;4020;5997470;2308;2;;;
424701;20260423;154500;174500;4020;5829023;2308;2;;;
424701;20260423;154500;174500;4020;5879564;2308;2;;;
424701;20260423;154500;174500;4020;5997674;2308;2;;;
424701;20260423;154500;174500;4020;5879768;2308;2;;;
424701;20260423;154500;174500;4020;5879360;2308;2;;;
424701;20260423;154500;174500;4020;5938937;2308;2;;;
424701;20260423;154500;174500;4020;5997878;2308;2;;;
563652;20260430;154500;174500;4020;5997470;2302;2;;;
563652;20260430;154500;174500;4020;5829023;2302;2;;;
563652;20260430;154500;174500;4020;5879564;2302;2;;;
563652;20260430;154500;174500;4020;5997674;2302;2;;;
563652;20260430;154500;174500;4020;5879768;2302;2;;;
563652;20260430;154500;174500;4020;5879360;2302;2;;;
563652;20260430;154500;174500;4020;5938937;2302;2;;;
563652;20260430;154500;174500;4020;5997878;2302;2;;;
565146;20260428;91500;123000;10344;6081035;2308;2;;;
565146;20260428;91500;123000;10344;6082544;2308;2;;;
565146;20260428;91500;123000;10344;6080997;2308;2;;;
565146;20260428;91500;123000;10344;6081046;2308;2;;;
565146;20260428;91500;123000;10344;6081021;2308;2;;;
565147;20260428;133000;164500;10344;6081035;2299;2;;;
565147;20260428;133000;164500;10344;6082544;2299;2;;;
565147;20260428;133000;164500;10344;6080997;2299;2;;;
565147;20260428;133000;164500;10344;6081046;2299;2;;;
565147;20260428;133000;164500;10344;6081021;2299;2;;;
565148;20260512;80000;124500;4043;5937326;2326;2;;;
565148;20260512;80000;124500;4043;5937530;2326;2;;;
565149;20260512;131500;174500;4043;5937326;2326;2;;;
565149;20260512;131500;174500;4043;5937530;2326;2;;;
490678;20260505;133000;153000;4172;6025436;2293;2;;;
467412;20260429;133000;164500;4039;5788181;2301;2;;;
568026;20260521;133000;153000;4020;5997470;2319;2;;;
568026;20260521;133000;153000;4020;5829023;2319;2;;;
568026;20260521;133000;153000;4020;5879564;2319;2;;;
568026;20260521;133000;153000;4020;5997674;2319;2;;;
568026;20260521;133000;153000;4020;5879768;2319;2;;;
568026;20260521;133000;153000;4020;5879360;2319;2;;;
568026;20260521;133000;153000;4020;5938937;2319;2;;;
568026;20260521;133000;153000;4020;5997878;2319;2;;;
568029;20260521;154500;174500;4020;5997470;2302;2;;;
568029;20260521;154500;174500;4020;5829023;2302;2;;;
568029;20260521;154500;174500;4020;5879564;2302;2;;;
568029;20260521;154500;174500;4020;5997674;2302;2;;;
568029;20260521;154500;174500;4020;5879768;2302;2;;;
568029;20260521;154500;174500;4020;5879360;2302;2;;;
568029;20260521;154500;174500;4020;5938937;2302;2;;;
568029;20260521;154500;174500;4020;5997878;2302;2;;;
568030;20260522;81500;101500;4020;5829227;2293;2;;;
568030;20260522;81500;101500;4020;5997470;2293;2;;;
568030;20260522;81500;101500;4020;5829023;2293;2;;;
568030;20260522;81500;101500;4020;5879564;2293;2;;;
568030;20260522;81500;101500;4020;5997674;2293;2;;;
568030;20260522;81500;101500;4020;5879768;2293;2;;;
568030;20260522;81500;101500;4020;5879360;2293;2;;;
568030;20260522;81500;101500;4020;5938937;2293;2;;;
568031;20260522;103000;123000;4020;5829227;2293;2;;;
568031;20260522;103000;123000;4020;5997470;2293;2;;;
568031;20260522;103000;123000;4020;5829023;2293;2;;;
568031;20260522;103000;123000;4020;5879564;2293;2;;;
568031;20260522;103000;123000;4020;5997674;2293;2;;;
568031;20260522;103000;123000;4020;5879768;2293;2;;;
568031;20260522;103000;123000;4020;5879360;2293;2;;;
568031;20260522;103000;123000;4020;5938937;2293;2;;;
568029;20260521;154500;174500;4020;5997470;2319;2;;;
568029;20260521;154500;174500;4020;5829023;2319;2;;;
568029;20260521;154500;174500;4020;5879564;2319;2;;;
568029;20260521;154500;174500;4020;5997674;2319;2;;;
568029;20260521;154500;174500;4020;5879768;2319;2;;;
568029;20260521;154500;174500;4020;5879360;2319;2;;;
568029;20260521;154500;174500;4020;5938937;2319;2;;;
568029;20260521;154500;174500;4020;5997878;2319;2;;;
568961;20260518;91500;123000;4036;5799591;2294;2;;;
427675;20260505;103000;123000;4042;5937529;515;2;;;
427675;20260505;103000;123000;4042;6082347;515;2;;;
427675;20260505;103000;123000;4042;5937325;515;2;;;
427676;20260512;103000;123000;4042;5937529;515;2;;;
427676;20260512;103000;123000;4042;6082347;515;2;;;
427676;20260512;103000;123000;4042;5937325;515;2;;;
570756;20260520;133000;153000;4016;5997874;2294;2;;;
427477;20260428;91500;123000;4040;6083407;2968;2;;;
427478;20260505;91500;123000;4040;6083407;2968;2;;;
427479;20260512;91500;123000;4040;6083407;2968;2;;;
574340;20260429;133000;164500;10344;6081035;2308;2;;;
574340;20260429;133000;164500;10344;6082544;2308;2;;;
574340;20260429;133000;164500;10344;6081046;2308;2;;;
574341;20260513;133000;164500;10344;6081035;2308;2;;;
574341;20260513;133000;164500;10344;6082544;2308;2;;;
574341;20260513;133000;164500;10344;6081046;2308;2;;;
423798;20260511;103000;123000;4016;6083382;2304;2;;;
423798;20260511;103000;123000;4016;5879356;2304;2;;;
423783;20260511;91500;101500;4016;6083382;2304;2;;;
423783;20260511;91500;101500;4016;5879356;2304;2;;;
579749;20260518;93000;123000;4014;5997668;2317;2;;;
579750;20260518;133000;164500;4014;5938931;2317;2;;;
423532;20260507;103000;123000;4018;5879562;1116;2;;;
423532;20260507;103000;123000;4018;5879358;1116;2;;;
581051;20260521;103000;123000;4172;5788114;520;2;;;
581051;20260521;103000;123000;4172;6025436;520;2;;;
586841;20260518;103000;123000;4034;5937316;2301;2;;;
586841;20260518;103000;123000;4034;5796264;2301;2;;;
597746;20260616;123000;133000;4039;;2299;1;;;
597747;20260616;140000;160000;4039;;2299;1;;;
598043;20260616;90000;110000;4034;;2301;22;;;
601231;20260831;83000;123000;4043;EK2_2025-26_193603;1594;16;;;
601231;20260831;83000;123000;4043;EK2_2025-26_193664;1594;16;;;
601206;20260825;83000;123000;4041;EK2_2025-26_193601;1594;16;;;
601206;20260825;83000;123000;4041;EK2_2025-26_193662;1594;16;;;
601291;20260831;83000;123000;4155;EK2_2025-26_193720;1594;16;;;
597747;20260616;140000;160000;4039;;2299;22;;;
597746;20260616;123000;133000;4039;;2299;22;;;
605784;20260616;90000;110000;5961;;2301;22;;;
610481;20260616;123000;140000;4177;;2299;22;;;
610482;20260616;143000;170000;4177;;2299;22;;;
611145;20260616;123000;153000;10348;;2299;22;;;
611226;20260616;90000;110000;4014;;2301;22;;;
611890;20260616;90000;110000;4008;;2301;22;;;
612678;20260616;90000;110000;4079;;2301;22;;;
612688;20260616;123000;153000;4021;;2299;22;;;
612689;20260616;90000;110000;4080;;2301;22;;;
614208;20260616;123000;153000;4040;;2301;22;;;
614209;20260616;154500;164500;4040;;2301;22;;;
614061;20260616;123000;153000;4070;;2299;22;;;
616160;20260616;153000;173000;4015;;2301;22;;;
614208;20260616;123000;153000;4040;;2299;22;;;
614209;20260616;154500;164500;4040;;2299;22;;;
612689;20260616;90000;110000;4017;;2301;22;;;
621139;20260616;123000;143000;4037;;2299;24;;;
621124;20260616;90000;110000;4035;;2301;22;;;
612678;20260616;90000;110000;4016;;2301;22;;;
632816;20260904;90000;110000;4016;;2301;22;;;
632812;20260904;90000;110000;4026;;1105;24;;;
632802;20260904;153000;170000;4179;;2299;22;;;
632801;20260904;123000;150000;4179;;2299;22;;;
634795;20260904;90000;110000;4025;;2301;22;;;
