LectureId,DateKey,FromTimeKey,UntilTimeKey,ClassKey,SubgroupKey,RoomKey,ActivityKey,UserCount,TotalStudents,AttendanceRate
323204,20250511,84500,123000,4792,5732013,1122,2,,,
323204,20250511,81500,101500,4792,5732013,1122,2,,,
323204,20250511,84500,123000,4792,5900316,1122,2,,,
323204,20250511,81500,101500,4792,5900316,1122,2,,,
323204,20250511,84500,123000,4792,5900372,1122,2,,,
323204,20250511,81500,101500,4792,5900372,1122,2,,,
323204,20250511,84500,123000,4792,5974368,1122,2,,,
323204,20250511,81500,101500,4792,5974368,1122,2,,,
323204,20250511,84500,123000,4792,6048581,1122,2,,,
323204,20250511,81500,101500,4792,6048581,1122,2,,,
363674,20251028,133000,163000,6410,5722837,1574,2,,,
363674,20251028,133000,163000,6410,5722837,1120,2,,,
363779,20250929,91500,123000,6412,5722839,2295,2,,,
363779,20250929,91500,123000,6412,5722839,2295,2,,,
363779,20250929,91500,123000,6412,5722839,515,2,,,
363781,20251013,91500,123000,6412,5722839,2295,2,,,
363781,20251013,91500,123000,6412,5722839,515,2,,,
363782,20251020,91500,123000,6412,5722839,2295,2,,,
363782,20251020,91500,123000,6412,5722839,515,2,,,
363783,20251027,91500,123000,6412,5722839,2295,2,,,
363783,20251027,91500,123000,6412,5722839,515,2,,,
363784,20250311,91500,123000,6412,5722839,2295,2,,,
363784,20250311,91500,123000,6412,5722839,515,2,,,
363785,20251117,91500,123000,6412,5722839,2295,2,,,
363785,20251117,91500,123000,6412,5722839,515,2,,,
363792,20250929,133000,153000,6414,5722841,1614,2,,,
363792,20250929,133000,153000,6414,5722841,1118,2,,,
363812,20250112,133000,174500,6407,5722844,1614,2,,,
363812,20250112,133000,174500,6407,5722844,1607,2,,,
364673,20250710,133000,153000,4019,5777000,1111,2,,,
364673,20250710,133000,153000,4019,5777000,1111,2,,,
364673,20250710,133000,153000,4019,5777335,1111,2,,,
364673,20250710,133000,153000,4019,5777335,1111,2,,,
364673,20250710,133000,153000,4019,5893259,1111,2,,,
364673,20250710,133000,153000,4019,5893259,1111,2,,,
364673,20250710,133000,153000,4019,5899994,1111,2,,,
364673,20250710,133000,153000,4019,5899994,1111,2,,,
364673,20250710,133000,153000,4019,6140313,1111,2,,,
364673,20250710,133000,153000,4019,6140313,1111,2,,,
364673,20250710,133000,153000,4019,6140859,1111,2,,,
364673,20250710,133000,153000,4019,6140859,1111,2,,,
365320,20251028,81500,101500,5539,5769422,1122,2,,,
365320,20251028,81500,101500,5539,5769422,1556,2,,,
365320,20251028,81500,101500,5539,5869581,1122,2,,,
365320,20251028,81500,101500,5539,5869581,1556,2,,,
365322,20251118,81500,101500,5539,5769422,1113,2,,,
365322,20251118,81500,101500,5539,5769422,1574,2,,,
365322,20251118,81500,101500,5539,5769422,1556,2,,,
365322,20251118,81500,101500,5539,5869581,1113,2,,,
365322,20251118,81500,101500,5539,5869581,1574,2,,,
365322,20251118,81500,101500,5539,5869581,1556,2,,,
365324,20250212,81500,101500,5539,5769422,1111,2,,,
365324,20250212,81500,101500,5539,5769422,1556,2,,,
365324,20250212,81500,101500,5539,5869581,1111,2,,,
365324,20250212,81500,101500,5539,5869581,1556,2,,,
365325,20250912,81500,101500,5539,5769422,1111,2,,,
365325,20250912,81500,101500,5539,5769422,1556,2,,,
365325,20250912,81500,101500,5539,5869581,1111,2,,,
365325,20250912,81500,101500,5539,5869581,1556,2,,,
365326,20251216,81500,101500,5539,5769422,1111,2,,,
365326,20251216,81500,101500,5539,5769422,1556,2,,,
365326,20251216,81500,101500,5539,5869581,1111,2,,,
365326,20251216,81500,101500,5539,5869581,1556,2,,,
367038,20251118,154500,174500,10790,6069978,1122,2,,,
367038,20251118,154500,174500,10790,6069978,1553,2,,,
367038,20251118,154500,174500,10790,6070080,1122,2,,,
367038,20251118,154500,174500,10790,6070080,1553,2,,,
367039,20251125,154500,174500,10790,6069978,1122,2,,,
367039,20251125,154500,174500,10790,6069978,1553,2,,,
367039,20251125,154500,174500,10790,6070080,1122,2,,,
367039,20251125,154500,174500,10790,6070080,1553,2,,,
367040,20250212,154500,174500,10790,6069978,1122,2,,,
367040,20250212,154500,174500,10790,6069978,1553,2,,,
367040,20250212,154500,174500,10790,6070080,1122,2,,,
367040,20250212,154500,174500,10790,6070080,1553,2,,,
367041,20250912,154500,174500,10790,6069978,1122,2,,,
367041,20250912,154500,174500,10790,6069978,1553,2,,,
367041,20250912,154500,174500,10790,6070080,1122,2,,,
367041,20250912,154500,174500,10790,6070080,1553,2,,,
367042,20251216,154500,174500,10790,6069978,1122,2,,,
367042,20251216,154500,174500,10790,6069978,1553,2,,,
367042,20251216,154500,174500,10790,6070080,1122,2,,,
367042,20251216,154500,174500,10790,6070080,1553,2,,,
368578,20251015,81500,101500,4452,5758035,1574,7,,,
368578,20251015,81500,101500,4452,5758035,1574,7,,,
368578,20251015,81500,101500,4452,5758035,1574,7,,,
368578,20251015,81500,101500,4452,5853570,1574,7,,,
368578,20251015,81500,101500,4452,5853570,1574,7,,,
368578,20251015,81500,101500,4452,5853570,1574,7,,,
368578,20251015,81500,101500,4452,5914962,1574,7,,,
368578,20251015,81500,101500,4452,5914962,1574,7,,,
368578,20251015,81500,101500,4452,5914962,1574,7,,,
368578,20251015,81500,101500,4452,5922489,1574,7,,,
368578,20251015,81500,101500,4452,5922489,1574,7,,,
368578,20251015,81500,101500,4452,5922489,1574,7,,,
368590,20251016,81500,101500,4452,5906074,1572,7,,,
368590,20251016,81500,101500,4452,5906074,1572,7,,,
368590,20251016,81500,101500,4452,5906074,1572,7,,,
368590,20251016,81500,101500,4452,5990991,1572,7,,,
368590,20251016,81500,101500,4452,5990991,1572,7,,,
368590,20251016,81500,101500,4452,5990991,1572,7,,,
368591,20251023,103000,123000,4452,5750480,1550,7,,,
368591,20251023,103000,123000,4452,5750480,1550,7,,,
368591,20251023,103000,123000,4452,5750480,1550,7,,,
368591,20251023,103000,123000,4452,5758035,1550,7,,,
368591,20251023,103000,123000,4452,5758035,1550,7,,,
368591,20251023,103000,123000,4452,5758035,1550,7,,,
368591,20251023,103000,123000,4452,5818506,1550,7,,,
368591,20251023,103000,123000,4452,5818506,1550,7,,,
368591,20251023,103000,123000,4452,5818506,1550,7,,,
368591,20251023,103000,123000,4452,5853570,1550,7,,,
368591,20251023,103000,123000,4452,5853570,1550,7,,,
368591,20251023,103000,123000,4452,5853570,1550,7,,,
368608,20251015,133000,153000,4452,5757958,1607,7,,,
368608,20251015,133000,153000,4452,5757958,1607,7,,,
368608,20251015,133000,153000,4452,5757958,1607,7,,,
368608,20251015,133000,153000,4452,5853493,1607,7,,,
368608,20251015,133000,153000,4452,5853493,1607,7,,,
368608,20251015,133000,153000,4452,5853493,1607,7,,,
368608,20251015,133000,153000,4452,6117303,1607,7,,,
368608,20251015,133000,153000,4452,6117303,1607,7,,,
368608,20251015,133000,153000,4452,6117303,1607,7,,,
368608,20251015,133000,153000,4452,6117393,1607,7,,,
368608,20251015,133000,153000,4452,6117393,1607,7,,,
368608,20251015,133000,153000,4452,6117393,1607,7,,,
368609,20251020,154500,174500,4452,6117303,1572,7,,,
368609,20251020,154500,174500,4452,6117303,1572,7,,,
368609,20251020,154500,174500,4452,6117393,1572,7,,,
368609,20251020,154500,174500,4452,6117393,1572,7,,,
368827,20251020,133000,153000,4599,5804321,2301,7,,,
368827,20251020,133000,153000,4599,5804321,1113,7,,,
368827,20251020,133000,153000,4599,5836841,2301,7,,,
368827,20251020,133000,153000,4599,5836841,1113,7,,,
368827,20251020,133000,153000,4599,6145507,2301,7,,,
368827,20251020,133000,153000,4599,6145507,1113,7,,,
368852,20250212,133000,153000,4599,5776929,520,7,,,
368852,20250212,133000,153000,4599,5776929,520,7,,,
368852,20250212,133000,153000,4599,5842541,520,7,,,
368852,20250212,133000,153000,4599,5842541,520,7,,,
368852,20250212,133000,153000,4599,5976932,520,7,,,
368852,20250212,133000,153000,4599,5976932,520,7,,,
368852,20250212,133000,153000,4599,5977009,520,7,,,
368852,20250212,133000,153000,4599,5977009,520,7,,,
368852,20250212,133000,153000,4599,6043826,520,7,,,
368852,20250212,133000,153000,4599,6043826,520,7,,,
368852,20250212,133000,153000,4599,6043910,520,7,,,
368852,20250212,133000,153000,4599,6043910,520,7,,,
368885,20250212,154500,174500,4599,5804398,520,7,,,
368885,20250212,154500,174500,4599,5804398,520,7,,,
368885,20250212,154500,174500,4599,5804475,520,7,,,
368885,20250212,154500,174500,4599,5804475,520,7,,,
368885,20250212,154500,174500,4599,5804552,520,7,,,
368885,20250212,154500,174500,4599,5804552,520,7,,,
368885,20250212,154500,174500,4599,5829286,520,7,,,
368885,20250212,154500,174500,4599,5829286,520,7,,,
368892,20250312,154500,174500,4453,5906116,853,7,,,
368892,20250312,154500,174500,4453,5906116,853,7,,,
368892,20250312,154500,174500,4453,5991033,853,7,,,
368892,20250312,154500,174500,4453,5991033,853,7,,,
368943,20251117,154500,174500,4453,6117304,853,7,,,
368943,20251117,154500,174500,4453,6117304,853,7,,,
368943,20251121,154500,174500,4453,6117304,853,7,,,
368943,20251117,154500,174500,4453,6117394,853,7,,,
368943,20251117,154500,174500,4453,6117394,853,7,,,
368943,20251121,154500,174500,4453,6117394,853,7,,,
368944,20250312,133000,153000,4453,6117304,853,7,,,
368944,20250312,133000,153000,4453,6117304,853,7,,,
368944,20250312,133000,153000,4453,6117394,853,7,,,
368944,20250312,133000,153000,4453,6117394,853,7,,,
370731,20250611,154500,174500,3558,5805680,1108,2,,,
370731,20250611,154500,174500,3558,5805680,1108,2,,,
370731,20250611,154500,174500,3558,5805722,1108,2,,,
370731,20250611,154500,174500,3558,5805722,1108,2,,,
370731,20250611,154500,174500,3558,5805764,1108,2,,,
370731,20250611,154500,174500,3558,5805764,1108,2,,,
370731,20250611,154500,174500,3558,5805806,1108,2,,,
370731,20250611,154500,174500,3558,5805806,1108,2,,,
370731,20250611,154500,174500,3558,5978159,1108,2,,,
370731,20250611,154500,174500,3558,5978159,1108,2,,,
370731,20250611,154500,174500,3558,5978201,1108,2,,,
370731,20250611,154500,174500,3558,5978201,1108,2,,,
370731,20250611,154500,174500,3558,6048736,1108,2,,,
370731,20250611,154500,174500,3558,6048736,1108,2,,,
370731,20250611,154500,174500,3558,6067690,1108,2,,,
370731,20250611,154500,174500,3558,6067690,1108,2,,,
370731,20250611,154500,174500,3558,6067744,1108,2,,,
370731,20250611,154500,174500,3558,6067744,1108,2,,,
370731,20250611,154500,174500,3558,6067798,1108,2,,,
370731,20250611,154500,174500,3558,6067798,1108,2,,,
370731,20250611,154500,174500,3558,6067852,1108,2,,,
370731,20250611,154500,174500,3558,6067852,1108,2,,,
370731,20250611,154500,174500,3558,6067906,1108,2,,,
370731,20250611,154500,174500,3558,6067906,1108,2,,,
370731,20250611,154500,174500,3558,6067960,1108,2,,,
370731,20250611,154500,174500,3558,6067960,1108,2,,,
370731,20250611,154500,174500,3558,6068014,1108,2,,,
370731,20250611,154500,174500,3558,6068014,1108,2,,,
370801,20251013,154500,174500,4537,5825893,1113,2,,,
370801,20251013,154500,174500,4537,5825893,1113,2,,,
370801,20251013,154500,174500,4537,5825970,1113,2,,,
370801,20251013,154500,174500,4537,5825970,1113,2,,,
370801,20251013,154500,174500,4537,5826047,1113,2,,,
370801,20251013,154500,174500,4537,5826047,1113,2,,,
370801,20251013,154500,174500,4537,5826124,1113,2,,,
370801,20251013,154500,174500,4537,5826124,1113,2,,,
370801,20251013,154500,174500,4537,5878889,1113,2,,,
370801,20251013,154500,174500,4537,5878889,1113,2,,,
370801,20251013,154500,174500,4537,5983441,1113,2,,,
370801,20251013,154500,174500,4537,5983441,1113,2,,,
370805,20250610,154500,174500,4537,5825893,1113,2,,,
370805,20250610,154500,174500,4537,5825893,1113,2,,,
370805,20250610,154500,174500,4537,5825970,1113,2,,,
370805,20250610,154500,174500,4537,5825970,1113,2,,,
370805,20250610,154500,174500,4537,5826047,1113,2,,,
370805,20250610,154500,174500,4537,5826047,1113,2,,,
370805,20250610,154500,174500,4537,5826124,1113,2,,,
370805,20250610,154500,174500,4537,5826124,1113,2,,,
370805,20250610,154500,174500,4537,5878889,1113,2,,,
370805,20250610,154500,174500,4537,5878889,1113,2,,,
370805,20250610,154500,174500,4537,5983441,1113,2,,,
370805,20250610,154500,174500,4537,5983441,1113,2,,,
370806,20250610,133000,153000,4537,5833371,1113,2,,,
370806,20250610,133000,153000,4537,5833371,1113,2,,,
370806,20250610,133000,153000,4537,5833448,1113,2,,,
370806,20250610,133000,153000,4537,5833448,1113,2,,,
370806,20250610,133000,153000,4537,5941231,1113,2,,,
370806,20250610,133000,153000,4537,5941231,1113,2,,,
370806,20250610,133000,153000,4537,5948709,1113,2,,,
370806,20250610,133000,153000,4537,5948709,1113,2,,,
370806,20250610,133000,153000,4537,5948786,1113,2,,,
370806,20250610,133000,153000,4537,5948786,1113,2,,,
370806,20250610,133000,153000,4537,5983364,1113,2,,,
370806,20250610,133000,153000,4537,5983364,1113,2,,,
370807,20250922,154500,174500,4537,5825893,1113,2,,,
370807,20250922,154500,174500,4537,5825893,1113,2,,,
370807,20250922,154500,174500,4537,5825970,1113,2,,,
370807,20250922,154500,174500,4537,5825970,1113,2,,,
370807,20250922,154500,174500,4537,5826047,1113,2,,,
370807,20250922,154500,174500,4537,5826047,1113,2,,,
370807,20250922,154500,174500,4537,5826124,1113,2,,,
370807,20250922,154500,174500,4537,5826124,1113,2,,,
370807,20250922,154500,174500,4537,5878889,1113,2,,,
370807,20250922,154500,174500,4537,5878889,1113,2,,,
370807,20250922,154500,174500,4537,5983441,1113,2,,,
370807,20250922,154500,174500,4537,5983441,1113,2,,,
370809,20251020,154500,174500,4537,5825893,1113,2,,,
370809,20251020,154500,174500,4537,5825893,1118,2,,,
370809,20251020,154500,174500,4537,5825970,1113,2,,,
370809,20251020,154500,174500,4537,5825970,1118,2,,,
370809,20251020,154500,174500,4537,5826047,1113,2,,,
370809,20251020,154500,174500,4537,5826047,1118,2,,,
370809,20251020,154500,174500,4537,5826124,1113,2,,,
370809,20251020,154500,174500,4537,5826124,1118,2,,,
370809,20251020,154500,174500,4537,5878889,1113,2,,,
370809,20251020,154500,174500,4537,5878889,1118,2,,,
370809,20251020,154500,174500,4537,5983441,1113,2,,,
370809,20251020,154500,174500,4537,5983441,1118,2,,,
370819,20251027,154500,174500,4537,5825893,1113,2,,,
370819,20251027,154500,174500,4537,5825893,1113,2,,,
370819,20251027,154500,174500,4537,5825970,1113,2,,,
370819,20251027,154500,174500,4537,5825970,1113,2,,,
370819,20251027,154500,174500,4537,5826047,1113,2,,,
370819,20251027,154500,174500,4537,5826047,1113,2,,,
370819,20251027,154500,174500,4537,5826124,1113,2,,,
370819,20251027,154500,174500,4537,5826124,1113,2,,,
370819,20251027,154500,174500,4537,5878889,1113,2,,,
370819,20251027,154500,174500,4537,5878889,1113,2,,,
370819,20251027,154500,174500,4537,5983441,1113,2,,,
370819,20251027,154500,174500,4537,5983441,1113,2,,,
370823,20250812,154500,174500,4537,5825893,1113,2,,,
370823,20250812,154500,174500,4537,5825893,1113,2,,,
370823,20250812,154500,174500,4537,5825970,1113,2,,,
370823,20250812,154500,174500,4537,5825970,1113,2,,,
370823,20250812,154500,174500,4537,5826047,1113,2,,,
370823,20250812,154500,174500,4537,5826047,1113,2,,,
370823,20250812,154500,174500,4537,5826124,1113,2,,,
370823,20250812,154500,174500,4537,5826124,1113,2,,,
370823,20250812,154500,174500,4537,5878889,1113,2,,,
370823,20250812,154500,174500,4537,5878889,1113,2,,,
370823,20250812,154500,174500,4537,5983441,1113,2,,,
370823,20250812,154500,174500,4537,5983441,1113,2,,,
370936,20250925,103000,123000,4548,5948710,853,9,,,
370936,20250925,103000,123000,4548,5948710,853,9,,,
370937,20250910,103000,123000,4548,5948710,853,9,,,
370937,20250910,103000,123000,4548,5948710,853,9,,,
370938,20251023,103000,123000,4548,5948710,853,9,,,
370938,20251023,103000,123000,4548,5948710,853,9,,,
370939,20250611,103000,123000,4548,5948710,853,9,,,
370939,20250611,103000,123000,4548,5948710,853,9,,,
370940,20251120,103000,123000,4548,5948710,853,9,,,
370940,20251120,103000,123000,4548,5948710,853,9,,,
370941,20250412,103000,123000,4548,5948710,853,9,,,
370941,20250412,103000,123000,4548,5948710,853,9,,,
370942,20250210,81500,101500,4548,5941232,853,9,,,
370942,20250210,81500,101500,4548,5941232,853,9,,,
370942,20250210,81500,101500,4548,5983365,853,9,,,
370942,20250210,81500,101500,4548,5983365,853,9,,,
370943,20251016,81500,101500,4548,5941232,853,9,,,
370943,20251016,81500,101500,4548,5941232,853,9,,,
370943,20251016,81500,101500,4548,5983365,853,9,,,
370943,20251016,81500,101500,4548,5983365,853,9,,,
370944,20251030,81500,101500,4548,5941232,853,9,,,
370944,20251030,81500,101500,4548,5941232,853,9,,,
370944,20251030,81500,101500,4548,5983365,853,9,,,
370944,20251030,81500,101500,4548,5983365,853,9,,,
370945,20251113,81500,101500,4548,5941232,853,9,,,
370945,20251113,81500,101500,4548,5941232,853,9,,,
370945,20251113,81500,101500,4548,5983365,853,9,,,
370945,20251113,81500,101500,4548,5983365,853,9,,,
370946,20251127,81500,101500,4548,5941232,853,9,,,
370946,20251127,81500,101500,4548,5941232,853,9,,,
370946,20251127,81500,101500,4548,5983365,853,9,,,
370946,20251127,81500,101500,4548,5983365,853,9,,,
370947,20251112,81500,101500,4548,5941232,853,9,,,
370947,20251112,81500,101500,4548,5941232,853,9,,,
370947,20251112,81500,101500,4548,5983365,853,9,,,
370947,20251112,81500,101500,4548,5983365,853,9,,,
370948,20250210,103000,123000,4548,5833372,853,9,,,
370948,20250210,103000,123000,4548,5833372,853,9,,,
370949,20251016,103000,123000,4548,5833372,853,9,,,
370949,20251016,103000,123000,4548,5833372,853,9,,,
370950,20251030,103000,123000,4548,5833372,853,9,,,
370950,20251030,103000,123000,4548,5833372,853,9,,,
370952,20251113,103000,123000,4548,5833372,853,9,,,
370952,20251113,103000,123000,4548,5833372,853,9,,,
370953,20251127,103000,123000,4548,5833372,853,9,,,
370953,20251127,103000,123000,4548,5833372,853,9,,,
370954,20251112,103000,123000,4548,5833372,853,9,,,
370954,20251112,103000,123000,4548,5833372,853,9,,,
370955,20250924,103000,123000,4548,5833449,853,9,,,
370955,20250924,103000,123000,4548,5833449,853,9,,,
370956,20250810,103000,123000,4548,5833449,853,9,,,
370956,20250810,103000,123000,4548,5833449,853,9,,,
370957,20251022,103000,123000,4548,5833449,853,9,,,
370957,20251022,103000,123000,4548,5833449,853,9,,,
370958,20250511,103000,123000,4548,5833449,853,9,,,
370958,20250511,103000,123000,4548,5833449,853,9,,,
370959,20251119,103000,123000,4548,5833449,853,9,,,
370959,20251119,103000,123000,4548,5833449,853,9,,,
370960,20250312,103000,123000,4548,5833449,853,9,,,
370960,20250312,103000,123000,4548,5833449,853,9,,,
370961,20250925,81500,101500,4548,5948787,853,9,,,
370961,20250925,81500,101500,4548,5948787,853,9,,,
370962,20250910,81500,101500,4548,5948787,853,9,,,
370962,20250910,81500,101500,4548,5948787,853,9,,,
370963,20251023,81500,101500,4548,5948787,853,9,,,
370963,20251023,81500,101500,4548,5948787,853,9,,,
370964,20250611,81500,101500,4548,5948787,853,9,,,
370964,20250611,81500,101500,4548,5948787,853,9,,,
370965,20251120,81500,101500,4548,5948787,853,9,,,
370965,20251120,81500,101500,4548,5948787,853,9,,,
370966,20250412,81500,101500,4548,5948787,853,9,,,
370966,20250412,81500,101500,4548,5948787,853,9,,,
370967,20250924,81500,101500,4548,5878890,853,9,,,
370967,20250924,81500,101500,4548,5878890,853,9,,,
370968,20250810,81500,101500,4548,5878890,853,9,,,
370968,20250810,81500,101500,4548,5878890,853,9,,,
370969,20251022,81500,101500,4548,5878890,853,9,,,
370969,20251022,81500,101500,4548,5878890,853,9,,,
370970,20250511,81500,101500,4548,5878890,853,9,,,
370970,20250511,81500,101500,4548,5878890,853,9,,,
370971,20251119,81500,101500,4548,5878890,853,9,,,
370971,20251119,81500,101500,4548,5878890,853,9,,,
370972,20250312,81500,101500,4548,5878890,853,9,,,
370972,20250312,81500,101500,4548,5878890,853,9,,,
370974,20250922,103000,123000,4548,5825971,853,9,,,
370974,20250922,103000,123000,4548,5825971,853,9,,,
370975,20250610,103000,123000,4548,5825971,853,9,,,
370975,20250610,103000,123000,4548,5825971,853,9,,,
370976,20251020,103000,123000,4548,5825971,853,9,,,
370976,20251020,103000,123000,4548,5825971,853,9,,,
370977,20250311,103000,123000,4548,5825971,853,9,,,
370977,20250311,103000,123000,4548,5825971,853,9,,,
370978,20251117,103000,123000,4548,5825971,853,9,,,
370978,20251117,103000,123000,4548,5825971,853,9,,,
370979,20250112,103000,123000,4548,5825971,853,9,,,
370979,20250112,103000,123000,4548,5825971,853,9,,,
370982,20250110,103000,123000,4548,5826048,853,9,,,
370982,20250110,103000,123000,4548,5826048,853,9,,,
370982,20250110,103000,123000,4548,5983442,853,9,,,
370982,20250110,103000,123000,4548,5983442,853,9,,,
370983,20251015,103000,123000,4548,5826048,853,9,,,
370983,20251015,103000,123000,4548,5826048,853,9,,,
370983,20251015,103000,123000,4548,5983442,853,9,,,
370983,20251015,103000,123000,4548,5983442,853,9,,,
370984,20251029,103000,123000,4548,5826048,853,9,,,
370984,20251029,103000,123000,4548,5826048,853,9,,,
370984,20251029,103000,123000,4548,5983442,853,9,,,
370984,20251029,103000,123000,4548,5983442,853,9,,,
370985,20251211,103000,123000,4548,5826048,853,9,,,
370985,20251211,103000,123000,4548,5826048,853,9,,,
370985,20251211,103000,123000,4548,5983442,853,9,,,
370985,20251211,103000,123000,4548,5983442,853,9,,,
370986,20251126,103000,123000,4548,5826048,853,9,,,
370986,20251126,103000,123000,4548,5826048,853,9,,,
370986,20251126,103000,123000,4548,5983442,853,9,,,
370986,20251126,103000,123000,4548,5983442,853,9,,,
370987,20251012,103000,123000,4548,5826048,853,9,,,
370987,20251012,103000,123000,4548,5826048,853,9,,,
370987,20251012,103000,123000,4548,5983442,853,9,,,
370987,20251012,103000,123000,4548,5983442,853,9,,,
370990,20251012,81500,101500,4548,5825894,853,9,,,
370990,20251012,81500,101500,4548,5825894,853,9,,,
370991,20251126,81500,101500,4548,5825894,853,9,,,
370991,20251126,81500,101500,4548,5825894,853,9,,,
370992,20251211,81500,101500,4548,5825894,853,9,,,
370992,20251211,81500,101500,4548,5825894,853,9,,,
370994,20251029,81500,101500,4548,5825894,853,9,,,
370994,20251029,81500,101500,4548,5825894,853,9,,,
370995,20251015,81500,101500,4548,5825894,853,9,,,
370995,20251015,81500,101500,4548,5825894,853,9,,,
370996,20250110,81500,101500,4548,5825894,853,9,,,
370996,20250110,81500,101500,4548,5825894,853,9,,,
371101,20251117,103000,123000,4566,5826120,2305,7,,,
371101,20251117,103000,123000,4566,5826120,2305,7,,,
371101,20251117,103000,123000,4566,5878885,2305,7,,,
371101,20251117,103000,123000,4566,5878885,2305,7,,,
371409,20251121,133000,153000,4453,5750445,853,7,,,
371409,20251121,133000,153000,4453,5750445,853,7,,,
371409,20251121,133000,153000,4453,5990879,853,7,,,
371409,20251121,133000,153000,4453,5990879,853,7,,,
371411,20251126,133000,153000,4453,5758000,853,7,,,
371411,20251126,133000,153000,4453,5758000,853,7,,,
371411,20251126,133000,153000,4453,5853535,853,7,,,
371411,20251126,133000,153000,4453,5853535,853,7,,,
372129,20250110,81500,101500,4563,5826111,1607,7,,,
372129,20251217,81500,101500,4563,5826111,1550,7,,,
372129,20250110,81500,101500,4563,5878876,1607,7,,,
372129,20251217,81500,101500,4563,5878876,1550,7,,,
372943,20250930,154500,174500,11272,6117615,1108,2,,,
372943,20250210,81500,101500,11272,6117615,1125,2,,,
373039,20250611,154500,174500,11269,6117612,1125,12,,,
373039,20250611,154500,174500,11269,6117612,1125,12,,,
373051,20250611,133000,153000,11269,6117612,1125,12,,,
373051,20250611,133000,153000,11269,6117612,1125,12,,,
373675,20250922,81500,101500,4548,5826125,853,9,,,
373675,20250922,81500,101500,4548,5826125,853,9,,,
373676,20250610,81500,101500,4548,5826125,853,9,,,
373676,20250610,81500,101500,4548,5826125,853,9,,,
373677,20251020,81500,101500,4548,5826125,853,9,,,
373677,20251020,81500,101500,4548,5826125,853,9,,,
373678,20250311,81500,101500,4548,5826125,853,9,,,
373678,20250311,81500,101500,4548,5826125,853,9,,,
373679,20251117,81500,101500,4548,5826125,853,9,,,
373679,20251117,81500,101500,4548,5826125,853,9,,,
373680,20250112,81500,101500,4548,5826125,853,9,,,
373680,20250112,81500,101500,4548,5826125,853,9,,,
375043,20250925,133000,153000,3506,5928164,1125,2,,,
375043,20250925,133000,153000,3506,5928164,1125,2,,,
375043,20250925,133000,153000,3506,5928219,1125,2,,,
375043,20250925,133000,153000,3506,5928219,1125,2,,,
375043,20250925,133000,153000,3506,5928274,1125,2,,,
375043,20250925,133000,153000,3506,5928274,1125,2,,,
375043,20250925,133000,153000,3506,5928329,1125,2,,,
375043,20250925,133000,153000,3506,5928329,1125,2,,,
376320,20250924,103000,123000,3572,5805946,1574,7,,,
376320,20250924,103000,123000,3572,5805946,1574,7,,,
376994,20250922,80000,180000,3553,5777508,1120,2,,,
376994,20250922,80000,180000,3553,5777508,1120,2,,,
376994,20250922,80000,180000,3553,5805971,1120,2,,,
376994,20250922,80000,180000,3553,5805971,1120,2,,,
376994,20250922,80000,180000,3553,5806013,1120,2,,,
376994,20250922,80000,180000,3553,5806013,1120,2,,,
376994,20250922,80000,180000,3553,5894354,1120,2,,,
376994,20250922,80000,180000,3553,5894354,1120,2,,,
377591,20251021,81500,101500,3506,5928164,1111,2,,,
377591,20251021,81500,101500,3506,5928164,1111,2,,,
377591,20251021,81500,101500,3506,5928219,1111,2,,,
377591,20251021,81500,101500,3506,5928219,1111,2,,,
377591,20251021,81500,101500,3506,5928274,1111,2,,,
377591,20251021,81500,101500,3506,5928274,1111,2,,,
377591,20251021,81500,101500,3506,5928329,1111,2,,,
377591,20251021,81500,101500,3506,5928329,1111,2,,,
378474,20250512,103000,123000,3506,5928164,1113,2,,,
378474,20250512,103000,123000,3506,5928164,1113,2,,,
378474,20250512,103000,123000,3506,5928219,1113,2,,,
378474,20250512,103000,123000,3506,5928219,1113,2,,,
378474,20250512,103000,123000,3506,5928274,1113,2,,,
378474,20250512,103000,123000,3506,5928274,1113,2,,,
378474,20250512,103000,123000,3506,5928329,1113,2,,,
378474,20250512,103000,123000,3506,5928329,1113,2,,,
378830,20251031,133000,153000,3840,5777002,1122,2,,,
378830,20251031,133000,153000,3840,5777002,1120,2,,,
378830,20251031,133000,153000,3840,5777337,1122,2,,,
378830,20251031,133000,153000,3840,5777337,1120,2,,,
378830,20251031,133000,153000,3840,5893261,1122,2,,,
378830,20251031,133000,153000,3840,5893261,1120,2,,,
378830,20251031,133000,153000,3840,5899996,1122,2,,,
378830,20251031,133000,153000,3840,5899996,1120,2,,,
378830,20251031,133000,153000,3840,6140690,1122,2,,,
378830,20251031,133000,153000,3840,6140690,1120,2,,,
379053,20250411,103000,123000,6207,5794217,1595,2,,,
379053,20250411,103000,123000,6207,5794217,1595,2,,,
379054,20251118,103000,123000,6207,5794217,1595,2,,,
379054,20251118,103000,123000,6207,5794217,1595,2,,,
379056,20250212,103000,123000,6207,5794217,1595,2,,,
379056,20250212,103000,123000,6207,5794217,1595,2,,,
379057,20250912,103000,123000,6207,5794217,1595,2,,,
379057,20250912,103000,123000,6207,5794217,1595,2,,,
379550,20250512,133000,153000,3840,5777002,1125,2,,,
379550,20250512,133000,153000,3840,5777002,1125,2,,,
379550,20250512,133000,153000,3840,5777337,1125,2,,,
379550,20250512,133000,153000,3840,5777337,1125,2,,,
379550,20250512,133000,153000,3840,5893261,1125,2,,,
379550,20250512,133000,153000,3840,5893261,1125,2,,,
379550,20250512,133000,153000,3840,5899996,1125,2,,,
379550,20250512,133000,153000,3840,5899996,1125,2,,,
379550,20250512,133000,153000,3840,6140690,1125,2,,,
379550,20250512,133000,153000,3840,6140690,1125,2,,,
381095,20250511,103000,123000,6195,5760317,1611,2,,,
381095,20250511,103000,123000,6195,5760317,1611,2,,,
381095,20250511,103000,123000,6195,5787755,1611,2,,,
381095,20250511,103000,123000,6195,5787755,1611,2,,,
381097,20251119,103000,123000,6195,5760317,1611,2,,,
381097,20251119,103000,123000,6195,5760317,1611,2,,,
381097,20251119,103000,123000,6195,5787755,1611,2,,,
381097,20251119,103000,123000,6195,5787755,1611,2,,,
381098,20251126,103000,123000,6195,5760317,1611,2,,,
381098,20251126,103000,123000,6195,5760317,1611,2,,,
381098,20251126,103000,123000,6195,5787755,1611,2,,,
381098,20251126,103000,123000,6195,5787755,1611,2,,,
381099,20250312,103000,123000,6195,5760317,1611,2,,,
381099,20250312,103000,123000,6195,5760317,1611,2,,,
381099,20250312,103000,123000,6195,5787755,1611,2,,,
381099,20250312,103000,123000,6195,5787755,1611,2,,,
381100,20251012,103000,123000,6195,5760317,1611,2,,,
381100,20251012,103000,123000,6195,5760317,1611,2,,,
381100,20251012,103000,123000,6195,5787755,1611,2,,,
381100,20251012,103000,123000,6195,5787755,1611,2,,,
381101,20251217,103000,123000,6195,5760317,1611,2,,,
381101,20251217,103000,123000,6195,5760317,1611,2,,,
381101,20251217,103000,123000,6195,5787755,1611,2,,,
381101,20251217,103000,123000,6195,5787755,1611,2,,,
381160,20250930,103000,123000,6091,5760221,517,2,,,
381160,20250930,103000,123000,6091,5760221,2326,2,,,
381165,20250411,103000,123000,6091,5760221,521,2,,,
381165,20250411,103000,123000,6091,5760221,2295,2,,,
381173,20250710,133000,153000,6094,5760224,1614,2,,,
381173,20250710,133000,153000,6094,5760224,1614,2,,,
381175,20251021,133000,153000,6094,5760224,1614,2,,,
381175,20251021,133000,153000,6094,5760224,1614,2,,,
381178,20251118,133000,153000,6094,5760224,1614,2,,,
381178,20251118,133000,153000,6094,5760224,1614,2,,,
381281,20250411,133000,153000,6113,5889005,517,2,,,
381281,20250411,133000,153000,6113,5889005,517,2,,,
381282,20251118,133000,153000,6113,5889005,517,2,,,
381282,20251118,133000,153000,6113,5889005,517,2,,,
381283,20251125,133000,153000,6113,5889005,517,2,,,
381283,20251125,133000,153000,6113,5889005,517,2,,,
381284,20250212,133000,153000,6113,5889005,517,2,,,
381284,20250212,133000,153000,6113,5889005,517,2,,,
381285,20250912,133000,153000,6113,5889005,517,2,,,
381285,20250912,133000,153000,6113,5889005,517,2,,,
381436,20250922,81500,101500,4120,5938924,2322,2,,,
381436,20250922,81500,101500,4120,5938924,2316,2,,,
381437,20250929,81500,101500,4120,5938924,2322,2,,,
381437,20250929,81500,101500,4120,5938924,2316,2,,,
381438,20250610,81500,101500,4120,5938924,2322,2,,,
381438,20250610,81500,101500,4120,5938924,2323,2,,,
381439,20251013,81500,101500,4120,5938924,2322,2,,,
381439,20251013,81500,101500,4120,5938924,2316,2,,,
381440,20251020,81500,101500,4120,5938924,2322,2,,,
381440,20251020,81500,101500,4120,5938924,2316,2,,,
381441,20251027,81500,101500,4120,5938924,2322,2,,,
381441,20251027,81500,101500,4120,5938924,2311,2,,,
381442,20250311,81500,101500,4120,5938924,2322,2,,,
381442,20250311,81500,101500,4120,5938924,2316,2,,,
381451,20250310,91500,123000,4120,5938924,2303,2,,,
381451,20250310,91500,123000,4120,5938924,1563,2,,,
381475,20250923,103000,123000,4120,5938924,2296,2,,,
381475,20250923,91500,123000,4120,5938924,2294,2,,,
381477,20250710,103000,123000,4120,5938924,2296,2,,,
381477,20250710,91500,123000,4120,5938924,525,2,,,
381724,20250924,91500,123000,4120,5829010,2326,2,,,
381724,20250924,91500,123000,4120,5829010,2326,2,,,
381725,20250110,91500,123000,4120,5829010,2326,2,,,
381725,20250110,91500,123000,4120,5829010,2326,2,,,
381725,20250110,91500,123000,4120,5829010,2309,2,,,
381726,20250810,91500,123000,4120,5829010,2326,2,,,
381726,20250810,91500,123000,4120,5829010,2326,2,,,
381727,20251015,91500,123000,4120,5829010,2326,2,,,
381727,20251015,91500,123000,4120,5829010,2326,2,,,
381728,20251022,91500,123000,4120,5829010,2326,2,,,
381728,20251022,91500,123000,4120,5829010,2326,2,,,
381729,20251029,91500,123000,4120,5829010,2326,2,,,
381729,20251029,91500,123000,4120,5829010,2326,2,,,
381730,20250511,91500,123000,4120,5829010,2326,2,,,
381730,20250511,91500,123000,4120,5829010,2326,2,,,
381731,20251211,91500,123000,4120,5829010,2326,2,,,
381731,20251211,91500,123000,4120,5829010,2326,2,,,
381732,20251119,91500,123000,4120,5829010,2326,2,,,
381732,20251119,91500,123000,4120,5829010,2326,2,,,
381733,20251126,91500,123000,4120,5829010,2326,2,,,
381733,20251126,91500,123000,4120,5829010,2326,2,,,
381734,20250312,91500,123000,4120,5829010,2326,2,,,
381734,20250312,91500,123000,4120,5829010,2326,2,,,
381735,20251012,91500,123000,4120,5829010,2326,2,,,
381735,20251012,91500,123000,4120,5829010,2326,2,,,
381736,20251217,91500,123000,4120,5829010,2326,2,,,
381736,20251217,91500,123000,4120,5829010,2326,2,,,
381784,20250926,154500,174500,4123,5829013,1116,2,,,
381784,20250926,154500,174500,4123,5829013,1116,2,,,
381785,20250310,154500,174500,4123,5829013,1116,2,,,
381785,20250310,154500,174500,4123,5829013,1116,2,,,
381786,20251010,154500,174500,4123,5829013,1116,2,,,
381786,20251010,154500,174500,4123,5829013,1116,2,,,
381787,20251017,154500,174500,4123,5829013,1116,2,,,
381787,20251017,154500,174500,4123,5829013,1116,2,,,
381788,20251024,154500,174500,4123,5829013,1116,2,,,
381788,20251024,154500,174500,4123,5829013,1116,2,,,
381789,20251031,154500,174500,4123,5829013,1116,2,,,
381789,20251031,154500,174500,4123,5829013,1116,2,,,
381790,20250711,154500,174500,4123,5829013,1116,2,,,
381790,20250711,154500,174500,4123,5829013,1116,2,,,
381791,20251114,154500,174500,4123,5829013,1116,2,,,
381791,20251114,154500,174500,4123,5829013,1116,2,,,
381792,20251121,154500,174500,4123,5829013,1116,2,,,
381792,20251121,154500,174500,4123,5829013,1116,2,,,
381793,20251128,154500,174500,4123,5829013,1116,2,,,
381793,20251128,154500,174500,4123,5829013,1116,2,,,
381794,20250512,154500,174500,4123,5829013,1116,2,,,
381794,20250512,154500,174500,4123,5829013,1116,2,,,
381795,20251212,154500,174500,4123,5829013,1116,2,,,
381795,20251212,154500,174500,4123,5829013,1116,2,,,
381796,20251219,154500,174500,4123,5829013,1116,2,,,
381796,20251219,154500,174500,4123,5829013,1116,2,,,
381834,20250926,133000,153000,4121,5829011,1616,2,,,
381834,20250926,133000,153000,4121,5829011,1616,2,,,
381834,20250926,133000,153000,4121,5976624,1616,2,,,
381834,20250926,133000,153000,4121,5976624,1616,2,,,
381835,20250310,133000,153000,4121,5829011,1616,2,,,
381835,20250310,133000,153000,4121,5829011,1616,2,,,
381835,20250310,133000,153000,4121,5976624,1616,2,,,
381835,20250310,133000,153000,4121,5976624,1616,2,,,
381836,20251010,133000,153000,4121,5829011,1616,2,,,
381836,20251010,133000,153000,4121,5829011,1616,2,,,
381836,20251010,133000,153000,4121,5976624,1616,2,,,
381836,20251010,133000,153000,4121,5976624,1616,2,,,
381837,20251017,133000,153000,4121,5829011,1616,2,,,
381837,20251017,133000,153000,4121,5829011,1616,2,,,
381837,20251017,133000,153000,4121,5976624,1616,2,,,
381837,20251017,133000,153000,4121,5976624,1616,2,,,
381838,20251024,133000,153000,4121,5829011,1616,2,,,
381838,20251024,133000,153000,4121,5829011,1616,2,,,
381838,20251024,133000,153000,4121,5976624,1616,2,,,
381838,20251024,133000,153000,4121,5976624,1616,2,,,
381839,20251031,133000,153000,4121,5829011,1616,2,,,
381839,20251031,133000,153000,4121,5829011,1616,2,,,
381839,20251031,133000,153000,4121,5976624,1616,2,,,
381839,20251031,133000,153000,4121,5976624,1616,2,,,
381840,20250711,133000,153000,4121,5829011,1616,2,,,
381840,20250711,133000,153000,4121,5829011,1616,2,,,
381840,20250711,133000,153000,4121,5976624,1616,2,,,
381840,20250711,133000,153000,4121,5976624,1616,2,,,
381841,20251114,133000,153000,4121,5829011,1616,2,,,
381841,20251114,133000,153000,4121,5829011,1616,2,,,
381841,20251114,133000,153000,4121,5976624,1616,2,,,
381841,20251114,133000,153000,4121,5976624,1616,2,,,
381842,20251121,133000,153000,4121,5829011,1616,2,,,
381842,20251121,133000,153000,4121,5829011,1616,2,,,
381842,20251121,133000,153000,4121,5976624,1616,2,,,
381842,20251121,133000,153000,4121,5976624,1616,2,,,
381843,20251128,133000,153000,4121,5829011,1616,2,,,
381843,20251128,133000,153000,4121,5829011,1616,2,,,
381843,20251128,133000,153000,4121,5976624,1616,2,,,
381843,20251128,133000,153000,4121,5976624,1616,2,,,
381844,20250512,133000,153000,4121,5829011,1616,2,,,
381844,20250512,133000,153000,4121,5829011,1616,2,,,
381844,20250512,133000,153000,4121,5976624,1616,2,,,
381844,20250512,133000,153000,4121,5976624,1616,2,,,
381845,20251212,133000,153000,4121,5829011,1616,2,,,
381845,20251212,133000,153000,4121,5829011,1616,2,,,
381845,20251212,133000,153000,4121,5976624,1616,2,,,
381845,20251212,133000,153000,4121,5976624,1616,2,,,
381846,20251219,133000,153000,4121,5829011,1616,2,,,
381846,20251219,133000,153000,4121,5829011,1616,2,,,
381846,20251219,133000,153000,4121,5976624,1616,2,,,
381846,20251219,133000,153000,4121,5976624,1616,2,,,
382038,20250210,103000,123000,6129,5760388,2326,2,,,
382038,20250210,103000,123000,6129,5760388,2326,2,,,
382046,20251127,103000,123000,6129,5760388,517,2,,,
382046,20251127,103000,123000,6129,5760388,1553,2,,,
382418,20250930,91500,123000,4120,5997865,2301,2,,,
382418,20250930,91500,123000,4120,5997865,2323,2,,,
382600,20250110,91500,123000,4120,5879347,2291,2,,,
382600,20250110,91500,123000,4120,5879347,1563,2,,,
382808,20251124,91500,123000,4124,5879555,515,2,,,
382808,20251124,91500,123000,4124,5879555,1563,2,,,
382894,20250925,91500,123000,4126,5879557,2301,2,,,
382894,20250925,91500,123000,4126,5879557,2291,2,,,
382895,20250210,91500,123000,4126,5879557,2301,2,,,
382895,20250210,91500,123000,4126,5879557,2291,2,,,
382896,20250910,91500,123000,4126,5879557,2301,2,,,
382896,20250910,91500,123000,4126,5879557,2301,2,,,
382897,20251016,91500,123000,4126,5879557,2301,2,,,
382897,20251016,91500,123000,4126,5879557,2301,2,,,
382898,20251023,91500,123000,4126,5879557,2301,2,,,
382898,20251023,91500,123000,4126,5879557,2301,2,,,
382899,20251030,91500,123000,4126,5879557,2301,2,,,
382899,20251030,91500,123000,4126,5879557,521,2,,,
382900,20250611,91500,123000,4126,5879557,2301,2,,,
382900,20250611,91500,123000,4126,5879557,521,2,,,
382900,20250611,91500,123000,4126,5879557,2322,2,,,
382901,20251113,91500,123000,4126,5879557,2301,2,,,
382901,20251113,91500,123000,4126,5879557,521,2,,,
382902,20251120,91500,123000,4126,5879557,2301,2,,,
382902,20251120,91500,123000,4126,5879557,521,2,,,
382903,20251127,91500,123000,4126,5879557,2301,2,,,
382903,20251127,91500,123000,4126,5879557,521,2,,,
382904,20250412,91500,123000,4126,5879557,2301,2,,,
382904,20250412,91500,123000,4126,5879557,514,2,,,
382905,20251112,91500,123000,4126,5879557,2301,2,,,
382905,20251112,91500,123000,4126,5879557,521,2,,,
382936,20250929,91500,123000,4120,5879755,2317,2,,,
382936,20250929,91500,123000,4120,5879755,2304,2,,,
382936,20250929,91500,123000,4120,5976623,2317,2,,,
382936,20250929,91500,123000,4120,5976623,2304,2,,,
382937,20250610,91500,123000,4120,5879755,2317,2,,,
382937,20250610,91500,123000,4120,5879755,2304,2,,,
382937,20250610,91500,123000,4120,5976623,2317,2,,,
382937,20250610,91500,123000,4120,5976623,2304,2,,,
383082,20250929,81500,101500,4137,5787960,2304,2,,,
383082,20250929,81500,101500,4137,5787960,2317,2,,,
383082,20250929,81500,101500,4137,5807005,2304,2,,,
383082,20250929,81500,101500,4137,5807005,2317,2,,,
383083,20250610,81500,101500,4137,5787960,2304,2,,,
383083,20250610,81500,101500,4137,5787960,2317,2,,,
383083,20250610,81500,101500,4137,5807005,2304,2,,,
383083,20250610,81500,101500,4137,5807005,2317,2,,,
383370,20250926,133000,153000,4138,5787961,2317,2,,,
383370,20250926,133000,153000,4138,5787961,2317,2,,,
383370,20250926,133000,153000,4138,5787961,2317,2,,,
383370,20250926,133000,153000,4138,5787961,2317,2,,,
383370,20250926,133000,153000,4138,5807006,2317,2,,,
383370,20250926,133000,153000,4138,5807006,2317,2,,,
383370,20250926,133000,153000,4138,5807006,2317,2,,,
383370,20250926,133000,153000,4138,5807006,2317,2,,,
383370,20250926,133000,153000,4138,5830070,2317,2,,,
383370,20250926,133000,153000,4138,5830070,2317,2,,,
383370,20250926,133000,153000,4138,5976640,2317,2,,,
383370,20250926,133000,153000,4138,5976640,2317,2,,,
383370,20250926,133000,153000,4138,5976640,2317,2,,,
383371,20250310,133000,153000,4138,5787961,2317,2,,,
383371,20250310,133000,153000,4138,5787961,2317,2,,,
383371,20250310,133000,153000,4138,5787961,2317,2,,,
383371,20250310,133000,153000,4138,5787961,2317,2,,,
383371,20250310,133000,153000,4138,5807006,2317,2,,,
383371,20250310,133000,153000,4138,5807006,2317,2,,,
383371,20250310,133000,153000,4138,5807006,2317,2,,,
383371,20250310,133000,153000,4138,5807006,2317,2,,,
383371,20250310,133000,153000,4138,5830070,2317,2,,,
383371,20250310,133000,153000,4138,5830070,2317,2,,,
383371,20250310,133000,153000,4138,5976640,2317,2,,,
383371,20250310,133000,153000,4138,5976640,2317,2,,,
383371,20250310,133000,153000,4138,5976640,2317,2,,,
383372,20251010,133000,153000,4138,5787961,2317,2,,,
383372,20251010,133000,153000,4138,5787961,2317,2,,,
383372,20251010,133000,153000,4138,5787961,2317,2,,,
383372,20251010,133000,153000,4138,5787961,2317,2,,,
383372,20251010,133000,153000,4138,5807006,2317,2,,,
383372,20251010,133000,153000,4138,5807006,2317,2,,,
383372,20251010,133000,153000,4138,5807006,2317,2,,,
383372,20251010,133000,153000,4138,5807006,2317,2,,,
383372,20251010,133000,153000,4138,5830070,2317,2,,,
383372,20251010,133000,153000,4138,5830070,2317,2,,,
383372,20251010,133000,153000,4138,5976640,2317,2,,,
383372,20251010,133000,153000,4138,5976640,2317,2,,,
383372,20251010,133000,153000,4138,5976640,2317,2,,,
383373,20251017,133000,153000,4138,5787961,2317,2,,,
383373,20251017,133000,153000,4138,5787961,2317,2,,,
383373,20251017,133000,153000,4138,5787961,2317,2,,,
383373,20251017,133000,153000,4138,5787961,2317,2,,,
383373,20251017,133000,153000,4138,5807006,2317,2,,,
383373,20251017,133000,153000,4138,5807006,2317,2,,,
383373,20251017,133000,153000,4138,5807006,2317,2,,,
383373,20251017,133000,153000,4138,5807006,2317,2,,,
383373,20251017,133000,153000,4138,5830070,2317,2,,,
383373,20251017,133000,153000,4138,5830070,2317,2,,,
383373,20251017,133000,153000,4138,5976640,2317,2,,,
383373,20251017,133000,153000,4138,5976640,2317,2,,,
383373,20251017,133000,153000,4138,5976640,2317,2,,,
383374,20251024,133000,153000,4138,5787961,2317,2,,,
383374,20251024,133000,153000,4138,5787961,2317,2,,,
383374,20251024,133000,153000,4138,5787961,2317,2,,,
383374,20251024,133000,153000,4138,5787961,2317,2,,,
383374,20251024,133000,153000,4138,5807006,2317,2,,,
383374,20251024,133000,153000,4138,5807006,2317,2,,,
383374,20251024,133000,153000,4138,5807006,2317,2,,,
383374,20251024,133000,153000,4138,5807006,2317,2,,,
383374,20251024,133000,153000,4138,5830070,2317,2,,,
383374,20251024,133000,153000,4138,5830070,2317,2,,,
383374,20251024,133000,153000,4138,5976640,2317,2,,,
383374,20251024,133000,153000,4138,5976640,2317,2,,,
383374,20251024,133000,153000,4138,5976640,2317,2,,,
383375,20251031,133000,153000,4138,5787961,2317,2,,,
383375,20251031,133000,153000,4138,5787961,2317,2,,,
383375,20251031,133000,153000,4138,5787961,2317,2,,,
383375,20251031,133000,153000,4138,5787961,2317,2,,,
383375,20251031,133000,153000,4138,5807006,2317,2,,,
383375,20251031,133000,153000,4138,5807006,2317,2,,,
383375,20251031,133000,153000,4138,5807006,2317,2,,,
383375,20251031,133000,153000,4138,5807006,2317,2,,,
383375,20251031,133000,153000,4138,5830070,2317,2,,,
383375,20251031,133000,153000,4138,5830070,2317,2,,,
383375,20251031,133000,153000,4138,5976640,2317,2,,,
383375,20251031,133000,153000,4138,5976640,2317,2,,,
383375,20251031,133000,153000,4138,5976640,2317,2,,,
383376,20250711,133000,153000,4138,5787961,2317,2,,,
383376,20250711,133000,153000,4138,5787961,2317,2,,,
383376,20250711,133000,153000,4138,5787961,2317,2,,,
383376,20250711,133000,153000,4138,5787961,2317,2,,,
383376,20250711,133000,153000,4138,5807006,2317,2,,,
383376,20250711,133000,153000,4138,5807006,2317,2,,,
383376,20250711,133000,153000,4138,5807006,2317,2,,,
383376,20250711,133000,153000,4138,5807006,2317,2,,,
383376,20250711,133000,153000,4138,5830070,2317,2,,,
383376,20250711,133000,153000,4138,5830070,2317,2,,,
383376,20250711,133000,153000,4138,5976640,2317,2,,,
383376,20250711,133000,153000,4138,5976640,2317,2,,,
383376,20250711,133000,153000,4138,5976640,2317,2,,,
383377,20251114,133000,153000,4138,5787961,2317,2,,,
383377,20251114,133000,153000,4138,5787961,2317,2,,,
383377,20251114,133000,153000,4138,5787961,2317,2,,,
383377,20251114,133000,153000,4138,5787961,2317,2,,,
383377,20251114,133000,153000,4138,5807006,2317,2,,,
383377,20251114,133000,153000,4138,5807006,2317,2,,,
383377,20251114,133000,153000,4138,5807006,2317,2,,,
383377,20251114,133000,153000,4138,5807006,2317,2,,,
383377,20251114,133000,153000,4138,5830070,2317,2,,,
383377,20251114,133000,153000,4138,5830070,2317,2,,,
383377,20251114,133000,153000,4138,5976640,2317,2,,,
383377,20251114,133000,153000,4138,5976640,2317,2,,,
383377,20251114,133000,153000,4138,5976640,2317,2,,,
383378,20251121,133000,153000,4138,5787961,2317,2,,,
383378,20251121,133000,153000,4138,5787961,2317,2,,,
383378,20251121,133000,153000,4138,5787961,2317,2,,,
383378,20251121,133000,153000,4138,5787961,2317,2,,,
383378,20251121,133000,153000,4138,5807006,2317,2,,,
383378,20251121,133000,153000,4138,5807006,2317,2,,,
383378,20251121,133000,153000,4138,5807006,2317,2,,,
383378,20251121,133000,153000,4138,5807006,2317,2,,,
383378,20251121,133000,153000,4138,5830070,2317,2,,,
383378,20251121,133000,153000,4138,5830070,2317,2,,,
383378,20251121,133000,153000,4138,5976640,2317,2,,,
383378,20251121,133000,153000,4138,5976640,2317,2,,,
383378,20251121,133000,153000,4138,5976640,2317,2,,,
383379,20251128,133000,153000,4138,5787961,2317,2,,,
383379,20251128,133000,153000,4138,5787961,2317,2,,,
383379,20251128,133000,153000,4138,5787961,2317,2,,,
383379,20251128,133000,153000,4138,5787961,2317,2,,,
383379,20251128,133000,153000,4138,5807006,2317,2,,,
383379,20251128,133000,153000,4138,5807006,2317,2,,,
383379,20251128,133000,153000,4138,5807006,2317,2,,,
383379,20251128,133000,153000,4138,5807006,2317,2,,,
383379,20251128,133000,153000,4138,5830070,2317,2,,,
383379,20251128,133000,153000,4138,5830070,2317,2,,,
383379,20251128,133000,153000,4138,5976640,2317,2,,,
383379,20251128,133000,153000,4138,5976640,2317,2,,,
383379,20251128,133000,153000,4138,5976640,2317,2,,,
383380,20250512,133000,153000,4138,5787961,2317,2,,,
383380,20250512,133000,153000,4138,5787961,2317,2,,,
383380,20250512,133000,153000,4138,5787961,2317,2,,,
383380,20250512,133000,153000,4138,5787961,2317,2,,,
383380,20250512,133000,153000,4138,5807006,2317,2,,,
383380,20250512,133000,153000,4138,5807006,2317,2,,,
383380,20250512,133000,153000,4138,5807006,2317,2,,,
383380,20250512,133000,153000,4138,5807006,2317,2,,,
383380,20250512,133000,153000,4138,5830070,2317,2,,,
383380,20250512,133000,153000,4138,5830070,2317,2,,,
383380,20250512,133000,153000,4138,5976640,2317,2,,,
383380,20250512,133000,153000,4138,5976640,2317,2,,,
383380,20250512,133000,153000,4138,5976640,2317,2,,,
383381,20251212,133000,153000,4138,5787961,2317,2,,,
383381,20251212,133000,153000,4138,5787961,2317,2,,,
383381,20251212,133000,153000,4138,5787961,2317,2,,,
383381,20251212,133000,153000,4138,5787961,2317,2,,,
383381,20251212,133000,153000,4138,5807006,2317,2,,,
383381,20251212,133000,153000,4138,5807006,2317,2,,,
383381,20251212,133000,153000,4138,5807006,2317,2,,,
383381,20251212,133000,153000,4138,5807006,2317,2,,,
383381,20251212,133000,153000,4138,5830070,2317,2,,,
383381,20251212,133000,153000,4138,5830070,2317,2,,,
383381,20251212,133000,153000,4138,5976640,2317,2,,,
383381,20251212,133000,153000,4138,5976640,2317,2,,,
383381,20251212,133000,153000,4138,5976640,2317,2,,,
383382,20251219,133000,153000,4138,5787961,2317,2,,,
383382,20251219,133000,153000,4138,5787961,2317,2,,,
383382,20251219,133000,153000,4138,5787961,2317,2,,,
383382,20251219,133000,153000,4138,5787961,2317,2,,,
383382,20251219,133000,153000,4138,5807006,2317,2,,,
383382,20251219,133000,153000,4138,5807006,2317,2,,,
383382,20251219,133000,153000,4138,5807006,2317,2,,,
383382,20251219,133000,153000,4138,5807006,2317,2,,,
383382,20251219,133000,153000,4138,5830070,2317,2,,,
383382,20251219,133000,153000,4138,5830070,2317,2,,,
383382,20251219,133000,153000,4138,5976640,2317,2,,,
383382,20251219,133000,153000,4138,5976640,2317,2,,,
383382,20251219,133000,153000,4138,5976640,2317,2,,,
383768,20250926,81500,101500,4140,5807212,2304,2,,,
383768,20250926,81500,101500,4140,5807212,2304,2,,,
383769,20250310,81500,101500,4140,5807212,2304,2,,,
383769,20250310,81500,101500,4140,5807212,2304,2,,,
383770,20251010,81500,101500,4140,5807212,2304,2,,,
383770,20251010,81500,101500,4140,5807212,2304,2,,,
383771,20251017,81500,101500,4140,5807212,2304,2,,,
383771,20251017,81500,101500,4140,5807212,2304,2,,,
383772,20251024,81500,101500,4140,5807212,2304,2,,,
383772,20251024,81500,101500,4140,5807212,2304,2,,,
383773,20251031,81500,101500,4140,5807212,2304,2,,,
383773,20251031,81500,101500,4140,5807212,2304,2,,,
383774,20250711,81500,101500,4140,5807212,2304,2,,,
383774,20250711,81500,101500,4140,5807212,2304,2,,,
383775,20251114,81500,101500,4140,5807212,2304,2,,,
383775,20251114,81500,101500,4140,5807212,2304,2,,,
383776,20251121,81500,101500,4140,5807212,2304,2,,,
383776,20251121,81500,101500,4140,5807212,2304,2,,,
383777,20251128,81500,101500,4140,5807212,2304,2,,,
383777,20251128,81500,101500,4140,5807212,2304,2,,,
383778,20250512,81500,101500,4140,5807212,2304,2,,,
383778,20250512,81500,101500,4140,5807212,2304,2,,,
383779,20251212,81500,101500,4140,5807212,2304,2,,,
383779,20251212,81500,101500,4140,5807212,2304,2,,,
383780,20251219,81500,101500,4140,5807212,2304,2,,,
383780,20251219,81500,101500,4140,5807212,2304,2,,,
384047,20250210,81500,101500,4138,5872097,2326,2,,,
384047,20250210,81500,101500,4138,5872097,1622,2,,,
384047,20250210,81500,101500,4138,5872097,1622,2,,,
384047,20250210,81500,101500,4138,5872097,1622,2,,,
384047,20250210,81500,101500,4138,5937510,2326,2,,,
384047,20250210,81500,101500,4138,5937510,1622,2,,,
384047,20250210,81500,101500,4138,5937510,1622,2,,,
384047,20250210,81500,101500,4138,5937510,1622,2,,,
384047,20250210,81500,101500,4138,5940744,2326,2,,,
384047,20250210,81500,101500,4138,5940744,1622,2,,,
384048,20250910,81500,101500,4138,5872097,2326,2,,,
384048,20250910,81500,101500,4138,5872097,1622,2,,,
384048,20250910,81500,101500,4138,5872097,1622,2,,,
384048,20250910,81500,101500,4138,5872097,1622,2,,,
384048,20250910,81500,101500,4138,5937510,2326,2,,,
384048,20250910,81500,101500,4138,5937510,1622,2,,,
384048,20250910,81500,101500,4138,5937510,1622,2,,,
384048,20250910,81500,101500,4138,5937510,1622,2,,,
384048,20250910,81500,101500,4138,5940744,2326,2,,,
384048,20250910,81500,101500,4138,5940744,1622,2,,,
384049,20251016,81500,101500,4138,5872097,2326,2,,,
384049,20251016,81500,101500,4138,5872097,1622,2,,,
384049,20251016,81500,101500,4138,5872097,1622,2,,,
384049,20251016,81500,101500,4138,5872097,1622,2,,,
384049,20251016,81500,101500,4138,5937510,2326,2,,,
384049,20251016,81500,101500,4138,5937510,1622,2,,,
384049,20251016,81500,101500,4138,5937510,1622,2,,,
384049,20251016,81500,101500,4138,5937510,1622,2,,,
384049,20251016,81500,101500,4138,5940744,2326,2,,,
384049,20251016,81500,101500,4138,5940744,1622,2,,,
384050,20251023,81500,101500,4138,5872097,2326,2,,,
384050,20251023,81500,101500,4138,5872097,1622,2,,,
384050,20251023,81500,101500,4138,5872097,1622,2,,,
384050,20251023,81500,101500,4138,5872097,1622,2,,,
384050,20251023,81500,101500,4138,5937510,2326,2,,,
384050,20251023,81500,101500,4138,5937510,1622,2,,,
384050,20251023,81500,101500,4138,5937510,1622,2,,,
384050,20251023,81500,101500,4138,5937510,1622,2,,,
384050,20251023,81500,101500,4138,5940744,2326,2,,,
384050,20251023,81500,101500,4138,5940744,1622,2,,,
384051,20251030,81500,101500,4138,5872097,2326,2,,,
384051,20251030,81500,101500,4138,5872097,2318,2,,,
384051,20251030,81500,101500,4138,5872097,2318,2,,,
384051,20251030,81500,101500,4138,5937510,2326,2,,,
384051,20251030,81500,101500,4138,5937510,2318,2,,,
384051,20251030,81500,101500,4138,5937510,2318,2,,,
384051,20251030,81500,101500,4138,5940744,2326,2,,,
384051,20251030,81500,101500,4138,5940744,2318,2,,,
384052,20250611,81500,101500,4138,5872097,2326,2,,,
384052,20250611,81500,101500,4138,5872097,2318,2,,,
384052,20250611,81500,101500,4138,5872097,2318,2,,,
384052,20250611,81500,101500,4138,5937510,2326,2,,,
384052,20250611,81500,101500,4138,5937510,2318,2,,,
384052,20250611,81500,101500,4138,5937510,2318,2,,,
384052,20250611,81500,101500,4138,5940744,2326,2,,,
384052,20250611,81500,101500,4138,5940744,2318,2,,,
384053,20251113,81500,101500,4138,5872097,2326,2,,,
384053,20251113,81500,101500,4138,5872097,2318,2,,,
384053,20251113,81500,101500,4138,5872097,2318,2,,,
384053,20251113,81500,101500,4138,5937510,2326,2,,,
384053,20251113,81500,101500,4138,5937510,2318,2,,,
384053,20251113,81500,101500,4138,5937510,2318,2,,,
384053,20251113,81500,101500,4138,5940744,2326,2,,,
384053,20251113,81500,101500,4138,5940744,2318,2,,,
384054,20251120,81500,101500,4138,5872097,2326,2,,,
384054,20251120,81500,101500,4138,5872097,1622,2,,,
384054,20251120,81500,101500,4138,5872097,1622,2,,,
384054,20251120,81500,101500,4138,5872097,1622,2,,,
384054,20251120,81500,101500,4138,5937510,2326,2,,,
384054,20251120,81500,101500,4138,5937510,1622,2,,,
384054,20251120,81500,101500,4138,5937510,1622,2,,,
384054,20251120,81500,101500,4138,5937510,1622,2,,,
384054,20251120,81500,101500,4138,5940744,2326,2,,,
384054,20251120,81500,101500,4138,5940744,1622,2,,,
384055,20251127,81500,101500,4138,5872097,2326,2,,,
384055,20251127,81500,101500,4138,5872097,1622,2,,,
384055,20251127,81500,101500,4138,5872097,1622,2,,,
384055,20251127,81500,101500,4138,5872097,1622,2,,,
384055,20251127,81500,101500,4138,5937510,2326,2,,,
384055,20251127,81500,101500,4138,5937510,1622,2,,,
384055,20251127,81500,101500,4138,5937510,1622,2,,,
384055,20251127,81500,101500,4138,5937510,1622,2,,,
384055,20251127,81500,101500,4138,5940744,2326,2,,,
384055,20251127,81500,101500,4138,5940744,1622,2,,,
384056,20250412,81500,101500,4138,5872097,2326,2,,,
384056,20250412,81500,101500,4138,5872097,1622,2,,,
384056,20250412,81500,101500,4138,5872097,1622,2,,,
384056,20250412,81500,101500,4138,5872097,1622,2,,,
384056,20250412,81500,101500,4138,5937510,2326,2,,,
384056,20250412,81500,101500,4138,5937510,1622,2,,,
384056,20250412,81500,101500,4138,5937510,1622,2,,,
384056,20250412,81500,101500,4138,5937510,1622,2,,,
384056,20250412,81500,101500,4138,5940744,2326,2,,,
384056,20250412,81500,101500,4138,5940744,1622,2,,,
384057,20251112,81500,101500,4138,5872097,2326,2,,,
384057,20251112,81500,101500,4138,5872097,1622,2,,,
384057,20251112,81500,101500,4138,5872097,1622,2,,,
384057,20251112,81500,101500,4138,5872097,1622,2,,,
384057,20251112,81500,101500,4138,5937510,2326,2,,,
384057,20251112,81500,101500,4138,5937510,1622,2,,,
384057,20251112,81500,101500,4138,5937510,1622,2,,,
384057,20251112,81500,101500,4138,5937510,1622,2,,,
384057,20251112,81500,101500,4138,5940744,2326,2,,,
384057,20251112,81500,101500,4138,5940744,1622,2,,,
384058,20251218,81500,101500,4138,5872097,2326,2,,,
384058,20251218,81500,101500,4138,5872097,1622,2,,,
384058,20251218,81500,101500,4138,5872097,1622,2,,,
384058,20251218,81500,101500,4138,5872097,1622,2,,,
384058,20251218,81500,101500,4138,5937510,2326,2,,,
384058,20251218,81500,101500,4138,5937510,1622,2,,,
384058,20251218,81500,101500,4138,5937510,1622,2,,,
384058,20251218,81500,101500,4138,5937510,1622,2,,,
384058,20251218,81500,101500,4138,5940744,2326,2,,,
384058,20251218,81500,101500,4138,5940744,1622,2,,,
384518,20250926,91500,101500,4146,5788173,2968,2,,,
384518,20250926,91500,101500,4146,5788173,2968,2,,,
384518,20250926,91500,101500,4146,5788173,2968,2,,,
384518,20250926,91500,101500,4146,6083398,2968,2,,,
384518,20250926,91500,101500,4146,6083398,2968,2,,,
384519,20250310,91500,101500,4146,5788173,2968,2,,,
384519,20250310,91500,101500,4146,5788173,2968,2,,,
384519,20250310,91500,101500,4146,5788173,2968,2,,,
384520,20251010,91500,101500,4146,5788173,2968,2,,,
384520,20251010,91500,101500,4146,5788173,2968,2,,,
384520,20251010,91500,101500,4146,5788173,2968,2,,,
384521,20251017,91500,101500,4146,5788173,2968,2,,,
384521,20251017,91500,101500,4146,5788173,2968,2,,,
384521,20251017,91500,101500,4146,5788173,2968,2,,,
384522,20251024,91500,101500,4146,5788173,2968,2,,,
384522,20251024,91500,101500,4146,5788173,2968,2,,,
384522,20251024,91500,101500,4146,5788173,2968,2,,,
384523,20251031,91500,101500,4146,5788173,2968,2,,,
384523,20251031,91500,101500,4146,5788173,2968,2,,,
384523,20251031,91500,101500,4146,5788173,2968,2,,,
384524,20250711,91500,101500,4146,5788173,2968,2,,,
384524,20250711,91500,101500,4146,5788173,2968,2,,,
384524,20250711,91500,101500,4146,5788173,2968,2,,,
384525,20251114,91500,101500,4146,5788173,2968,2,,,
384525,20251114,91500,101500,4146,5788173,2968,2,,,
384525,20251114,91500,101500,4146,5788173,2968,2,,,
384526,20251121,91500,101500,4146,5788173,2968,2,,,
384526,20251121,91500,101500,4146,5788173,2968,2,,,
384526,20251121,91500,101500,4146,5788173,2968,2,,,
384527,20251128,91500,101500,4146,5788173,2968,2,,,
384527,20251128,91500,101500,4146,5788173,2968,2,,,
384527,20251128,91500,101500,4146,5788173,2968,2,,,
384528,20250512,91500,101500,4146,5788173,2968,2,,,
384528,20250512,91500,101500,4146,5788173,2968,2,,,
384528,20250512,91500,101500,4146,5788173,2968,2,,,
384529,20251212,91500,101500,4146,5788173,2968,2,,,
384529,20251212,91500,101500,4146,5788173,2968,2,,,
384529,20251212,91500,101500,4146,5788173,2968,2,,,
384530,20251219,91500,101500,4146,5788173,2968,2,,,
384530,20251219,91500,101500,4146,5788173,2968,2,,,
384530,20251219,91500,101500,4146,5788173,2968,2,,,
384531,20250926,103000,123000,4146,5788173,2968,2,,,
384531,20250926,103000,123000,4146,5788173,2968,2,,,
384532,20250310,103000,123000,4146,5788173,2968,2,,,
384532,20250310,103000,123000,4146,5788173,2968,2,,,
384533,20251010,103000,123000,4146,5788173,2968,2,,,
384533,20251010,103000,123000,4146,5788173,2968,2,,,
384534,20251017,103000,123000,4146,5788173,2968,2,,,
384534,20251017,103000,123000,4146,5788173,2968,2,,,
384535,20251024,103000,123000,4146,5788173,2968,2,,,
384535,20251024,103000,123000,4146,5788173,2968,2,,,
384536,20251031,103000,123000,4146,5788173,2968,2,,,
384536,20251031,103000,123000,4146,5788173,2968,2,,,
384537,20250711,103000,123000,4146,5788173,2968,2,,,
384537,20250711,103000,123000,4146,5788173,2968,2,,,
384538,20251114,103000,123000,4146,5788173,2968,2,,,
384538,20251114,103000,123000,4146,5788173,2968,2,,,
384539,20251121,103000,123000,4146,5788173,2968,2,,,
384539,20251121,103000,123000,4146,5788173,2968,2,,,
384540,20251128,103000,123000,4146,5788173,2968,2,,,
384540,20251128,103000,123000,4146,5788173,2968,2,,,
384541,20250512,103000,123000,4146,5788173,2968,2,,,
384541,20250512,103000,123000,4146,5788173,2968,2,,,
384542,20251212,103000,123000,4146,5788173,2968,2,,,
384542,20251212,103000,123000,4146,5788173,2968,2,,,
384543,20251219,103000,123000,4146,5788173,2968,2,,,
384543,20251219,103000,123000,4146,5788173,2968,2,,,
384832,20250925,81500,101500,4140,5788371,1549,2,,,
384832,20250925,81500,101500,4140,5788371,1549,2,,,
384832,20250925,81500,101500,4140,5788371,1549,2,,,
384832,20250925,81500,101500,4140,5830072,1549,2,,,
384832,20250925,81500,101500,4140,5830072,1549,2,,,
384832,20250925,81500,101500,4140,5830072,1549,2,,,
384833,20250210,81500,101500,4140,5788371,1549,2,,,
384833,20250210,81500,101500,4140,5788371,1549,2,,,
384833,20250210,81500,101500,4140,5788371,1549,2,,,
384833,20250210,81500,101500,4140,5830072,1549,2,,,
384833,20250210,81500,101500,4140,5830072,1549,2,,,
384833,20250210,81500,101500,4140,5830072,1549,2,,,
384834,20250910,81500,101500,4140,5788371,1549,2,,,
384834,20250910,81500,101500,4140,5788371,1549,2,,,
384834,20250910,81500,101500,4140,5788371,1549,2,,,
384834,20250910,81500,101500,4140,5830072,1549,2,,,
384834,20250910,81500,101500,4140,5830072,1549,2,,,
384834,20250910,81500,101500,4140,5830072,1549,2,,,
384835,20251016,81500,101500,4140,5788371,1549,2,,,
384835,20251016,81500,101500,4140,5788371,1549,2,,,
384835,20251016,81500,101500,4140,5788371,1549,2,,,
384835,20251016,81500,101500,4140,5830072,1549,2,,,
384835,20251016,81500,101500,4140,5830072,1549,2,,,
384835,20251016,81500,101500,4140,5830072,1549,2,,,
384836,20251023,81500,101500,4140,5788371,1549,2,,,
384836,20251023,81500,101500,4140,5788371,1549,2,,,
384836,20251023,81500,101500,4140,5788371,1549,2,,,
384836,20251023,81500,101500,4140,5830072,1549,2,,,
384836,20251023,81500,101500,4140,5830072,1549,2,,,
384836,20251023,81500,101500,4140,5830072,1549,2,,,
384837,20251030,81500,101500,4140,5788371,1549,2,,,
384837,20251030,81500,101500,4140,5788371,1549,2,,,
384837,20251030,81500,101500,4140,5788371,1549,2,,,
384837,20251030,81500,101500,4140,5830072,1549,2,,,
384837,20251030,81500,101500,4140,5830072,1549,2,,,
384837,20251030,81500,101500,4140,5830072,1549,2,,,
384838,20250611,81500,101500,4140,5788371,1549,2,,,
384838,20250611,81500,101500,4140,5788371,1549,2,,,
384838,20250611,81500,101500,4140,5788371,1549,2,,,
384838,20250611,81500,101500,4140,5830072,1549,2,,,
384838,20250611,81500,101500,4140,5830072,1549,2,,,
384838,20250611,81500,101500,4140,5830072,1549,2,,,
384839,20251113,81500,101500,4140,5788371,1549,2,,,
384839,20251113,81500,101500,4140,5788371,1549,2,,,
384839,20251113,81500,101500,4140,5788371,1549,2,,,
384839,20251113,81500,101500,4140,5830072,1549,2,,,
384839,20251113,81500,101500,4140,5830072,1549,2,,,
384839,20251113,81500,101500,4140,5830072,1549,2,,,
384840,20251120,81500,101500,4140,5788371,1549,2,,,
384840,20251120,81500,101500,4140,5788371,1549,2,,,
384840,20251120,81500,101500,4140,5788371,1549,2,,,
384840,20251120,81500,101500,4140,5830072,1549,2,,,
384840,20251120,81500,101500,4140,5830072,1549,2,,,
384840,20251120,81500,101500,4140,5830072,1549,2,,,
384841,20251127,81500,101500,4140,5788371,1549,2,,,
384841,20251127,81500,101500,4140,5788371,1549,2,,,
384841,20251127,81500,101500,4140,5788371,1549,2,,,
384841,20251127,81500,101500,4140,5830072,1549,2,,,
384841,20251127,81500,101500,4140,5830072,1549,2,,,
384841,20251127,81500,101500,4140,5830072,1549,2,,,
384842,20250412,81500,101500,4140,5788371,1549,2,,,
384842,20250412,81500,101500,4140,5788371,1549,2,,,
384842,20250412,81500,101500,4140,5788371,1549,2,,,
384842,20250412,81500,101500,4140,5830072,1549,2,,,
384842,20250412,81500,101500,4140,5830072,1549,2,,,
384842,20250412,81500,101500,4140,5830072,1549,2,,,
384843,20251112,81500,101500,4140,5788371,1549,2,,,
384843,20251112,81500,101500,4140,5788371,1549,2,,,
384843,20251112,81500,101500,4140,5788371,1549,2,,,
384843,20251112,81500,101500,4140,5830072,1549,2,,,
384843,20251112,81500,101500,4140,5830072,1549,2,,,
384843,20251112,81500,101500,4140,5830072,1549,2,,,
384844,20251218,81500,101500,4140,5788371,1549,2,,,
384844,20251218,81500,101500,4140,5788371,1549,2,,,
384844,20251218,81500,101500,4140,5788371,1549,2,,,
384844,20251218,81500,101500,4140,5830072,1549,2,,,
384844,20251218,81500,101500,4140,5830072,1549,2,,,
384844,20251218,81500,101500,4140,5830072,1549,2,,,
386094,20250924,103000,123000,4165,5753212,2326,2,,,
386094,20250924,103000,123000,4165,5753212,2317,2,,,
386094,20250924,103000,123000,4165,5753212,2317,2,,,
386095,20250110,103000,123000,4165,5753212,2326,2,,,
386095,20250110,103000,123000,4165,5753212,2317,2,,,
386095,20250110,103000,123000,4165,5753212,2317,2,,,
386096,20250810,103000,123000,4165,5753212,2326,2,,,
386096,20250810,103000,123000,4165,5753212,2317,2,,,
386096,20250810,103000,123000,4165,5753212,2317,2,,,
386097,20251015,103000,123000,4165,5753212,2326,2,,,
386097,20251015,103000,123000,4165,5753212,2317,2,,,
386097,20251015,103000,123000,4165,5753212,2317,2,,,
386098,20251022,103000,123000,4165,5753212,2326,2,,,
386098,20251022,103000,123000,4165,5753212,2317,2,,,
386098,20251022,103000,123000,4165,5753212,2317,2,,,
386099,20251029,103000,123000,4165,5753212,2326,2,,,
386099,20251029,103000,123000,4165,5753212,2317,2,,,
386099,20251029,103000,123000,4165,5753212,2317,2,,,
386100,20250511,103000,123000,4165,5753212,2326,2,,,
386100,20250511,103000,123000,4165,5753212,2317,2,,,
386100,20250511,103000,123000,4165,5753212,2317,2,,,
386101,20251211,103000,123000,4165,5753212,2326,2,,,
386101,20251211,103000,123000,4165,5753212,2317,2,,,
386101,20251211,103000,123000,4165,5753212,2317,2,,,
386102,20251119,103000,123000,4165,5753212,2326,2,,,
386102,20251119,103000,123000,4165,5753212,2317,2,,,
386102,20251119,103000,123000,4165,5753212,2317,2,,,
386103,20251126,103000,123000,4165,5753212,2326,2,,,
386103,20251126,103000,123000,4165,5753212,2317,2,,,
386103,20251126,103000,123000,4165,5753212,2317,2,,,
386104,20250312,103000,123000,4165,5753212,2326,2,,,
386104,20250312,103000,123000,4165,5753212,2317,2,,,
386104,20250312,103000,123000,4165,5753212,2317,2,,,
386105,20251012,103000,123000,4165,5753212,2326,2,,,
386105,20251012,103000,123000,4165,5753212,2317,2,,,
386105,20251012,103000,123000,4165,5753212,2317,2,,,
386106,20251217,103000,123000,4165,5753212,2326,2,,,
386106,20251217,103000,123000,4165,5753212,2317,2,,,
386106,20251217,103000,123000,4165,5753212,2317,2,,,
386146,20250924,91500,101500,4164,6115667,2968,2,,,
386146,20250924,91500,101500,4164,6115667,2968,2,,,
386147,20250110,91500,101500,4164,6115667,2968,2,,,
386147,20250110,91500,101500,4164,6115667,2968,2,,,
386148,20250810,91500,101500,4164,6115667,2968,2,,,
386148,20250810,91500,101500,4164,6115667,2968,2,,,
386149,20251015,91500,101500,4164,6115667,2968,2,,,
386149,20251015,91500,101500,4164,6115667,2968,2,,,
386150,20251022,91500,101500,4164,6115667,2968,2,,,
386150,20251022,91500,101500,4164,6115667,2968,2,,,
386151,20251029,91500,101500,4164,6115667,2968,2,,,
386151,20251029,91500,101500,4164,6115667,2968,2,,,
386152,20250511,91500,101500,4164,6115667,2968,2,,,
386152,20250511,91500,101500,4164,6115667,2968,2,,,
386153,20251211,91500,101500,4164,6115667,2968,2,,,
386153,20251211,91500,101500,4164,6115667,2968,2,,,
386154,20251119,91500,101500,4164,6115667,2968,2,,,
386154,20251119,91500,101500,4164,6115667,2968,2,,,
386155,20251126,91500,101500,4164,6115667,2968,2,,,
386155,20251126,91500,101500,4164,6115667,2968,2,,,
386156,20250312,91500,101500,4164,6115667,2968,2,,,
386156,20250312,91500,101500,4164,6115667,2968,2,,,
386157,20251012,91500,101500,4164,6115667,2968,2,,,
386157,20251012,91500,101500,4164,6115667,2968,2,,,
386158,20251217,91500,101500,4164,6115667,2968,2,,,
386158,20251217,91500,101500,4164,6115667,2968,2,,,
386159,20250924,103000,123000,4164,6115667,2968,2,,,
386159,20250924,103000,123000,4164,6115667,2968,2,,,
386160,20250110,103000,123000,4164,6115667,2968,2,,,
386160,20250110,103000,123000,4164,6115667,2968,2,,,
386161,20250810,103000,123000,4164,6115667,2968,2,,,
386161,20250810,103000,123000,4164,6115667,2968,2,,,
386162,20251015,103000,123000,4164,6115667,2968,2,,,
386162,20251015,103000,123000,4164,6115667,2968,2,,,
386163,20251022,103000,123000,4164,6115667,2968,2,,,
386163,20251022,103000,123000,4164,6115667,2968,2,,,
386164,20251029,103000,123000,4164,6115667,2968,2,,,
386164,20251029,103000,123000,4164,6115667,2968,2,,,
386165,20250511,103000,123000,4164,6115667,2968,2,,,
386165,20250511,103000,123000,4164,6115667,2968,2,,,
386166,20251211,103000,123000,4164,6115667,2968,2,,,
386166,20251211,103000,123000,4164,6115667,2968,2,,,
386167,20251119,103000,123000,4164,6115667,2968,2,,,
386167,20251119,103000,123000,4164,6115667,2968,2,,,
386168,20251126,103000,123000,4164,6115667,2968,2,,,
386168,20251126,103000,123000,4164,6115667,2968,2,,,
386169,20250312,103000,123000,4164,6115667,2968,2,,,
386169,20250312,103000,123000,4164,6115667,2968,2,,,
386170,20251012,103000,123000,4164,6115667,2968,2,,,
386170,20251012,103000,123000,4164,6115667,2968,2,,,
386171,20251217,103000,123000,4164,6115667,2968,2,,,
386171,20251217,103000,123000,4164,6115667,2968,2,,,
386355,20250925,91500,101500,4308,5995907,2291,2,,,
386355,20250925,91500,101500,4308,5995907,2301,2,,,
386355,20250925,91500,101500,4308,6082490,2291,2,,,
386355,20250925,91500,101500,4308,6082490,2301,2,,,
386356,20250210,91500,101500,4308,5995907,2291,2,,,
386356,20250210,91500,101500,4308,5995907,2301,2,,,
386356,20250210,91500,101500,4308,6082490,2291,2,,,
386356,20250210,91500,101500,4308,6082490,2301,2,,,
386368,20250925,103000,123000,4308,5995907,2291,2,,,
386368,20250925,103000,123000,4308,5995907,2301,2,,,
386368,20250925,103000,123000,4308,6082490,2291,2,,,
386368,20250925,103000,123000,4308,6082490,2301,2,,,
386369,20250210,103000,123000,4308,5995907,2291,2,,,
386369,20250210,103000,123000,4308,5995907,2301,2,,,
386369,20250210,103000,123000,4308,6082490,2291,2,,,
386369,20250210,103000,123000,4308,6082490,2301,2,,,
386394,20250922,91500,101500,4191,5753414,2322,2,,,
386394,20250922,91500,101500,4191,5753414,2322,2,,,
386394,20250922,91500,101500,4191,5816398,2322,2,,,
386394,20250922,91500,101500,4191,5816398,2322,2,,,
386395,20250929,91500,101500,4191,5753414,2322,2,,,
386395,20250929,91500,101500,4191,5753414,2322,2,,,
386395,20250929,91500,101500,4191,5816398,2322,2,,,
386395,20250929,91500,101500,4191,5816398,2322,2,,,
386396,20250610,91500,101500,4191,5753414,2322,2,,,
386396,20250610,91500,101500,4191,5753414,2322,2,,,
386396,20250610,91500,101500,4191,5753414,2301,2,,,
386396,20250610,91500,101500,4191,5816398,2322,2,,,
386396,20250610,91500,101500,4191,5816398,2322,2,,,
386396,20250610,91500,101500,4191,5816398,2301,2,,,
386396,20250610,91500,101500,4191,5915911,2322,2,,,
386396,20250610,91500,101500,4191,5915911,2301,2,,,
386397,20251013,91500,101500,4191,5753414,2322,2,,,
386397,20251013,91500,101500,4191,5753414,2322,2,,,
386397,20251013,91500,101500,4191,5753414,2301,2,,,
386397,20251013,91500,101500,4191,5816398,2322,2,,,
386397,20251013,91500,101500,4191,5816398,2322,2,,,
386397,20251013,91500,101500,4191,5816398,2301,2,,,
386397,20251013,91500,101500,4191,5915911,2322,2,,,
386397,20251013,91500,101500,4191,5915911,2301,2,,,
386398,20251020,91500,101500,4191,5753414,2322,2,,,
386398,20251020,91500,101500,4191,5753414,2322,2,,,
386398,20251020,91500,101500,4191,5753414,2301,2,,,
386398,20251020,91500,101500,4191,5816398,2322,2,,,
386398,20251020,91500,101500,4191,5816398,2322,2,,,
386398,20251020,91500,101500,4191,5816398,2301,2,,,
386398,20251020,91500,101500,4191,5915911,2322,2,,,
386398,20251020,91500,101500,4191,5915911,2301,2,,,
386400,20250311,91500,101500,4191,5753414,2322,2,,,
386400,20250311,91500,101500,4191,5753414,2322,2,,,
386400,20250311,91500,101500,4191,5753414,2301,2,,,
386400,20250311,91500,101500,4191,5816398,2322,2,,,
386400,20250311,91500,101500,4191,5816398,2322,2,,,
386400,20250311,91500,101500,4191,5816398,2301,2,,,
386400,20250311,91500,101500,4191,5915911,2322,2,,,
386400,20250311,91500,101500,4191,5915911,2301,2,,,
386407,20250922,103000,123000,4191,5753414,2322,2,,,
386407,20250922,103000,123000,4191,5753414,2322,2,,,
386407,20250922,103000,123000,4191,5816398,2322,2,,,
386407,20250922,103000,123000,4191,5816398,2322,2,,,
386408,20250929,103000,123000,4191,5753414,2322,2,,,
386408,20250929,103000,123000,4191,5753414,2322,2,,,
386408,20250929,103000,123000,4191,5816398,2322,2,,,
386408,20250929,103000,123000,4191,5816398,2322,2,,,
386409,20250610,103000,123000,4191,5753414,2322,2,,,
386409,20250610,103000,123000,4191,5753414,2322,2,,,
386409,20250610,103000,123000,4191,5753414,2301,2,,,
386409,20250610,103000,123000,4191,5816398,2322,2,,,
386409,20250610,103000,123000,4191,5816398,2322,2,,,
386409,20250610,103000,123000,4191,5816398,2301,2,,,
386409,20250610,103000,123000,4191,5915911,2322,2,,,
386409,20250610,103000,123000,4191,5915911,2301,2,,,
386410,20251013,103000,123000,4191,5753414,2322,2,,,
386410,20251013,103000,123000,4191,5753414,2322,2,,,
386410,20251013,103000,123000,4191,5753414,2301,2,,,
386410,20251013,103000,123000,4191,5816398,2322,2,,,
386410,20251013,103000,123000,4191,5816398,2322,2,,,
386410,20251013,103000,123000,4191,5816398,2301,2,,,
386410,20251013,103000,123000,4191,5915911,2322,2,,,
386410,20251013,103000,123000,4191,5915911,2301,2,,,
386411,20251020,103000,123000,4191,5753414,2322,2,,,
386411,20251020,103000,123000,4191,5753414,2322,2,,,
386411,20251020,103000,123000,4191,5753414,2301,2,,,
386411,20251020,103000,123000,4191,5816398,2322,2,,,
386411,20251020,103000,123000,4191,5816398,2322,2,,,
386411,20251020,103000,123000,4191,5816398,2301,2,,,
386411,20251020,103000,123000,4191,5915911,2322,2,,,
386411,20251020,103000,123000,4191,5915911,2301,2,,,
386413,20250311,103000,123000,4191,5753414,2322,2,,,
386413,20250311,103000,123000,4191,5753414,2322,2,,,
386413,20250311,103000,123000,4191,5753414,2301,2,,,
386413,20250311,103000,123000,4191,5816398,2322,2,,,
386413,20250311,103000,123000,4191,5816398,2322,2,,,
386413,20250311,103000,123000,4191,5816398,2301,2,,,
386413,20250311,103000,123000,4191,5915911,2322,2,,,
386413,20250311,103000,123000,4191,5915911,2301,2,,,
386594,20251015,91500,101500,4191,5830094,2313,2,,,
386594,20251015,91500,101500,4191,5830094,2313,2,,,
386594,20251015,91500,101500,4191,5889391,2313,2,,,
386594,20251015,91500,101500,4191,5889391,2313,2,,,
386595,20251022,91500,101500,4191,5830094,2313,2,,,
386595,20251022,91500,101500,4191,5830094,2313,2,,,
386595,20251022,91500,101500,4191,5889391,2313,2,,,
386595,20251022,91500,101500,4191,5889391,2313,2,,,
386596,20251029,91500,101500,4191,5830094,2313,2,,,
386596,20251029,91500,101500,4191,5830094,2313,2,,,
386596,20251029,91500,101500,4191,5889391,2313,2,,,
386596,20251029,91500,101500,4191,5889391,2313,2,,,
386597,20250511,91500,101500,4191,5830094,2313,2,,,
386597,20250511,91500,101500,4191,5830094,2313,2,,,
386597,20250511,91500,101500,4191,5889391,2313,2,,,
386597,20250511,91500,101500,4191,5889391,2313,2,,,
386598,20251211,91500,101500,4191,5830094,2313,2,,,
386598,20251211,91500,101500,4191,5830094,2313,2,,,
386598,20251211,91500,101500,4191,5889391,2313,2,,,
386598,20251211,91500,101500,4191,5889391,2313,2,,,
386599,20251119,91500,101500,4191,5830094,2313,2,,,
386599,20251119,91500,101500,4191,5830094,2313,2,,,
386599,20251119,91500,101500,4191,5889391,2313,2,,,
386599,20251119,91500,101500,4191,5889391,2313,2,,,
386600,20251126,91500,101500,4191,5830094,2313,2,,,
386600,20251126,91500,101500,4191,5830094,2313,2,,,
386600,20251126,91500,101500,4191,5889391,2313,2,,,
386600,20251126,91500,101500,4191,5889391,2313,2,,,
386601,20250312,91500,101500,4191,5830094,2313,2,,,
386601,20250312,91500,101500,4191,5830094,2313,2,,,
386601,20250312,91500,101500,4191,5889391,2313,2,,,
386601,20250312,91500,101500,4191,5889391,2313,2,,,
386602,20251012,91500,101500,4191,5830094,2313,2,,,
386602,20251012,91500,101500,4191,5830094,2313,2,,,
386602,20251012,91500,101500,4191,5889391,2313,2,,,
386602,20251012,91500,101500,4191,5889391,2313,2,,,
386603,20251217,91500,101500,4191,5830094,2313,2,,,
386603,20251217,91500,101500,4191,5830094,2313,2,,,
386603,20251217,91500,101500,4191,5889391,2313,2,,,
386603,20251217,91500,101500,4191,5889391,2313,2,,,
386607,20251015,103000,123000,4191,5830094,2313,2,,,
386607,20251015,103000,123000,4191,5830094,2313,2,,,
386607,20251015,103000,123000,4191,5889391,2313,2,,,
386607,20251015,103000,123000,4191,5889391,2313,2,,,
386608,20251022,103000,123000,4191,5830094,2313,2,,,
386608,20251022,103000,123000,4191,5830094,2313,2,,,
386608,20251022,103000,123000,4191,5889391,2313,2,,,
386608,20251022,103000,123000,4191,5889391,2313,2,,,
386609,20251029,103000,123000,4191,5830094,2313,2,,,
386609,20251029,103000,123000,4191,5830094,2313,2,,,
386609,20251029,103000,123000,4191,5889391,2313,2,,,
386609,20251029,103000,123000,4191,5889391,2313,2,,,
386610,20250511,103000,123000,4191,5830094,2313,2,,,
386610,20250511,103000,123000,4191,5830094,2313,2,,,
386610,20250511,103000,123000,4191,5889391,2313,2,,,
386610,20250511,103000,123000,4191,5889391,2313,2,,,
386611,20251211,103000,123000,4191,5830094,2313,2,,,
386611,20251211,103000,123000,4191,5830094,2313,2,,,
386611,20251211,103000,123000,4191,5889391,2313,2,,,
386611,20251211,103000,123000,4191,5889391,2313,2,,,
386612,20251119,103000,123000,4191,5830094,2313,2,,,
386612,20251119,103000,123000,4191,5830094,2313,2,,,
386612,20251119,103000,123000,4191,5889391,2313,2,,,
386612,20251119,103000,123000,4191,5889391,2313,2,,,
386613,20251126,103000,123000,4191,5830094,2313,2,,,
386613,20251126,103000,123000,4191,5830094,2313,2,,,
386613,20251126,103000,123000,4191,5889391,2313,2,,,
386613,20251126,103000,123000,4191,5889391,2313,2,,,
386614,20250312,103000,123000,4191,5830094,2313,2,,,
386614,20250312,103000,123000,4191,5830094,2313,2,,,
386614,20250312,103000,123000,4191,5889391,2313,2,,,
386614,20250312,103000,123000,4191,5889391,2313,2,,,
386615,20251012,103000,123000,4191,5830094,2313,2,,,
386615,20251012,103000,123000,4191,5830094,2313,2,,,
386615,20251012,103000,123000,4191,5889391,2313,2,,,
386615,20251012,103000,123000,4191,5889391,2313,2,,,
386616,20251217,103000,123000,4191,5830094,2313,2,,,
386616,20251217,103000,123000,4191,5830094,2313,2,,,
386616,20251217,103000,123000,4191,5889391,2313,2,,,
386616,20251217,103000,123000,4191,5889391,2313,2,,,
387561,20250922,81500,101500,4139,5796255,2291,2,,,
387561,20250922,81500,101500,4139,5796255,2291,2,,,
387561,20250922,81500,101500,4139,5937307,2291,2,,,
387561,20250922,81500,101500,4139,5937307,2291,2,,,
387562,20250929,81500,101500,4139,5796255,2291,2,,,
387562,20250929,81500,101500,4139,5796255,2291,2,,,
387562,20250929,81500,101500,4139,5796255,1622,2,,,
387562,20250929,81500,101500,4139,5937307,2291,2,,,
387562,20250929,81500,101500,4139,5937307,2291,2,,,
387562,20250929,81500,101500,4139,5937307,1622,2,,,
387562,20250929,81500,101500,4139,5976641,2291,2,,,
387562,20250929,81500,101500,4139,5976641,1622,2,,,
387563,20250610,81500,101500,4139,5796255,2291,2,,,
387563,20250610,81500,101500,4139,5796255,2291,2,,,
387563,20250610,81500,101500,4139,5937307,2291,2,,,
387563,20250610,81500,101500,4139,5937307,2291,2,,,
387564,20251013,81500,101500,4139,5796255,2291,2,,,
387564,20251013,81500,101500,4139,5796255,2291,2,,,
387564,20251013,81500,101500,4139,5796255,2323,2,,,
387564,20251013,81500,101500,4139,5937307,2291,2,,,
387564,20251013,81500,101500,4139,5937307,2291,2,,,
387564,20251013,81500,101500,4139,5937307,2323,2,,,
387564,20251013,81500,101500,4139,5976641,2291,2,,,
387564,20251013,81500,101500,4139,5976641,2323,2,,,
387565,20251020,81500,101500,4139,5796255,2291,2,,,
387565,20251020,81500,101500,4139,5796255,2291,2,,,
387565,20251020,81500,101500,4139,5796255,2299,2,,,
387565,20251020,81500,101500,4139,5937307,2291,2,,,
387565,20251020,81500,101500,4139,5937307,2291,2,,,
387565,20251020,81500,101500,4139,5937307,2299,2,,,
387565,20251020,81500,101500,4139,5976641,2291,2,,,
387565,20251020,81500,101500,4139,5976641,2299,2,,,
387566,20251027,81500,101500,4139,5796255,2291,2,,,
387566,20251027,81500,101500,4139,5796255,2291,2,,,
387566,20251027,81500,101500,4139,5796255,2299,2,,,
387566,20251027,81500,101500,4139,5937307,2291,2,,,
387566,20251027,81500,101500,4139,5937307,2291,2,,,
387566,20251027,81500,101500,4139,5937307,2299,2,,,
387566,20251027,81500,101500,4139,5976641,2291,2,,,
387566,20251027,81500,101500,4139,5976641,2299,2,,,
387567,20250311,81500,101500,4139,5796255,2291,2,,,
387567,20250311,81500,101500,4139,5796255,2291,2,,,
387567,20250311,81500,101500,4139,5937307,2291,2,,,
387567,20250311,81500,101500,4139,5937307,2291,2,,,
387569,20251117,81500,101500,4139,5796255,2291,2,,,
387569,20251117,81500,101500,4139,5796255,2291,2,,,
387569,20251117,81500,101500,4139,5796255,2311,2,,,
387569,20251117,81500,101500,4139,5937307,2291,2,,,
387569,20251117,81500,101500,4139,5937307,2291,2,,,
387569,20251117,81500,101500,4139,5937307,2311,2,,,
387569,20251117,81500,101500,4139,5976641,2291,2,,,
387569,20251117,81500,101500,4139,5976641,2311,2,,,
387570,20251124,81500,101500,4139,5796255,2291,2,,,
387570,20251124,81500,101500,4139,5796255,2291,2,,,
387570,20251124,81500,101500,4139,5796255,2311,2,,,
387570,20251124,81500,101500,4139,5937307,2291,2,,,
387570,20251124,81500,101500,4139,5937307,2291,2,,,
387570,20251124,81500,101500,4139,5937307,2311,2,,,
387570,20251124,81500,101500,4139,5976641,2291,2,,,
387570,20251124,81500,101500,4139,5976641,2311,2,,,
387571,20250112,81500,101500,4139,5796255,2291,2,,,
387571,20250112,81500,101500,4139,5796255,2291,2,,,
387571,20250112,81500,101500,4139,5796255,2311,2,,,
387571,20250112,81500,101500,4139,5937307,2291,2,,,
387571,20250112,81500,101500,4139,5937307,2291,2,,,
387571,20250112,81500,101500,4139,5937307,2311,2,,,
387571,20250112,81500,101500,4139,5976641,2291,2,,,
387571,20250112,81500,101500,4139,5976641,2311,2,,,
387572,20250812,81500,101500,4139,5796255,2291,2,,,
387572,20250812,81500,101500,4139,5796255,2291,2,,,
387572,20250812,81500,101500,4139,5796255,2311,2,,,
387572,20250812,81500,101500,4139,5937307,2291,2,,,
387572,20250812,81500,101500,4139,5937307,2291,2,,,
387572,20250812,81500,101500,4139,5937307,2311,2,,,
387572,20250812,81500,101500,4139,5976641,2291,2,,,
387572,20250812,81500,101500,4139,5976641,2311,2,,,
387573,20251215,81500,101500,4139,5796255,2291,2,,,
387573,20251215,81500,101500,4139,5796255,2291,2,,,
387573,20251215,81500,101500,4139,5796255,515,2,,,
387573,20251215,81500,101500,4139,5937307,2291,2,,,
387573,20251215,81500,101500,4139,5937307,2291,2,,,
387573,20251215,81500,101500,4139,5937307,515,2,,,
387573,20251215,81500,101500,4139,5976641,2291,2,,,
387573,20251215,81500,101500,4139,5976641,515,2,,,
387614,20250923,81500,101500,4138,5796254,2296,2,,,
387614,20250923,81500,101500,4138,5796254,2296,2,,,
387614,20250923,81500,101500,4138,5796254,2326,2,,,
387614,20250923,81500,101500,4138,5937306,2296,2,,,
387614,20250923,81500,101500,4138,5937306,2296,2,,,
387614,20250923,81500,101500,4138,5937306,2326,2,,,
387615,20250930,81500,101500,4138,5796254,2296,2,,,
387615,20250930,81500,101500,4138,5796254,2296,2,,,
387615,20250930,81500,101500,4138,5796254,2326,2,,,
387615,20250930,81500,101500,4138,5937306,2296,2,,,
387615,20250930,81500,101500,4138,5937306,2296,2,,,
387615,20250930,81500,101500,4138,5937306,2326,2,,,
387616,20250710,81500,101500,4138,5796254,2296,2,,,
387616,20250710,81500,101500,4138,5796254,2296,2,,,
387616,20250710,81500,101500,4138,5937306,2296,2,,,
387616,20250710,81500,101500,4138,5937306,2296,2,,,
387617,20251014,81500,101500,4138,5796254,2296,2,,,
387617,20251014,81500,101500,4138,5796254,2296,2,,,
387617,20251014,81500,101500,4138,5937306,2296,2,,,
387617,20251014,81500,101500,4138,5937306,2296,2,,,
387618,20251021,81500,101500,4138,5796254,2296,2,,,
387618,20251021,81500,101500,4138,5796254,2296,2,,,
387618,20251021,81500,101500,4138,5937306,2296,2,,,
387618,20251021,81500,101500,4138,5937306,2296,2,,,
387619,20251028,81500,101500,4138,5796254,2296,2,,,
387619,20251028,81500,101500,4138,5796254,2296,2,,,
387619,20251028,81500,101500,4138,5937306,2296,2,,,
387619,20251028,81500,101500,4138,5937306,2296,2,,,
387620,20250411,81500,101500,4138,5796254,2296,2,,,
387620,20250411,81500,101500,4138,5796254,2296,2,,,
387620,20250411,81500,101500,4138,5937306,2296,2,,,
387620,20250411,81500,101500,4138,5937306,2296,2,,,
387622,20251118,81500,101500,4138,5796254,2296,2,,,
387622,20251118,81500,101500,4138,5796254,2296,2,,,
387622,20251118,81500,101500,4138,5796254,2326,2,,,
387622,20251118,81500,101500,4138,5937306,2296,2,,,
387622,20251118,81500,101500,4138,5937306,2296,2,,,
387622,20251118,81500,101500,4138,5937306,2326,2,,,
387623,20251125,81500,101500,4138,5796254,2296,2,,,
387623,20251125,81500,101500,4138,5796254,2296,2,,,
387623,20251125,81500,101500,4138,5937306,2296,2,,,
387623,20251125,81500,101500,4138,5937306,2296,2,,,
387624,20250212,81500,101500,4138,5796254,2296,2,,,
387624,20250212,81500,101500,4138,5796254,2296,2,,,
387624,20250212,81500,101500,4138,5937306,2296,2,,,
387624,20250212,81500,101500,4138,5937306,2296,2,,,
387625,20250912,81500,101500,4138,5796254,2296,2,,,
387625,20250912,81500,101500,4138,5796254,2296,2,,,
387625,20250912,81500,101500,4138,5937306,2296,2,,,
387625,20250912,81500,101500,4138,5937306,2296,2,,,
387626,20251216,81500,101500,4138,5796254,2296,2,,,
387626,20251216,81500,101500,4138,5796254,2296,2,,,
387626,20251216,81500,101500,4138,5937306,2296,2,,,
387626,20251216,81500,101500,4138,5937306,2296,2,,,
387640,20250923,103000,123000,4137,5796253,2317,2,,,
387640,20250923,103000,123000,4137,5796253,1614,2,,,
387640,20250923,103000,123000,4137,5796253,2295,2,,,
387640,20250923,103000,123000,4137,5937305,2317,2,,,
387640,20250923,103000,123000,4137,5937305,1614,2,,,
387640,20250923,103000,123000,4137,5937305,2295,2,,,
387913,20251010,133000,153000,4304,5796412,2968,2,,,
387913,20250810,133000,153000,4304,5796412,523,2,,,
387913,20251010,133000,153000,4304,5937464,2968,2,,,
387913,20250810,133000,153000,4304,5937464,523,2,,,
387918,20251114,133000,153000,4304,5796412,2968,2,,,
387918,20251211,133000,153000,4304,5796412,520,2,,,
387918,20251114,133000,153000,4304,5937464,2968,2,,,
387918,20251211,133000,153000,4304,5937464,520,2,,,
387922,20251212,133000,153000,4304,5796412,2968,2,,,
387922,20251012,133000,153000,4304,5796412,515,2,,,
387922,20251212,133000,153000,4304,5937464,2968,2,,,
387922,20251012,133000,153000,4304,5937464,515,2,,,
387939,20251010,154500,164500,4304,5796412,2968,2,,,
387939,20250810,154500,164500,4304,5796412,523,2,,,
387939,20251010,154500,164500,4304,5937464,2968,2,,,
387939,20250810,154500,164500,4304,5937464,523,2,,,
387944,20251114,154500,164500,4304,5796412,2968,2,,,
387944,20251211,154500,164500,4304,5796412,520,2,,,
387944,20251114,154500,164500,4304,5937464,2968,2,,,
387944,20251211,154500,164500,4304,5937464,520,2,,,
387948,20251212,154500,164500,4304,5796412,2968,2,,,
387948,20251012,154500,164500,4304,5796412,515,2,,,
387948,20251212,154500,164500,4304,5937464,2968,2,,,
387948,20251012,154500,164500,4304,5937464,515,2,,,
388958,20260521,133000,164500,4871,5971518,514,7,,,
388958,20260521,133000,164500,4871,5971518,514,7,,,
388958,20260521,133000,164500,4871,5987581,514,7,,,
388958,20260521,133000,164500,4871,5987581,514,7,,,
388959,20260227,133000,164500,4871,5947946,514,7,,,
388959,20260227,133000,164500,4871,5947946,514,7,,,
388959,20260227,133000,164500,4871,5971496,514,7,,,
388959,20260227,133000,164500,4871,5971496,514,7,,,
388959,20260227,133000,164500,4871,5987559,514,7,,,
388959,20260227,133000,164500,4871,5987559,514,7,,,
388959,20260227,133000,164500,4871,5987603,514,7,,,
388959,20260227,133000,164500,4871,5987603,514,7,,,
389107,20260522,133000,164500,4871,5947946,514,7,,,
389107,20260522,133000,164500,4871,5947946,514,7,,,
389107,20260522,133000,164500,4871,5971496,514,7,,,
389107,20260522,133000,164500,4871,5971496,514,7,,,
389107,20260522,133000,164500,4871,5987559,514,7,,,
389107,20260522,133000,164500,4871,5987559,514,7,,,
389107,20260522,133000,164500,4871,5987603,514,7,,,
389107,20260522,133000,164500,4871,5987603,514,7,,,
389108,20260226,133000,164500,4871,5971518,514,7,,,
389108,20260226,133000,164500,4871,5971518,514,7,,,
389108,20260226,133000,164500,4871,5987581,514,7,,,
389108,20260226,133000,164500,4871,5987581,514,7,,,
389109,20260313,133000,164500,4871,5947946,514,7,,,
389109,20260313,133000,164500,4871,5947946,514,7,,,
389109,20260313,133000,164500,4871,5971496,514,7,,,
389109,20260313,133000,164500,4871,5971496,514,7,,,
389109,20260313,133000,164500,4871,5987559,514,7,,,
389109,20260313,133000,164500,4871,5987559,514,7,,,
389109,20260313,133000,164500,4871,5987603,514,7,,,
389109,20260313,133000,164500,4871,5987603,514,7,,,
389110,20261203,133000,164500,4871,5971518,514,7,,,
389110,20261203,133000,164500,4871,5971518,514,7,,,
389110,20261203,133000,164500,4871,5987581,514,7,,,
389110,20261203,133000,164500,4871,5987581,514,7,,,
389111,20260304,133000,164500,4871,5947946,514,7,,,
389111,20260304,133000,164500,4871,5947946,514,7,,,
389111,20260304,133000,164500,4871,5971496,514,7,,,
389111,20260304,133000,164500,4871,5971496,514,7,,,
389111,20260304,133000,164500,4871,5987559,514,7,,,
389111,20260304,133000,164500,4871,5987559,514,7,,,
389111,20260304,133000,164500,4871,5987603,514,7,,,
389111,20260304,133000,164500,4871,5987603,514,7,,,
389112,20260204,133000,164500,4871,5971518,514,7,,,
389112,20260204,133000,164500,4871,5971518,514,7,,,
389112,20260204,133000,164500,4871,5987581,514,7,,,
389112,20260204,133000,164500,4871,5987581,514,7,,,
389113,20260529,133000,164500,4871,5947946,514,7,,,
389113,20260529,133000,164500,4871,5947946,514,7,,,
389113,20260529,133000,164500,4871,5971496,514,7,,,
389113,20260529,133000,164500,4871,5971496,514,7,,,
389113,20260529,133000,164500,4871,5987559,514,7,,,
389113,20260529,133000,164500,4871,5987559,514,7,,,
389113,20260529,133000,164500,4871,5987603,514,7,,,
389113,20260529,133000,164500,4871,5987603,514,7,,,
389114,20260528,133000,164500,4871,5971518,514,7,,,
389114,20260528,133000,164500,4871,5971518,514,7,,,
389114,20260528,133000,164500,4871,5987581,514,7,,,
389114,20260528,133000,164500,4871,5987581,514,7,,,
389115,20260805,133000,164500,4871,5947946,514,7,,,
389115,20260805,133000,164500,4871,5947946,514,7,,,
389115,20260805,133000,164500,4871,5971496,514,7,,,
389115,20260805,133000,164500,4871,5971496,514,7,,,
389115,20260805,133000,164500,4871,5987559,514,7,,,
389115,20260805,133000,164500,4871,5987559,514,7,,,
389115,20260805,133000,164500,4871,5987603,514,7,,,
389115,20260805,133000,164500,4871,5987603,514,7,,,
389116,20260705,133000,164500,4871,5971518,514,7,,,
389116,20260705,133000,164500,4871,5971518,514,7,,,
389116,20260705,133000,164500,4871,5987581,514,7,,,
389116,20260705,133000,164500,4871,5987581,514,7,,,
389117,20260213,133000,164500,4871,5947946,514,7,,,
389117,20260213,133000,164500,4871,5947946,514,7,,,
389117,20260213,133000,164500,4871,5971496,514,7,,,
389117,20260213,133000,164500,4871,5971496,514,7,,,
389117,20260213,133000,164500,4871,5987559,514,7,,,
389117,20260213,133000,164500,4871,5987559,514,7,,,
389117,20260213,133000,164500,4871,5987603,514,7,,,
389117,20260213,133000,164500,4871,5987603,514,7,,,
389118,20261202,133000,164500,4871,5971518,514,7,,,
389118,20261202,133000,164500,4871,5971518,514,7,,,
389118,20261202,133000,164500,4871,5987581,514,7,,,
389118,20261202,133000,164500,4871,5987581,514,7,,,
389256,20250710,154500,174500,4452,5758035,2323,7,,,
389256,20250710,154500,174500,4452,5758035,2323,7,,,
389256,20250710,154500,174500,4452,5853570,2323,7,,,
389256,20250710,154500,174500,4452,5853570,2323,7,,,
389256,20250710,154500,174500,4452,5914962,2323,7,,,
389256,20250710,154500,174500,4452,5914962,2323,7,,,
389256,20250710,154500,174500,4452,5922489,2323,7,,,
389256,20250710,154500,174500,4452,5922489,2323,7,,,
389264,20251014,154500,174500,4452,5758035,2323,7,,,
389264,20251014,154500,174500,4452,5758035,2323,7,,,
389264,20251014,154500,174500,4452,5853570,2323,7,,,
389264,20251014,154500,174500,4452,5853570,2323,7,,,
389264,20251014,154500,174500,4452,5914962,2323,7,,,
389264,20251014,154500,174500,4452,5914962,2323,7,,,
389264,20251014,154500,174500,4452,5922489,2323,7,,,
389264,20251014,154500,174500,4452,5922489,2323,7,,,
391147,20250925,103000,123000,5347,5754055,2318,2,,,
391147,20250925,103000,123000,5347,5754055,2318,2,,,
391148,20250210,103000,123000,5347,5754055,2318,2,,,
391148,20250210,103000,123000,5347,5754055,2318,2,,,
391149,20250910,103000,123000,5347,5754055,2318,2,,,
391149,20250910,103000,123000,5347,5754055,2318,2,,,
391150,20251016,103000,123000,5347,5754055,2318,2,,,
391150,20251016,103000,123000,5347,5754055,2318,2,,,
391151,20251023,103000,123000,5347,5754055,2318,2,,,
391151,20251023,103000,123000,5347,5754055,2318,2,,,
391152,20251030,103000,123000,5347,5754055,2318,2,,,
391152,20251030,103000,123000,5347,5754055,2318,2,,,
391153,20250611,103000,123000,5347,5754055,2318,2,,,
391153,20250611,103000,123000,5347,5754055,2318,2,,,
391155,20251120,103000,123000,5347,5754055,2318,2,,,
391155,20251120,103000,123000,5347,5754055,2318,2,,,
391156,20251127,103000,123000,5347,5754055,2318,2,,,
391156,20251127,103000,123000,5347,5754055,2318,2,,,
391157,20250412,103000,123000,5347,5754055,2318,2,,,
391157,20250412,103000,123000,5347,5754055,2318,2,,,
391158,20251112,103000,123000,5347,5754055,2318,2,,,
391158,20251112,103000,123000,5347,5754055,2318,2,,,
391159,20251218,103000,123000,5347,5754055,2318,2,,,
391159,20251218,103000,123000,5347,5754055,2318,2,,,
391433,20250923,103000,123000,10790,6070080,1553,2,,,
391433,20250923,103000,123000,10790,6070080,1553,2,,,
391435,20250710,103000,123000,10790,6070080,1553,2,,,
391435,20250710,103000,123000,10790,6070080,1553,2,,,
391682,20251218,103000,123000,5366,5747715,515,2,,,
391682,20251218,103000,123000,5366,5747715,2304,2,,,
391682,20251218,103000,123000,5366,5786666,515,2,,,
391682,20251218,103000,123000,5366,5786666,2304,2,,,
391682,20251218,103000,123000,5366,5811783,515,2,,,
391682,20251218,103000,123000,5366,5811783,2304,2,,,
391682,20251218,103000,123000,5366,5913447,515,2,,,
391682,20251218,103000,123000,5366,5913447,2304,2,,,
391682,20251218,103000,123000,5366,5920575,515,2,,,
391682,20251218,103000,123000,5366,5920575,2304,2,,,
391722,20250929,103000,123000,5369,5749122,1622,2,,,
391722,20250929,103000,123000,5369,5749122,1556,2,,,
391723,20250610,103000,123000,5369,5749122,1622,2,,,
391723,20250610,103000,123000,5369,5749122,1595,2,,,
391724,20251013,103000,123000,5369,5749122,1622,2,,,
391724,20251013,103000,123000,5369,5749122,1595,2,,,
391725,20251020,103000,123000,5369,5749122,1622,2,,,
391725,20251020,103000,123000,5369,5749122,1595,2,,,
391726,20251027,103000,123000,5369,5749122,1622,2,,,
391726,20251027,103000,123000,5369,5749122,1595,2,,,
391727,20250311,103000,123000,5369,5749122,1622,2,,,
391727,20250311,103000,123000,5369,5749122,1595,2,,,
391728,20251117,103000,123000,5369,5749122,1622,2,,,
391728,20251117,103000,123000,5369,5749122,1595,2,,,
391729,20251124,103000,123000,5369,5749122,1622,2,,,
391729,20251124,103000,123000,5369,5749122,1595,2,,,
391730,20250112,103000,123000,5369,5749122,1622,2,,,
391730,20250112,103000,123000,5369,5749122,1595,2,,,
391731,20250812,103000,123000,5369,5749122,1622,2,,,
391731,20250812,103000,123000,5369,5749122,1595,2,,,
391732,20251215,103000,123000,5369,5749122,1622,2,,,
391732,20251215,103000,123000,5369,5749122,1595,2,,,
391860,20251031,154500,174500,3905,5801097,2302,7,,,
391860,20251031,154500,174500,3905,5801097,2299,7,,,
391860,20251031,133000,153000,3905,5801097,1594,7,,,
391860,20251031,154500,174500,3905,5820887,2302,7,,,
391860,20251031,154500,174500,3905,5820887,2299,7,,,
391860,20251031,133000,153000,3905,5820887,1594,7,,,
392432,20251013,91500,123000,5530,5769412,2309,2,,,
392432,20251013,91500,123000,5530,5769412,1574,2,,,
392433,20251020,91500,123000,5530,5769412,2309,2,,,
392433,20251020,91500,123000,5530,5769412,1574,2,,,
392433,20251020,91500,123000,5530,5769412,1574,2,,,
392434,20251027,91500,123000,5530,5769412,2309,2,,,
392434,20251027,91500,123000,5530,5769412,1574,2,,,
392435,20250311,91500,123000,5530,5769412,2309,2,,,
392435,20250311,91500,123000,5530,5769412,1574,2,,,
392436,20251117,91500,123000,5530,5769412,2309,2,,,
392436,20251117,91500,123000,5530,5769412,1574,2,,,
392437,20251124,91500,123000,5530,5769412,2309,2,,,
392437,20251124,91500,123000,5530,5769412,1574,2,,,
392438,20250112,91500,123000,5530,5769412,2309,2,,,
392438,20250112,91500,123000,5530,5769412,1574,2,,,
392439,20250812,91500,123000,5530,5769412,2309,2,,,
392439,20250812,91500,123000,5530,5769412,1574,2,,,
392440,20251215,91500,123000,5530,5769412,2309,2,,,
392440,20251215,91500,123000,5530,5769412,1574,2,,,
392514,20250923,103000,123000,5534,5769416,1595,2,,,
392514,20250923,103000,123000,5534,5769416,1570,2,,,
392698,20250930,133000,164500,5384,5869852,1539,2,,,
392698,20250930,133000,164500,5384,5869852,1591,2,,,
392740,20251017,81500,101500,5386,5869854,1603,2,,,
392740,20251014,103000,123000,5386,5869854,1539,2,,,
393468,20251212,133000,153000,3840,5777002,1125,2,,,
393468,20251212,133000,153000,3840,5777002,1125,2,,,
393468,20251212,133000,153000,3840,5777337,1125,2,,,
393468,20251212,133000,153000,3840,5777337,1125,2,,,
393468,20251212,133000,153000,3840,5893261,1125,2,,,
393468,20251212,133000,153000,3840,5893261,1125,2,,,
393468,20251212,133000,153000,3840,5899996,1125,2,,,
393468,20251212,133000,153000,3840,5899996,1125,2,,,
393468,20251212,133000,153000,3840,6140690,1125,2,,,
393468,20251212,133000,153000,3840,6140690,1125,2,,,
393783,20260701,133000,143000,4791,5732012,1120,2,,,
393783,20260701,133000,143000,4791,5732012,1120,2,,,
393783,20260701,133000,143000,4791,5900315,1120,2,,,
393783,20260701,133000,143000,4791,5900315,1120,2,,,
393783,20260701,133000,143000,4791,5900371,1120,2,,,
393783,20260701,133000,143000,4791,5900371,1120,2,,,
393783,20260701,133000,143000,4791,5974367,1120,2,,,
393783,20260701,133000,143000,4791,5974367,1120,2,,,
393783,20260701,133000,143000,4791,6048580,1120,2,,,
393783,20260701,133000,143000,4791,6048580,1120,2,,,
394473,20250922,103000,123000,4137,5807209,2304,2,,,
394473,20250922,103000,123000,4137,5807209,2304,2,,,
394474,20250929,103000,123000,4137,5807209,2304,2,,,
394474,20250929,103000,123000,4137,5807209,2304,2,,,
394474,20250929,103000,123000,4137,5807209,2317,2,,,
394474,20250929,103000,123000,4137,5830069,2304,2,,,
394474,20250929,103000,123000,4137,5830069,2317,2,,,
394475,20250610,103000,123000,4137,5807209,2304,2,,,
394475,20250610,103000,123000,4137,5807209,2304,2,,,
394475,20250610,103000,123000,4137,5807209,2317,2,,,
394475,20250610,103000,123000,4137,5830069,2304,2,,,
394475,20250610,103000,123000,4137,5830069,2317,2,,,
394476,20251013,103000,123000,4137,5807209,2304,2,,,
394476,20251013,103000,123000,4137,5807209,2304,2,,,
394477,20251020,103000,123000,4137,5807209,2304,2,,,
394477,20251020,103000,123000,4137,5807209,2304,2,,,
394478,20251027,103000,123000,4137,5807209,2304,2,,,
394478,20251027,103000,123000,4137,5807209,2304,2,,,
394479,20250311,103000,123000,4137,5807209,2304,2,,,
394479,20250311,103000,123000,4137,5807209,2304,2,,,
394481,20251117,103000,123000,4137,5807209,2304,2,,,
394481,20251117,103000,123000,4137,5807209,2304,2,,,
394482,20251124,103000,123000,4137,5807209,2304,2,,,
394482,20251124,103000,123000,4137,5807209,2304,2,,,
394483,20250112,103000,123000,4137,5807209,2304,2,,,
394483,20250112,103000,123000,4137,5807209,2304,2,,,
394484,20250812,103000,123000,4137,5807209,2304,2,,,
394484,20250812,103000,123000,4137,5807209,2304,2,,,
394485,20251215,103000,123000,4137,5807209,2304,2,,,
394485,20251215,103000,123000,4137,5807209,2304,2,,,
394486,20250922,81500,101500,4139,5807211,520,2,,,
394486,20250923,154500,174500,4139,5807211,520,2,,,
394486,20250922,81500,101500,4139,5807211,520,2,,,
394486,20250922,81500,101500,4139,5830071,520,2,,,
394486,20250923,154500,174500,4139,5830071,520,2,,,
394486,20250922,81500,101500,4139,5830071,520,2,,,
394487,20250929,81500,101500,4139,5807211,520,2,,,
394487,20250930,154500,174500,4139,5807211,520,2,,,
394487,20250929,81500,101500,4139,5807211,520,2,,,
394487,20250929,81500,101500,4139,5830071,520,2,,,
394487,20250930,154500,174500,4139,5830071,520,2,,,
394487,20250929,81500,101500,4139,5830071,520,2,,,
394488,20250610,81500,101500,4139,5807211,520,2,,,
394488,20250710,154500,174500,4139,5807211,520,2,,,
394488,20250610,81500,101500,4139,5807211,520,2,,,
394488,20250610,81500,101500,4139,5830071,520,2,,,
394488,20250710,154500,174500,4139,5830071,520,2,,,
394488,20250610,81500,101500,4139,5830071,520,2,,,
394489,20251013,81500,101500,4139,5807211,520,2,,,
394489,20251014,154500,174500,4139,5807211,520,2,,,
394489,20251013,81500,101500,4139,5807211,520,2,,,
394489,20251013,81500,101500,4139,5830071,520,2,,,
394489,20251014,154500,174500,4139,5830071,520,2,,,
394489,20251013,81500,101500,4139,5830071,520,2,,,
394490,20251020,81500,101500,4139,5807211,520,2,,,
394490,20251021,154500,174500,4139,5807211,520,2,,,
394490,20251020,81500,101500,4139,5807211,520,2,,,
394490,20251020,81500,101500,4139,5830071,520,2,,,
394490,20251021,154500,174500,4139,5830071,520,2,,,
394490,20251020,81500,101500,4139,5830071,520,2,,,
394491,20251027,81500,101500,4139,5807211,520,2,,,
394491,20251028,154500,174500,4139,5807211,520,2,,,
394491,20251027,81500,101500,4139,5807211,520,2,,,
394491,20251027,81500,101500,4139,5830071,520,2,,,
394491,20251028,154500,174500,4139,5830071,520,2,,,
394491,20251027,81500,101500,4139,5830071,520,2,,,
394492,20250311,81500,101500,4139,5807211,520,2,,,
394492,20250411,154500,174500,4139,5807211,520,2,,,
394492,20250311,81500,101500,4139,5807211,520,2,,,
394492,20250311,81500,101500,4139,5830071,520,2,,,
394492,20250411,154500,174500,4139,5830071,520,2,,,
394492,20250311,81500,101500,4139,5830071,520,2,,,
394494,20251117,81500,101500,4139,5807211,520,2,,,
394494,20251118,154500,174500,4139,5807211,520,2,,,
394494,20251117,81500,101500,4139,5807211,520,2,,,
394494,20251117,81500,101500,4139,5830071,520,2,,,
394494,20251118,154500,174500,4139,5830071,520,2,,,
394494,20251117,81500,101500,4139,5830071,520,2,,,
394495,20251124,81500,101500,4139,5807211,520,2,,,
394495,20251125,154500,174500,4139,5807211,520,2,,,
394495,20251124,81500,101500,4139,5807211,520,2,,,
394495,20251124,81500,101500,4139,5830071,520,2,,,
394495,20251125,154500,174500,4139,5830071,520,2,,,
394495,20251124,81500,101500,4139,5830071,520,2,,,
394496,20250112,81500,101500,4139,5807211,520,2,,,
394496,20250212,154500,174500,4139,5807211,520,2,,,
394496,20250112,81500,101500,4139,5807211,520,2,,,
394496,20250112,81500,101500,4139,5830071,520,2,,,
394496,20250212,154500,174500,4139,5830071,520,2,,,
394496,20250112,81500,101500,4139,5830071,520,2,,,
394497,20250812,81500,101500,4139,5807211,520,2,,,
394497,20250912,154500,174500,4139,5807211,520,2,,,
394497,20250812,81500,101500,4139,5807211,520,2,,,
394497,20250812,81500,101500,4139,5830071,520,2,,,
394497,20250912,154500,174500,4139,5830071,520,2,,,
394497,20250812,81500,101500,4139,5830071,520,2,,,
394498,20251215,81500,101500,4139,5807211,520,2,,,
394498,20251216,154500,174500,4139,5807211,520,2,,,
394498,20251215,81500,101500,4139,5807211,520,2,,,
394498,20251215,81500,101500,4139,5830071,520,2,,,
394498,20251216,154500,174500,4139,5830071,520,2,,,
394498,20251215,81500,101500,4139,5830071,520,2,,,
394531,20251027,103000,123000,4167,5753214,2322,2,,,
394531,20251027,103000,123000,4167,5753214,1563,2,,,
394531,20251027,103000,123000,4167,5976668,2322,2,,,
394531,20251027,103000,123000,4167,5976668,1563,2,,,
394545,20250110,133000,153000,4137,5807209,2311,2,,,
394545,20250110,133000,153000,4137,5807209,520,2,,,
394545,20250110,133000,153000,4137,5830069,2311,2,,,
394545,20250110,133000,153000,4137,5830069,520,2,,,
394601,20250925,103000,123000,4140,5796256,1549,2,,,
394601,20250925,103000,123000,4140,5796256,1549,2,,,
394601,20250925,103000,123000,4140,5937308,1549,2,,,
394601,20250925,103000,123000,4140,5937308,1549,2,,,
394602,20250210,103000,123000,4140,5796256,1549,2,,,
394602,20250210,103000,123000,4140,5796256,1549,2,,,
394602,20250210,103000,123000,4140,5937308,1549,2,,,
394602,20250210,103000,123000,4140,5937308,1549,2,,,
394603,20250910,103000,123000,4140,5796256,1549,2,,,
394603,20250910,103000,123000,4140,5796256,1549,2,,,
394603,20250910,103000,123000,4140,5937308,1549,2,,,
394603,20250910,103000,123000,4140,5937308,1549,2,,,
394604,20251016,103000,123000,4140,5796256,1549,2,,,
394604,20251016,103000,123000,4140,5796256,1549,2,,,
394604,20251016,103000,123000,4140,5937308,1549,2,,,
394604,20251016,103000,123000,4140,5937308,1549,2,,,
394605,20251023,103000,123000,4140,5796256,1549,2,,,
394605,20251023,103000,123000,4140,5796256,1549,2,,,
394605,20251023,103000,123000,4140,5937308,1549,2,,,
394605,20251023,103000,123000,4140,5937308,1549,2,,,
394606,20251030,103000,123000,4140,5796256,1549,2,,,
394606,20251030,103000,123000,4140,5796256,1549,2,,,
394606,20251030,103000,123000,4140,5937308,1549,2,,,
394606,20251030,103000,123000,4140,5937308,1549,2,,,
394607,20250611,103000,123000,4140,5796256,1549,2,,,
394607,20250611,103000,123000,4140,5796256,1549,2,,,
394607,20250611,103000,123000,4140,5937308,1549,2,,,
394607,20250611,103000,123000,4140,5937308,1549,2,,,
394608,20251113,103000,123000,4140,5796256,1549,2,,,
394608,20251113,103000,123000,4140,5796256,1549,2,,,
394608,20251113,103000,123000,4140,5937308,1549,2,,,
394608,20251113,103000,123000,4140,5937308,1549,2,,,
394609,20251120,103000,123000,4140,5796256,1549,2,,,
394609,20251120,103000,123000,4140,5796256,1549,2,,,
394609,20251120,103000,123000,4140,5937308,1549,2,,,
394609,20251120,103000,123000,4140,5937308,1549,2,,,
394610,20251127,103000,123000,4140,5796256,1549,2,,,
394610,20251127,103000,123000,4140,5796256,1549,2,,,
394610,20251127,103000,123000,4140,5937308,1549,2,,,
394610,20251127,103000,123000,4140,5937308,1549,2,,,
394611,20250412,103000,123000,4140,5796256,1549,2,,,
394611,20250412,103000,123000,4140,5796256,1549,2,,,
394611,20250412,103000,123000,4140,5937308,1549,2,,,
394611,20250412,103000,123000,4140,5937308,1549,2,,,
394612,20251112,103000,123000,4140,5796256,1549,2,,,
394612,20251112,103000,123000,4140,5796256,1549,2,,,
394612,20251112,103000,123000,4140,5937308,1549,2,,,
394612,20251112,103000,123000,4140,5937308,1549,2,,,
394613,20251218,103000,123000,4140,5796256,1549,2,,,
394613,20251218,103000,123000,4140,5796256,1549,2,,,
394613,20251218,103000,123000,4140,5937308,1549,2,,,
394613,20251218,103000,123000,4140,5937308,1549,2,,,
395098,20250923,81500,101500,4310,5995908,2319,2,,,
395098,20250926,81500,101500,4310,5995908,2326,2,,,
395098,20250923,81500,101500,4310,6082491,2319,2,,,
395098,20250926,81500,101500,4310,6082491,2326,2,,,
395099,20250930,81500,101500,4310,5995908,2319,2,,,
395099,20250310,81500,101500,4310,5995908,2326,2,,,
395099,20250930,81500,101500,4310,6082491,2319,2,,,
395099,20250310,81500,101500,4310,6082491,2326,2,,,
395100,20250710,81500,101500,4310,5995908,2319,2,,,
395100,20251010,81500,101500,4310,5995908,2326,2,,,
395100,20250710,81500,101500,4310,6082491,2319,2,,,
395100,20251010,81500,101500,4310,6082491,2326,2,,,
395101,20251014,81500,101500,4310,5995908,2319,2,,,
395101,20251017,81500,101500,4310,5995908,2326,2,,,
395101,20251017,154500,174500,4310,5995908,2301,2,,,
395101,20251014,81500,101500,4310,6082491,2319,2,,,
395101,20251017,81500,101500,4310,6082491,2326,2,,,
395101,20251017,154500,174500,4310,6082491,2301,2,,,
395102,20251021,81500,101500,4310,5995908,2319,2,,,
395102,20251024,81500,101500,4310,5995908,2326,2,,,
395102,20251021,81500,101500,4310,6082491,2319,2,,,
395102,20251024,81500,101500,4310,6082491,2326,2,,,
395103,20251028,81500,101500,4310,5995908,2319,2,,,
395103,20251031,81500,101500,4310,5995908,2326,2,,,
395103,20251028,81500,101500,4310,6082491,2319,2,,,
395103,20251031,81500,101500,4310,6082491,2326,2,,,
395104,20250411,81500,101500,4310,5995908,2319,2,,,
395104,20250711,81500,101500,4310,5995908,2326,2,,,
395104,20250411,81500,101500,4310,6082491,2319,2,,,
395104,20250711,81500,101500,4310,6082491,2326,2,,,
395106,20251118,81500,101500,4310,5995908,2319,2,,,
395106,20251121,81500,101500,4310,5995908,2326,2,,,
395106,20251118,81500,101500,4310,6082491,2319,2,,,
395106,20251121,81500,101500,4310,6082491,2326,2,,,
395107,20251125,81500,101500,4310,5995908,2319,2,,,
395107,20251128,81500,101500,4310,5995908,2326,2,,,
395107,20251125,81500,101500,4310,6082491,2319,2,,,
395107,20251128,81500,101500,4310,6082491,2326,2,,,
395108,20250212,81500,101500,4310,5995908,2319,2,,,
395108,20250512,81500,101500,4310,5995908,2326,2,,,
395108,20250212,81500,101500,4310,6082491,2319,2,,,
395108,20250512,81500,101500,4310,6082491,2326,2,,,
395109,20250912,81500,101500,4310,5995908,2319,2,,,
395109,20251212,81500,101500,4310,5995908,2326,2,,,
395109,20250912,81500,101500,4310,6082491,2319,2,,,
395109,20251212,81500,101500,4310,6082491,2326,2,,,
395110,20251216,81500,101500,4310,5995908,2319,2,,,
395110,20251219,81500,101500,4310,5995908,2326,2,,,
395110,20251216,81500,101500,4310,6082491,2319,2,,,
395110,20251219,81500,101500,4310,6082491,2326,2,,,
395271,20250923,133000,163000,4146,5788377,2968,2,,,
395271,20250923,133000,163000,4146,5788377,2968,2,,,
395271,20250923,133000,163000,4146,5939153,2968,2,,,
395271,20250923,133000,163000,4146,5939153,2968,2,,,
395272,20250930,133000,163000,4146,5788377,2968,2,,,
395272,20250930,133000,163000,4146,5788377,2968,2,,,
395272,20250930,133000,163000,4146,5939153,2968,2,,,
395272,20250930,133000,163000,4146,5939153,2968,2,,,
395273,20250710,133000,163000,4146,5788377,2968,2,,,
395273,20250710,133000,163000,4146,5788377,2968,2,,,
395273,20250710,133000,163000,4146,5939153,2968,2,,,
395273,20250710,133000,163000,4146,5939153,2968,2,,,
395274,20251014,133000,163000,4146,5788377,2968,2,,,
395274,20251014,133000,163000,4146,5788377,2968,2,,,
395274,20251014,133000,163000,4146,5939153,2968,2,,,
395274,20251014,133000,163000,4146,5939153,2968,2,,,
395275,20251021,133000,163000,4146,5788377,2968,2,,,
395275,20251021,133000,163000,4146,5788377,2968,2,,,
395275,20251021,133000,163000,4146,5939153,2968,2,,,
395275,20251021,133000,163000,4146,5939153,2968,2,,,
395276,20251028,133000,163000,4146,5788377,2968,2,,,
395276,20251028,133000,163000,4146,5788377,2968,2,,,
395276,20251028,133000,163000,4146,5939153,2968,2,,,
395276,20251028,133000,163000,4146,5939153,2968,2,,,
395277,20250411,133000,163000,4146,5788377,2968,2,,,
395277,20250411,133000,163000,4146,5788377,2968,2,,,
395277,20250411,133000,163000,4146,5939153,2968,2,,,
395277,20250411,133000,163000,4146,5939153,2968,2,,,
395279,20251118,133000,163000,4146,5788377,2968,2,,,
395279,20251118,133000,163000,4146,5788377,2968,2,,,
395279,20251118,133000,163000,4146,5939153,2968,2,,,
395279,20251118,133000,163000,4146,5939153,2968,2,,,
395280,20251125,133000,163000,4146,5788377,2968,2,,,
395280,20251125,133000,163000,4146,5788377,2968,2,,,
395280,20251125,133000,163000,4146,5939153,2968,2,,,
395280,20251125,133000,163000,4146,5939153,2968,2,,,
395281,20250212,133000,163000,4146,5788377,2968,2,,,
395281,20250212,133000,163000,4146,5788377,2968,2,,,
395281,20250212,133000,163000,4146,5939153,2968,2,,,
395281,20250212,133000,163000,4146,5939153,2968,2,,,
395282,20250912,133000,163000,4146,5788377,2968,2,,,
395282,20250912,133000,163000,4146,5788377,2968,2,,,
395282,20250912,133000,163000,4146,5939153,2968,2,,,
395282,20250912,133000,163000,4146,5939153,2968,2,,,
395283,20251216,133000,163000,4146,5788377,2968,2,,,
395283,20251216,133000,163000,4146,5788377,2968,2,,,
395283,20251216,133000,163000,4146,5939153,2968,2,,,
395283,20251216,133000,163000,4146,5939153,2968,2,,,
395354,20250412,81500,101500,6113,5889005,517,2,,,
395354,20250412,81500,101500,6113,5889005,517,2,,,
395378,20250929,103000,123000,4139,5788370,2291,2,,,
395378,20250929,103000,123000,4139,5788370,1622,2,,,
395379,20250610,103000,123000,4139,5788370,2291,2,,,
395379,20250610,103000,123000,4139,5788370,1622,2,,,
395380,20251013,103000,123000,4139,5788370,2291,2,,,
395380,20251013,103000,123000,4139,5788370,1622,2,,,
395381,20251020,103000,123000,4139,5788370,2291,2,,,
395381,20251020,103000,123000,4139,5788370,1622,2,,,
395382,20251027,103000,123000,4139,5788370,2291,2,,,
395382,20251027,103000,123000,4139,5788370,1622,2,,,
395383,20250311,103000,123000,4139,5788370,2291,2,,,
395383,20250311,103000,123000,4139,5788370,1622,2,,,
395385,20251117,103000,123000,4139,5788370,2291,2,,,
395385,20251117,103000,123000,4139,5788370,1622,2,,,
395386,20251124,103000,123000,4139,5788370,2291,2,,,
395386,20251124,103000,123000,4139,5788370,1622,2,,,
395387,20250112,103000,123000,4139,5788370,2291,2,,,
395387,20250112,103000,123000,4139,5788370,1622,2,,,
395387,20250112,103000,123000,4139,5788370,2311,2,,,
395388,20250812,103000,123000,4139,5788370,2291,2,,,
395388,20250812,103000,123000,4139,5788370,1622,2,,,
395389,20251215,103000,123000,4139,5788370,2291,2,,,
395389,20251215,103000,123000,4139,5788370,1622,2,,,
395451,20250925,133000,153000,4136,5788163,2313,2,,,
395451,20250925,133000,153000,4136,5788163,2316,2,,,
395451,20250925,133000,153000,4136,5939143,2313,2,,,
395451,20250925,133000,153000,4136,5939143,2316,2,,,
395451,20250925,133000,153000,4136,5976638,2313,2,,,
395451,20250925,133000,153000,4136,5976638,2316,2,,,
395452,20250210,133000,153000,4136,5788163,2313,2,,,
395452,20250210,133000,153000,4136,5788163,2316,2,,,
395452,20250210,133000,153000,4136,5939143,2313,2,,,
395452,20250210,133000,153000,4136,5939143,2316,2,,,
395452,20250210,133000,153000,4136,5976638,2313,2,,,
395452,20250210,133000,153000,4136,5976638,2316,2,,,
395509,20250923,133000,153000,4138,5872097,2313,2,,,
395509,20250923,133000,153000,4138,5872097,2313,2,,,
395509,20250923,133000,153000,4138,5872097,2313,2,,,
395509,20250923,133000,153000,4138,5872097,2313,2,,,
395509,20250923,133000,153000,4138,5937510,2313,2,,,
395509,20250923,133000,153000,4138,5937510,2313,2,,,
395509,20250923,133000,153000,4138,5937510,2313,2,,,
395509,20250923,133000,153000,4138,5937510,2313,2,,,
395510,20250930,133000,153000,4138,5872097,2313,2,,,
395510,20250930,133000,153000,4138,5872097,2313,2,,,
395510,20250930,133000,153000,4138,5872097,2313,2,,,
395510,20250930,133000,153000,4138,5872097,520,2,,,
395510,20250930,133000,153000,4138,5872097,520,2,,,
395510,20250930,133000,153000,4138,5937510,2313,2,,,
395510,20250930,133000,153000,4138,5937510,2313,2,,,
395510,20250930,133000,153000,4138,5937510,2313,2,,,
395510,20250930,133000,153000,4138,5937510,520,2,,,
395510,20250930,133000,153000,4138,5937510,520,2,,,
395510,20250930,133000,153000,4138,5976640,2313,2,,,
395510,20250930,133000,153000,4138,5976640,520,2,,,
395511,20250710,133000,153000,4138,5872097,2313,2,,,
395511,20250710,133000,153000,4138,5872097,2313,2,,,
395511,20250710,133000,153000,4138,5872097,2313,2,,,
395511,20250710,133000,153000,4138,5872097,2313,2,,,
395511,20250710,133000,153000,4138,5937510,2313,2,,,
395511,20250710,133000,153000,4138,5937510,2313,2,,,
395511,20250710,133000,153000,4138,5937510,2313,2,,,
395511,20250710,133000,153000,4138,5937510,2313,2,,,
395512,20251014,133000,153000,4138,5872097,2313,2,,,
395512,20251014,133000,153000,4138,5872097,2313,2,,,
395512,20251014,133000,153000,4138,5872097,2313,2,,,
395512,20251014,133000,153000,4138,5872097,2313,2,,,
395512,20251014,133000,153000,4138,5937510,2313,2,,,
395512,20251014,133000,153000,4138,5937510,2313,2,,,
395512,20251014,133000,153000,4138,5937510,2313,2,,,
395512,20251014,133000,153000,4138,5937510,2313,2,,,
395513,20251021,133000,153000,4138,5872097,2313,2,,,
395513,20251021,133000,153000,4138,5872097,2313,2,,,
395513,20251021,133000,153000,4138,5872097,2313,2,,,
395513,20251021,133000,153000,4138,5872097,2313,2,,,
395513,20251021,133000,153000,4138,5937510,2313,2,,,
395513,20251021,133000,153000,4138,5937510,2313,2,,,
395513,20251021,133000,153000,4138,5937510,2313,2,,,
395513,20251021,133000,153000,4138,5937510,2313,2,,,
395514,20251028,133000,153000,4138,5872097,2313,2,,,
395514,20251028,133000,153000,4138,5872097,2313,2,,,
395514,20251028,133000,153000,4138,5872097,2313,2,,,
395514,20251028,133000,153000,4138,5872097,2313,2,,,
395514,20251028,133000,153000,4138,5937510,2313,2,,,
395514,20251028,133000,153000,4138,5937510,2313,2,,,
395514,20251028,133000,153000,4138,5937510,2313,2,,,
395514,20251028,133000,153000,4138,5937510,2313,2,,,
395515,20250411,133000,153000,4138,5872097,2313,2,,,
395515,20250411,133000,153000,4138,5872097,2313,2,,,
395515,20250411,133000,153000,4138,5872097,2313,2,,,
395515,20250411,133000,153000,4138,5872097,2313,2,,,
395515,20250411,133000,153000,4138,5937510,2313,2,,,
395515,20250411,133000,153000,4138,5937510,2313,2,,,
395515,20250411,133000,153000,4138,5937510,2313,2,,,
395515,20250411,133000,153000,4138,5937510,2313,2,,,
395517,20251118,133000,153000,4138,5872097,2313,2,,,
395517,20251118,133000,153000,4138,5872097,2313,2,,,
395517,20251118,133000,153000,4138,5872097,2313,2,,,
395517,20251118,133000,153000,4138,5872097,2313,2,,,
395517,20251118,133000,153000,4138,5937510,2313,2,,,
395517,20251118,133000,153000,4138,5937510,2313,2,,,
395517,20251118,133000,153000,4138,5937510,2313,2,,,
395517,20251118,133000,153000,4138,5937510,2313,2,,,
395518,20251125,133000,153000,4138,5872097,2313,2,,,
395518,20251125,133000,153000,4138,5872097,2313,2,,,
395518,20251125,133000,153000,4138,5872097,2313,2,,,
395518,20251125,133000,153000,4138,5872097,2313,2,,,
395518,20251125,133000,153000,4138,5937510,2313,2,,,
395518,20251125,133000,153000,4138,5937510,2313,2,,,
395518,20251125,133000,153000,4138,5937510,2313,2,,,
395518,20251125,133000,153000,4138,5937510,2313,2,,,
395519,20250212,133000,153000,4138,5872097,2313,2,,,
395519,20250212,133000,153000,4138,5872097,2313,2,,,
395519,20250212,133000,153000,4138,5872097,2313,2,,,
395519,20250212,133000,153000,4138,5872097,2313,2,,,
395519,20250212,133000,153000,4138,5937510,2313,2,,,
395519,20250212,133000,153000,4138,5937510,2313,2,,,
395519,20250212,133000,153000,4138,5937510,2313,2,,,
395519,20250212,133000,153000,4138,5937510,2313,2,,,
395520,20250912,133000,153000,4138,5872097,2313,2,,,
395520,20250912,133000,153000,4138,5872097,2313,2,,,
395520,20250912,133000,153000,4138,5872097,2313,2,,,
395520,20250912,133000,153000,4138,5872097,2313,2,,,
395520,20250912,133000,153000,4138,5937510,2313,2,,,
395520,20250912,133000,153000,4138,5937510,2313,2,,,
395520,20250912,133000,153000,4138,5937510,2313,2,,,
395520,20250912,133000,153000,4138,5937510,2313,2,,,
395521,20251216,133000,153000,4138,5872097,2313,2,,,
395521,20251216,133000,153000,4138,5872097,2313,2,,,
395521,20251216,133000,153000,4138,5872097,2313,2,,,
395521,20251216,133000,153000,4138,5872097,2313,2,,,
395521,20251216,133000,153000,4138,5937510,2313,2,,,
395521,20251216,133000,153000,4138,5937510,2313,2,,,
395521,20251216,133000,153000,4138,5937510,2313,2,,,
395521,20251216,133000,153000,4138,5937510,2313,2,,,
395542,20250930,81500,101500,4144,5807216,2308,2,,,
395542,20250930,81500,101500,4144,5807216,2308,2,,,
395543,20250710,81500,101500,4144,5807216,2323,2,,,
395543,20250710,81500,101500,4144,5807216,2323,2,,,
395544,20251014,81500,101500,4144,5807216,2323,2,,,
395544,20251014,81500,101500,4144,5807216,2323,2,,,
395545,20251021,81500,101500,4144,5807216,2323,2,,,
395545,20251021,81500,101500,4144,5807216,2323,2,,,
395547,20250411,81500,101500,4144,5807216,2323,2,,,
395547,20250611,154500,174500,4144,5807216,2301,2,,,
395547,20250411,81500,101500,4144,5830076,2323,2,,,
395547,20250611,154500,174500,4144,5830076,2301,2,,,
395549,20251118,81500,101500,4144,5807216,2323,2,,,
395549,20251120,154500,174500,4144,5807216,1563,2,,,
395549,20251118,81500,101500,4144,5830076,2323,2,,,
395549,20251120,154500,174500,4144,5830076,1563,2,,,
395550,20251125,81500,101500,4144,5807216,2323,2,,,
395550,20251127,154500,174500,4144,5807216,1563,2,,,
395550,20251125,81500,101500,4144,5830076,2323,2,,,
395550,20251127,154500,174500,4144,5830076,1563,2,,,
395551,20250212,81500,101500,4144,5807216,2323,2,,,
395551,20250412,154500,174500,4144,5807216,1563,2,,,
395551,20250212,81500,101500,4144,5830076,2323,2,,,
395551,20250412,154500,174500,4144,5830076,1563,2,,,
395552,20250912,81500,101500,4144,5807216,2323,2,,,
395552,20251112,154500,174500,4144,5807216,1563,2,,,
395552,20250912,81500,101500,4144,5830076,2323,2,,,
395552,20251112,154500,174500,4144,5830076,1563,2,,,
395555,20250930,103000,123000,4144,5807216,2308,2,,,
395555,20250930,103000,123000,4144,5807216,2308,2,,,
395556,20250710,103000,123000,4144,5807216,2323,2,,,
395556,20250710,103000,123000,4144,5807216,2323,2,,,
395557,20251014,103000,123000,4144,5807216,2323,2,,,
395557,20251014,103000,123000,4144,5807216,2323,2,,,
395558,20251021,103000,123000,4144,5807216,2323,2,,,
395558,20251021,103000,123000,4144,5807216,2323,2,,,
395560,20250411,103000,123000,4144,5807216,2323,2,,,
395560,20250711,133000,153000,4144,5807216,2299,2,,,
395560,20250411,103000,123000,4144,5830076,2323,2,,,
395560,20250711,133000,153000,4144,5830076,2299,2,,,
395562,20251118,103000,123000,4144,5807216,2323,2,,,
395562,20251121,133000,153000,4144,5807216,1563,2,,,
395562,20251118,103000,123000,4144,5830076,2323,2,,,
395562,20251121,133000,153000,4144,5830076,1563,2,,,
395563,20251125,103000,123000,4144,5807216,2323,2,,,
395563,20251128,133000,153000,4144,5807216,1563,2,,,
395563,20251125,103000,123000,4144,5830076,2323,2,,,
395563,20251128,133000,153000,4144,5830076,1563,2,,,
395564,20250212,103000,123000,4144,5807216,2323,2,,,
395564,20250512,133000,153000,4144,5807216,1563,2,,,
395564,20250212,103000,123000,4144,5830076,2323,2,,,
395564,20250512,133000,153000,4144,5830076,1563,2,,,
395565,20250912,103000,123000,4144,5807216,2323,2,,,
395565,20251212,133000,153000,4144,5807216,1563,2,,,
395565,20250912,103000,123000,4144,5830076,2323,2,,,
395565,20251212,133000,153000,4144,5830076,1563,2,,,
395571,20250923,133000,153000,4138,5807210,2326,2,,,
395571,20250923,130000,150000,4138,5807210,2326,2,,,
395571,20250923,133000,153000,4138,5807210,2326,2,,,
395571,20250923,133000,153000,4138,5807210,2326,2,,,
395571,20250923,130000,150000,4138,5807210,2326,2,,,
395571,20250923,130000,150000,4138,5807210,2326,2,,,
395571,20250923,130000,150000,4138,5807210,2326,2,,,
395571,20250923,130000,150000,4138,5830070,2326,2,,,
395571,20250923,130000,150000,4138,5830070,2326,2,,,
395571,20250923,130000,150000,4138,5923995,2326,2,,,
395571,20250923,130000,150000,4138,5923995,2326,2,,,
395571,20250923,133000,153000,4138,5976640,2326,2,,,
395571,20250923,130000,150000,4138,5976640,2326,2,,,
395571,20250923,133000,153000,4138,5976640,2326,2,,,
395571,20250923,130000,150000,4138,5976640,2326,2,,,
395572,20250930,133000,153000,4138,5807210,2326,2,,,
395572,20250930,130000,150000,4138,5807210,2326,2,,,
395572,20250930,133000,153000,4138,5807210,2326,2,,,
395572,20250930,133000,153000,4138,5807210,2326,2,,,
395572,20250930,130000,150000,4138,5807210,2326,2,,,
395572,20250930,130000,150000,4138,5807210,2326,2,,,
395572,20250930,130000,150000,4138,5807210,1622,2,,,
395572,20250930,130000,150000,4138,5830070,2326,2,,,
395572,20250930,130000,150000,4138,5830070,1622,2,,,
395572,20250930,130000,150000,4138,5923995,2326,2,,,
395572,20250930,130000,150000,4138,5923995,1622,2,,,
395572,20250930,133000,153000,4138,5976640,2326,2,,,
395572,20250930,130000,150000,4138,5976640,2326,2,,,
395572,20250930,133000,153000,4138,5976640,2326,2,,,
395572,20250930,130000,150000,4138,5976640,1622,2,,,
395573,20250710,133000,153000,4138,5807210,2326,2,,,
395573,20250710,130000,150000,4138,5807210,2326,2,,,
395573,20250710,133000,153000,4138,5807210,2326,2,,,
395573,20250710,133000,153000,4138,5807210,2326,2,,,
395573,20250710,130000,150000,4138,5807210,2326,2,,,
395573,20250710,130000,150000,4138,5807210,2326,2,,,
395573,20250710,130000,150000,4138,5807210,515,2,,,
395573,20250710,130000,150000,4138,5830070,2326,2,,,
395573,20250710,130000,150000,4138,5830070,515,2,,,
395573,20250710,130000,150000,4138,5923995,2326,2,,,
395573,20250710,130000,150000,4138,5923995,515,2,,,
395573,20250710,133000,153000,4138,5976640,2326,2,,,
395573,20250710,130000,150000,4138,5976640,2326,2,,,
395573,20250710,133000,153000,4138,5976640,2326,2,,,
395573,20250710,130000,150000,4138,5976640,515,2,,,
395574,20251014,133000,153000,4138,5807210,2326,2,,,
395574,20251014,130000,150000,4138,5807210,2326,2,,,
395574,20251014,133000,153000,4138,5807210,2326,2,,,
395574,20251014,133000,153000,4138,5807210,2326,2,,,
395574,20251014,130000,150000,4138,5807210,2326,2,,,
395574,20251014,130000,150000,4138,5807210,2326,2,,,
395574,20251014,130000,150000,4138,5807210,1622,2,,,
395574,20251014,130000,150000,4138,5830070,2326,2,,,
395574,20251014,130000,150000,4138,5830070,1622,2,,,
395574,20251014,130000,150000,4138,5923995,2326,2,,,
395574,20251014,130000,150000,4138,5923995,1622,2,,,
395574,20251014,133000,153000,4138,5976640,2326,2,,,
395574,20251014,130000,150000,4138,5976640,2326,2,,,
395574,20251014,133000,153000,4138,5976640,2326,2,,,
395574,20251014,130000,150000,4138,5976640,1622,2,,,
395575,20251021,133000,153000,4138,5807210,2326,2,,,
395575,20251021,130000,150000,4138,5807210,2326,2,,,
395575,20251021,133000,153000,4138,5807210,2326,2,,,
395575,20251021,133000,153000,4138,5807210,2326,2,,,
395575,20251021,130000,150000,4138,5807210,2326,2,,,
395575,20251021,130000,150000,4138,5807210,2326,2,,,
395575,20251021,130000,150000,4138,5807210,2326,2,,,
395575,20251021,130000,150000,4138,5830070,2326,2,,,
395575,20251021,130000,150000,4138,5830070,2326,2,,,
395575,20251021,130000,150000,4138,5923995,2326,2,,,
395575,20251021,130000,150000,4138,5923995,2326,2,,,
395575,20251021,133000,153000,4138,5976640,2326,2,,,
395575,20251021,130000,150000,4138,5976640,2326,2,,,
395575,20251021,133000,153000,4138,5976640,2326,2,,,
395575,20251021,130000,150000,4138,5976640,2326,2,,,
395576,20251028,133000,153000,4138,5807210,2326,2,,,
395576,20251028,133000,153000,4138,5807210,2326,2,,,
395576,20251028,133000,153000,4138,5807210,2326,2,,,
395576,20251028,133000,153000,4138,5807210,2326,2,,,
395576,20251028,133000,153000,4138,5830070,2326,2,,,
395576,20251028,133000,153000,4138,5830070,2326,2,,,
395576,20251028,133000,153000,4138,5923995,2326,2,,,
395576,20251028,133000,153000,4138,5923995,2326,2,,,
395576,20251028,133000,153000,4138,5976640,2326,2,,,
395576,20251028,133000,153000,4138,5976640,2326,2,,,
395577,20250411,133000,153000,4138,5807210,2326,2,,,
395577,20250411,133000,153000,4138,5807210,2326,2,,,
395577,20250411,133000,153000,4138,5807210,2326,2,,,
395577,20250411,133000,153000,4138,5807210,2326,2,,,
395577,20250411,133000,153000,4138,5830070,2326,2,,,
395577,20250411,133000,153000,4138,5830070,2326,2,,,
395577,20250411,133000,153000,4138,5923995,2326,2,,,
395577,20250411,133000,153000,4138,5923995,2326,2,,,
395577,20250411,133000,153000,4138,5976640,2326,2,,,
395577,20250411,133000,153000,4138,5976640,2326,2,,,
395579,20251118,133000,153000,4138,5807210,2326,2,,,
395579,20251118,133000,153000,4138,5807210,2326,2,,,
395579,20251118,133000,153000,4138,5807210,2326,2,,,
395579,20251118,133000,153000,4138,5807210,2326,2,,,
395579,20251118,133000,153000,4138,5830070,2326,2,,,
395579,20251118,133000,153000,4138,5830070,2326,2,,,
395579,20251118,133000,153000,4138,5923995,2326,2,,,
395579,20251118,133000,153000,4138,5923995,2326,2,,,
395579,20251118,133000,153000,4138,5976640,2326,2,,,
395579,20251118,133000,153000,4138,5976640,2326,2,,,
395580,20251125,133000,153000,4138,5807210,2326,2,,,
395580,20251125,133000,153000,4138,5807210,2326,2,,,
395580,20251125,133000,153000,4138,5807210,2326,2,,,
395580,20251125,133000,153000,4138,5807210,2326,2,,,
395580,20251125,133000,153000,4138,5830070,2326,2,,,
395580,20251125,133000,153000,4138,5830070,2326,2,,,
395580,20251125,133000,153000,4138,5923995,2326,2,,,
395580,20251125,133000,153000,4138,5923995,2326,2,,,
395580,20251125,133000,153000,4138,5976640,2326,2,,,
395580,20251125,133000,153000,4138,5976640,2326,2,,,
395581,20250212,133000,153000,4138,5807210,2326,2,,,
395581,20250212,133000,153000,4138,5807210,2326,2,,,
395581,20250212,133000,153000,4138,5807210,2326,2,,,
395581,20250212,133000,153000,4138,5807210,2326,2,,,
395581,20250212,133000,153000,4138,5830070,2326,2,,,
395581,20250212,133000,153000,4138,5830070,2326,2,,,
395581,20250212,133000,153000,4138,5923995,2326,2,,,
395581,20250212,133000,153000,4138,5923995,2326,2,,,
395581,20250212,133000,153000,4138,5976640,2326,2,,,
395581,20250212,133000,153000,4138,5976640,2326,2,,,
395582,20250912,133000,153000,4138,5807210,2326,2,,,
395582,20250912,133000,153000,4138,5807210,2326,2,,,
395582,20250912,133000,153000,4138,5807210,2326,2,,,
395582,20250912,133000,153000,4138,5807210,2326,2,,,
395582,20250912,133000,153000,4138,5830070,2326,2,,,
395582,20250912,133000,153000,4138,5830070,2326,2,,,
395582,20250912,133000,153000,4138,5923995,2326,2,,,
395582,20250912,133000,153000,4138,5923995,2326,2,,,
395582,20250912,133000,153000,4138,5976640,2326,2,,,
395582,20250912,133000,153000,4138,5976640,2326,2,,,
395583,20251216,133000,153000,4138,5807210,2326,2,,,
395583,20251216,133000,153000,4138,5807210,2326,2,,,
395583,20251216,133000,153000,4138,5807210,2326,2,,,
395583,20251216,133000,153000,4138,5807210,2326,2,,,
395583,20251216,133000,153000,4138,5830070,2326,2,,,
395583,20251216,133000,153000,4138,5830070,2326,2,,,
395583,20251216,133000,153000,4138,5923995,2326,2,,,
395583,20251216,133000,153000,4138,5923995,2326,2,,,
395583,20251216,133000,153000,4138,5976640,2326,2,,,
395583,20251216,133000,153000,4138,5976640,2326,2,,,
395589,20250910,133000,153000,4138,5807210,2316,2,,,
395589,20251010,133000,153000,4138,5807210,2316,2,,,
395589,20251010,133000,153000,4138,5807210,2316,2,,,
395590,20251016,133000,153000,4138,5807210,2316,2,,,
395590,20251017,133000,153000,4138,5807210,2316,2,,,
395590,20251017,133000,153000,4138,5807210,2316,2,,,
395591,20251023,133000,153000,4138,5807210,2296,2,,,
395591,20251023,133000,153000,4138,5807210,2296,2,,,
395591,20251023,133000,153000,4138,5830070,2296,2,,,
395591,20251023,133000,153000,4138,5830070,2296,2,,,
395592,20251030,133000,153000,4138,5807210,2304,2,,,
395592,20251030,133000,153000,4138,5807210,2304,2,,,
395592,20251030,133000,153000,4138,5807210,2304,2,,,
395592,20251030,133000,153000,4138,5830070,2304,2,,,
395592,20251030,133000,153000,4138,5830070,2304,2,,,
395593,20250611,133000,153000,4138,5807210,2304,2,,,
395593,20250611,133000,153000,4138,5807210,2304,2,,,
395593,20250611,133000,153000,4138,5807210,2304,2,,,
395593,20250611,133000,153000,4138,5830070,2304,2,,,
395593,20250611,133000,153000,4138,5830070,2304,2,,,
395594,20251113,133000,153000,4138,5807210,2304,2,,,
395594,20251113,133000,153000,4138,5807210,2304,2,,,
395594,20251113,133000,153000,4138,5807210,2304,2,,,
395594,20251113,133000,153000,4138,5830070,2304,2,,,
395594,20251113,133000,153000,4138,5830070,2304,2,,,
395595,20251120,133000,153000,4138,5807210,2304,2,,,
395595,20251120,133000,153000,4138,5807210,2304,2,,,
395595,20251120,133000,153000,4138,5807210,2304,2,,,
395595,20251120,133000,153000,4138,5830070,2304,2,,,
395595,20251120,133000,153000,4138,5830070,2304,2,,,
395596,20251127,133000,153000,4138,5807210,2304,2,,,
395596,20251127,133000,153000,4138,5807210,2304,2,,,
395596,20251127,133000,153000,4138,5807210,2304,2,,,
395596,20251127,133000,153000,4138,5830070,2304,2,,,
395596,20251127,133000,153000,4138,5830070,2304,2,,,
395597,20250412,133000,153000,4138,5807210,2316,2,,,
395597,20250412,133000,153000,4138,5807210,2316,2,,,
395597,20250412,133000,153000,4138,5807210,2316,2,,,
395597,20250412,133000,153000,4138,5830070,2316,2,,,
395597,20250412,133000,153000,4138,5830070,2316,2,,,
395598,20251112,133000,153000,4138,5807210,2296,2,,,
395598,20251112,133000,153000,4138,5807210,2296,2,,,
395598,20251112,133000,153000,4138,5830070,2296,2,,,
395598,20251112,133000,153000,4138,5830070,2296,2,,,
395689,20251127,81500,101500,6113,5889005,525,2,,,
395689,20251127,81500,101500,6113,5889005,525,2,,,
395895,20251125,81500,101500,4123,5829013,2319,2,,,
395895,20251125,81500,101500,4123,5829013,2291,2,,,
395895,20251125,81500,101500,4123,5830056,2319,2,,,
395895,20251125,81500,101500,4123,5830056,2291,2,,,
396045,20250923,154500,174500,4125,5879556,1549,2,,,
396045,20250923,154500,174500,4125,5879556,1549,2,,,
396046,20250930,154500,174500,4125,5879556,1549,2,,,
396046,20250930,154500,174500,4125,5879556,1549,2,,,
396047,20250710,154500,174500,4125,5879556,1549,2,,,
396047,20250710,154500,174500,4125,5879556,1549,2,,,
396048,20251014,154500,174500,4125,5879556,1549,2,,,
396048,20251014,154500,174500,4125,5879556,1549,2,,,
396049,20251021,154500,174500,4125,5879556,1549,2,,,
396049,20251021,154500,174500,4125,5879556,1549,2,,,
396050,20251028,154500,174500,4125,5879556,1549,2,,,
396050,20251028,154500,174500,4125,5879556,1549,2,,,
396051,20250411,154500,174500,4125,5879556,1549,2,,,
396051,20250411,154500,174500,4125,5879556,1549,2,,,
396053,20251118,154500,174500,4125,5879556,1549,2,,,
396053,20251118,154500,174500,4125,5879556,1549,2,,,
396054,20251125,154500,174500,4125,5879556,1549,2,,,
396054,20251125,154500,174500,4125,5879556,1549,2,,,
396055,20250212,154500,174500,4125,5879556,1549,2,,,
396055,20250212,154500,174500,4125,5879556,1549,2,,,
396056,20250912,154500,174500,4125,5879556,1549,2,,,
396056,20250912,154500,174500,4125,5879556,1549,2,,,
396057,20251216,154500,174500,4125,5879556,1549,2,,,
396057,20251216,154500,174500,4125,5879556,1549,2,,,
396333,20251015,133000,153000,4304,5937668,1563,2,,,
396333,20251016,133000,153000,4304,5937668,2968,2,,,
396346,20251015,154500,164500,4304,5937668,1563,2,,,
396346,20251016,154500,164500,4304,5937668,2968,2,,,
396358,20250930,81500,101500,4310,5889325,2293,2,,,
396358,20250930,81500,101500,4310,5889325,2311,2,,,
396630,20251022,154500,174500,6138,5794366,2311,2,,,
396630,20251022,154500,174500,6138,5794366,2326,2,,,
396630,20251022,154500,174500,6138,5824789,2311,2,,,
396630,20251022,154500,174500,6138,5824789,2326,2,,,
396632,20250511,154500,174500,6138,5794366,2311,2,,,
396632,20250511,154500,174500,6138,5794366,2326,2,,,
396632,20250511,154500,174500,6138,5824789,2311,2,,,
396632,20250511,154500,174500,6138,5824789,2326,2,,,
396633,20251211,154500,174500,6138,5794366,2311,2,,,
396633,20251211,154500,174500,6138,5794366,2326,2,,,
396633,20251211,154500,174500,6138,5824789,2311,2,,,
396633,20251211,154500,174500,6138,5824789,2326,2,,,
396634,20251119,154500,174500,6138,5794366,2311,2,,,
396634,20251119,154500,174500,6138,5794366,2326,2,,,
396634,20251119,154500,174500,6138,5824789,2311,2,,,
396634,20251119,154500,174500,6138,5824789,2326,2,,,
396635,20251126,154500,174500,6138,5794366,2311,2,,,
396635,20251126,154500,174500,6138,5794366,2326,2,,,
396635,20251126,154500,174500,6138,5824789,2311,2,,,
396635,20251126,154500,174500,6138,5824789,2326,2,,,
396636,20250312,154500,174500,6138,5794366,2311,2,,,
396636,20250312,154500,174500,6138,5794366,2326,2,,,
396636,20250312,154500,174500,6138,5824789,2311,2,,,
396636,20250312,154500,174500,6138,5824789,2326,2,,,
396637,20251012,154500,174500,6138,5794366,2311,2,,,
396637,20251012,154500,174500,6138,5794366,2326,2,,,
396637,20251012,154500,174500,6138,5824789,2311,2,,,
396637,20251012,154500,174500,6138,5824789,2326,2,,,
397363,20250926,180000,203000,6547,5732323,2323,2,,,
397363,20250926,180000,203000,6547,5732323,2323,2,,,
397363,20250926,180000,203000,6547,5732323,2323,2,,,
397364,20250310,180000,203000,6547,5732323,2323,2,,,
397364,20250310,180000,203000,6547,5732323,2323,2,,,
397364,20250310,180000,203000,6547,5732323,2323,2,,,
397365,20251010,180000,203000,6547,5732323,2323,2,,,
397365,20251010,180000,203000,6547,5732323,2323,2,,,
397365,20251010,180000,203000,6547,5732323,2323,2,,,
397366,20251017,180000,203000,6547,5732323,2323,2,,,
397366,20251017,180000,203000,6547,5732323,2323,2,,,
397366,20251017,180000,203000,6547,5732323,2323,2,,,
397367,20251024,180000,203000,6547,5732323,2323,2,,,
397367,20251024,180000,203000,6547,5732323,2323,2,,,
397367,20251024,180000,203000,6547,5732323,2323,2,,,
397368,20251031,180000,203000,6547,5732323,2323,2,,,
397368,20251031,180000,203000,6547,5732323,2323,2,,,
397368,20251031,180000,203000,6547,5732323,2323,2,,,
397369,20250711,180000,203000,6547,5732323,2323,2,,,
397369,20250711,180000,203000,6547,5732323,2323,2,,,
397369,20250711,180000,203000,6547,5732323,2323,2,,,
397370,20251114,180000,203000,6547,5732323,2323,2,,,
397370,20251114,180000,203000,6547,5732323,2323,2,,,
397370,20251114,180000,203000,6547,5732323,2323,2,,,
397371,20251121,180000,203000,6547,5732323,2323,2,,,
397371,20251121,180000,203000,6547,5732323,2323,2,,,
397371,20251121,180000,203000,6547,5732323,2323,2,,,
397372,20251128,180000,203000,6547,5732323,2323,2,,,
397372,20251128,180000,203000,6547,5732323,2323,2,,,
397372,20251128,180000,203000,6547,5732323,2323,2,,,
397373,20250512,180000,203000,6547,5732323,2323,2,,,
397373,20250512,180000,203000,6547,5732323,2323,2,,,
397373,20250512,180000,203000,6547,5732323,2323,2,,,
397374,20251212,180000,203000,6547,5732323,2323,2,,,
397374,20251212,180000,203000,6547,5732323,2323,2,,,
397374,20251212,180000,203000,6547,5732323,2323,2,,,
397702,20250925,81500,101500,10863,6117226,1113,2,,,
397702,20250925,81500,101500,10863,6117226,1113,2,,,
397702,20250925,81500,101500,10863,6117244,1113,2,,,
397702,20250925,81500,101500,10863,6117244,1113,2,,,
397702,20250925,81500,101500,10863,6160625,1113,2,,,
397702,20250925,81500,101500,10863,6160625,1113,2,,,
397711,20250610,81500,101500,10863,6117226,1122,2,,,
397711,20250610,81500,101500,10863,6117226,1122,2,,,
397711,20250610,81500,101500,10863,6117244,1122,2,,,
397711,20250610,81500,101500,10863,6117244,1122,2,,,
397711,20250610,81500,101500,10863,6160625,1122,2,,,
397711,20250610,81500,101500,10863,6160625,1122,2,,,
399442,20250910,133000,153000,5213,5794141,1591,2,,,
399442,20250910,133000,174500,5213,5794141,2294,2,,,
399444,20251023,133000,153000,5213,5794141,1591,2,,,
399444,20251023,133000,174500,5213,5794141,1563,2,,,
399445,20251030,133000,153000,5213,5794141,1591,2,,,
399445,20251030,133000,174500,5213,5794141,2316,2,,,
399445,20251030,133000,174500,5213,5794141,1553,2,,,
399446,20250611,133000,153000,5213,5794141,1591,2,,,
399446,20250611,133000,174500,5213,5794141,2299,2,,,
399447,20251113,133000,153000,5213,5794141,1591,2,,,
399447,20251113,133000,174500,5213,5794141,2316,2,,,
399448,20251120,133000,153000,5213,5794141,1555,2,,,
399448,20251120,133000,174500,5213,5794141,2316,2,,,
399449,20251127,133000,153000,5213,5794141,1591,2,,,
399449,20251127,133000,174500,5213,5794141,2294,2,,,
399450,20250412,133000,153000,5213,5794141,1591,2,,,
399450,20250412,133000,174500,5213,5794141,2294,2,,,
399451,20251112,133000,153000,5213,5794141,1591,2,,,
399451,20251112,133000,174500,5213,5794141,2294,2,,,
400764,20251030,133000,153000,10907,6078323,1120,2,,,
400764,20251030,133000,153000,10907,6078323,1622,2,,,
400931,20250924,91500,123000,5791,5794522,524,2,,,
400931,20250924,91500,123000,5791,5794522,524,2,,,
400931,20250924,91500,123000,5791,5894746,524,2,,,
400931,20250924,91500,123000,5791,5894746,524,2,,,
400932,20250110,91500,123000,5791,5794522,1572,2,,,
400932,20250110,91500,123000,5791,5794522,1572,2,,,
400932,20250110,91500,123000,5791,5894746,1572,2,,,
400932,20250110,91500,123000,5791,5894746,1572,2,,,
400933,20250810,91500,123000,5791,5794522,1572,2,,,
400933,20250810,91500,123000,5791,5794522,1572,2,,,
400933,20250810,91500,123000,5791,5894746,1572,2,,,
400933,20250810,91500,123000,5791,5894746,1572,2,,,
400934,20251015,91500,123000,5791,5794522,1601,2,,,
400934,20251015,91500,123000,5791,5794522,1601,2,,,
400934,20251015,91500,123000,5791,5894746,1601,2,,,
400934,20251015,91500,123000,5791,5894746,1601,2,,,
400935,20250925,133000,164500,5791,5794522,1549,2,,,
400935,20250925,133000,164500,5791,5794522,1549,2,,,
400935,20250925,133000,164500,5791,5894746,1549,2,,,
400935,20250925,133000,164500,5791,5894746,1549,2,,,
400936,20250210,133000,164500,5791,5794522,1607,2,,,
400936,20250210,133000,164500,5791,5794522,1607,2,,,
400936,20250210,133000,164500,5791,5894746,1607,2,,,
400936,20250210,133000,164500,5791,5894746,1607,2,,,
400937,20250910,133000,164500,5791,5794522,1607,2,,,
400937,20250910,133000,164500,5791,5794522,1607,2,,,
400937,20250910,133000,164500,5791,5894746,1607,2,,,
400937,20250910,133000,164500,5791,5894746,1607,2,,,
400938,20251016,133000,164500,5791,5794522,1604,2,,,
400938,20251016,133000,164500,5791,5794522,1604,2,,,
400938,20251016,133000,164500,5791,5894746,1604,2,,,
400938,20251016,133000,164500,5791,5894746,1604,2,,,
400981,20250926,91500,123000,5791,5793310,1553,2,,,
400981,20250926,91500,123000,5791,5793310,1553,2,,,
400981,20250926,91500,123000,5791,5795026,1553,2,,,
400981,20250926,91500,123000,5791,5795026,1553,2,,,
400981,20250926,91500,123000,5791,5795904,1553,2,,,
400981,20250926,91500,123000,5791,5795904,1553,2,,,
400981,20250926,91500,123000,5791,5951618,1553,2,,,
400981,20250926,91500,123000,5791,5951618,1553,2,,,
400981,20250926,91500,123000,5791,5955246,1553,2,,,
400981,20250926,91500,123000,5791,5955246,1553,2,,,
400982,20250310,91500,123000,5791,5793310,1553,2,,,
400982,20250310,91500,123000,5791,5793310,1553,2,,,
400982,20250310,91500,123000,5791,5795026,1553,2,,,
400982,20250310,91500,123000,5791,5795026,1553,2,,,
400982,20250310,91500,123000,5791,5795904,1553,2,,,
400982,20250310,91500,123000,5791,5795904,1553,2,,,
400982,20250310,91500,123000,5791,5951618,1553,2,,,
400982,20250310,91500,123000,5791,5951618,1553,2,,,
400982,20250310,91500,123000,5791,5955246,1553,2,,,
400982,20250310,91500,123000,5791,5955246,1553,2,,,
400983,20251010,91500,123000,5791,5793310,1553,2,,,
400983,20251010,91500,123000,5791,5793310,1553,2,,,
400983,20251010,91500,123000,5791,5795026,1553,2,,,
400983,20251010,91500,123000,5791,5795026,1553,2,,,
400983,20251010,91500,123000,5791,5795904,1553,2,,,
400983,20251010,91500,123000,5791,5795904,1553,2,,,
400983,20251010,91500,123000,5791,5951618,1553,2,,,
400983,20251010,91500,123000,5791,5951618,1553,2,,,
400983,20251010,91500,123000,5791,5955246,1553,2,,,
400983,20251010,91500,123000,5791,5955246,1553,2,,,
400984,20251017,91500,123000,5791,5793310,1553,2,,,
400984,20251017,91500,123000,5791,5793310,1553,2,,,
400984,20251017,91500,123000,5791,5795026,1553,2,,,
400984,20251017,91500,123000,5791,5795026,1553,2,,,
400984,20251017,91500,123000,5791,5795904,1553,2,,,
400984,20251017,91500,123000,5791,5795904,1553,2,,,
400984,20251017,91500,123000,5791,5951618,1553,2,,,
400984,20251017,91500,123000,5791,5951618,1553,2,,,
400984,20251017,91500,123000,5791,5955246,1553,2,,,
400984,20251017,91500,123000,5791,5955246,1553,2,,,
401021,20251022,91500,123000,5800,5794531,1556,2,,,
401021,20251022,91500,123000,5800,5794531,1556,2,,,
401021,20251022,91500,123000,5800,5894755,1556,2,,,
401021,20251022,91500,123000,5800,5894755,1556,2,,,
401022,20251029,91500,123000,5800,5794531,1572,2,,,
401022,20251029,91500,123000,5800,5794531,1572,2,,,
401022,20251029,91500,123000,5800,5894755,1572,2,,,
401022,20251029,91500,123000,5800,5894755,1572,2,,,
401023,20250511,91500,123000,5800,5794531,1556,2,,,
401023,20250511,91500,123000,5800,5794531,1556,2,,,
401023,20250511,91500,123000,5800,5894755,1556,2,,,
401023,20250511,91500,123000,5800,5894755,1556,2,,,
401024,20251211,91500,123000,5800,5794531,1572,2,,,
401024,20251211,91500,123000,5800,5794531,1572,2,,,
401024,20251211,91500,123000,5800,5894755,1572,2,,,
401024,20251211,91500,123000,5800,5894755,1572,2,,,
401025,20251119,91500,123000,5800,5794531,1556,2,,,
401025,20251119,91500,123000,5800,5794531,1556,2,,,
401025,20251119,91500,123000,5800,5894755,1556,2,,,
401025,20251119,91500,123000,5800,5894755,1556,2,,,
401026,20251126,91500,123000,5800,5794531,1601,2,,,
401026,20251126,91500,123000,5800,5794531,1601,2,,,
401026,20251126,91500,123000,5800,5894755,1601,2,,,
401026,20251126,91500,123000,5800,5894755,1601,2,,,
401027,20250312,91500,123000,5800,5794531,1572,2,,,
401027,20250312,91500,123000,5800,5794531,1572,2,,,
401027,20250312,91500,123000,5800,5894755,1572,2,,,
401027,20250312,91500,123000,5800,5894755,1572,2,,,
401028,20251012,91500,123000,5800,5794531,1556,2,,,
401028,20251012,91500,123000,5800,5794531,1556,2,,,
401028,20251012,91500,123000,5800,5894755,1556,2,,,
401028,20251012,91500,123000,5800,5894755,1556,2,,,
401029,20251217,91500,123000,5800,5794531,1556,2,,,
401029,20251217,91500,123000,5800,5794531,1556,2,,,
401029,20251217,91500,123000,5800,5894755,1556,2,,,
401029,20251217,91500,123000,5800,5894755,1556,2,,,
401030,20251023,133000,164500,5800,5794531,1607,2,,,
401030,20251023,133000,164500,5800,5794531,1607,2,,,
401030,20251023,133000,164500,5800,5894755,1607,2,,,
401030,20251023,133000,164500,5800,5894755,1607,2,,,
401031,20251030,133000,164500,5800,5794531,1549,2,,,
401031,20251030,133000,164500,5800,5794531,1549,2,,,
401031,20251030,133000,164500,5800,5894755,1549,2,,,
401031,20251030,133000,164500,5800,5894755,1549,2,,,
401032,20250611,133000,164500,5800,5794531,1607,2,,,
401032,20250611,133000,164500,5800,5794531,1607,2,,,
401032,20250611,133000,164500,5800,5894755,1607,2,,,
401032,20250611,133000,164500,5800,5894755,1607,2,,,
401033,20251113,133000,164500,5800,5794531,1607,2,,,
401033,20251113,133000,164500,5800,5794531,1607,2,,,
401033,20251113,133000,164500,5800,5894755,1607,2,,,
401033,20251113,133000,164500,5800,5894755,1607,2,,,
401034,20251120,133000,164500,5800,5794531,1572,2,,,
401034,20251120,133000,164500,5800,5794531,1572,2,,,
401034,20251120,133000,164500,5800,5894755,1572,2,,,
401034,20251120,133000,164500,5800,5894755,1572,2,,,
401035,20251127,133000,164500,5800,5794531,1607,2,,,
401035,20251127,133000,164500,5800,5794531,1607,2,,,
401035,20251127,133000,164500,5800,5894755,1607,2,,,
401035,20251127,133000,164500,5800,5894755,1607,2,,,
401036,20250412,133000,164500,5800,5794531,1607,2,,,
401036,20250412,133000,164500,5800,5794531,1607,2,,,
401036,20250412,133000,164500,5800,5894755,1607,2,,,
401036,20250412,133000,164500,5800,5894755,1607,2,,,
401037,20251112,133000,164500,5800,5794531,1604,2,,,
401037,20251112,133000,164500,5800,5794531,1604,2,,,
401037,20251112,133000,164500,5800,5894755,1604,2,,,
401037,20251112,133000,164500,5800,5894755,1604,2,,,
403095,20251113,154500,174500,5809,5795325,1113,2,,,
403095,20251113,154500,174500,5809,5795325,1113,2,,,
403095,20251113,154500,174500,5809,5795922,1113,2,,,
403095,20251113,154500,174500,5809,5795922,1113,2,,,
403095,20251113,154500,174500,5809,5810804,1113,2,,,
403095,20251113,154500,174500,5809,5810804,1113,2,,,
403095,20251113,154500,174500,5809,5817631,1113,2,,,
403095,20251113,154500,174500,5809,5817631,1113,2,,,
403095,20251113,154500,174500,5809,5887882,1113,2,,,
403095,20251113,154500,174500,5809,5887882,1113,2,,,
403095,20251113,154500,174500,5809,5951636,1113,2,,,
403095,20251113,154500,174500,5809,5951636,1113,2,,,
403095,20251113,154500,174500,5809,5955264,1113,2,,,
403095,20251113,154500,174500,5809,5955264,1113,2,,,
403095,20251113,154500,174500,5809,5962882,1113,2,,,
403095,20251113,154500,174500,5809,5962882,1113,2,,,
403095,20251113,154500,174500,5809,5984447,1113,2,,,
403095,20251113,154500,174500,5809,5984447,1113,2,,,
403241,20250610,133000,153000,6431,5870001,515,2,,,
403241,20250610,133000,153000,6431,5870001,515,2,,,
403242,20251013,133000,153000,6431,5870001,515,2,,,
403242,20251013,133000,153000,6431,5870001,515,2,,,
403242,20251013,133000,153000,6431,5870001,1573,2,,,
403243,20251020,133000,153000,6431,5870001,515,2,,,
403243,20251020,133000,153000,6431,5870001,515,2,,,
403245,20250922,91500,123000,6453,5978338,2304,2,,,
403245,20250922,91500,123000,6453,5978338,2308,2,,,
403246,20250929,91500,123000,6453,5978338,2304,2,,,
403246,20250929,91500,123000,6453,5978338,521,2,,,
403247,20250610,91500,123000,6453,5978338,2304,2,,,
403247,20250610,91500,123000,6453,5978338,521,2,,,
403248,20251013,91500,123000,6453,5978338,2304,2,,,
403248,20251013,91500,123000,6453,5978338,521,2,,,
403249,20251020,91500,123000,6453,5978338,2304,2,,,
403249,20251020,91500,123000,6453,5978338,521,2,,,
404681,20250925,180000,220000,10113,6062527,1553,2,,,
404681,20251030,180000,220000,10113,6062527,1553,2,,,
404681,20251030,180000,220000,10113,6062527,1550,2,,,
404682,20250910,180000,220000,10113,6062527,1580,2,,,
404682,20250412,180000,220000,10113,6062527,1595,2,,,
404682,20250412,180000,220000,10113,6062527,1550,2,,,
404683,20251016,180000,220000,10113,6062527,1553,2,,,
404683,20251218,180000,220000,10113,6062527,1553,2,,,
404683,20251218,180000,220000,10113,6062527,1550,2,,,
404685,20250611,180000,220000,10113,6062527,1595,2,,,
404685,20251120,180000,220000,10113,6062527,1594,2,,,
404685,20251120,180000,220000,10113,6062527,1550,2,,,
404686,20251113,180000,220000,10113,6062527,1595,2,,,
404686,20251113,180000,220000,10113,6062527,1595,2,,,
404686,20251113,180000,220000,10113,6062527,1550,2,,,
404821,20251114,83000,103000,5035,5786375,1594,3,,,
404821,20251114,83000,103000,5035,5786375,1594,3,,,
404821,20251114,83000,103000,5035,5823809,1594,3,,,
404821,20251114,83000,103000,5035,5823809,1594,3,,,
404822,20251114,104500,124500,5035,5786375,1594,3,,,
404822,20251114,104500,124500,5035,5786375,1594,3,,,
404822,20251114,104500,124500,5035,5823809,1594,3,,,
404822,20251114,104500,124500,5035,5823809,1594,3,,,
406392,20250310,133000,153000,6431,5870001,2323,2,,,
406392,20250310,133000,153000,6431,5870001,520,2,,,
406392,20250310,133000,153000,6431,5870001,2309,2,,,
406536,20250926,103000,123000,6466,5978351,2309,2,,,
406536,20250926,103000,123000,6466,5978351,2309,2,,,
406537,20250310,103000,123000,6466,5978351,2309,2,,,
406537,20250310,103000,123000,6466,5978351,2309,2,,,
406538,20251010,103000,123000,6466,5978351,2309,2,,,
406538,20251010,103000,123000,6466,5978351,2309,2,,,
406539,20251017,103000,123000,6466,5978351,2309,2,,,
406539,20251017,103000,123000,6466,5978351,2309,2,,,
406540,20251024,103000,123000,6466,5978351,2309,2,,,
406540,20251024,103000,123000,6466,5978351,2309,2,,,
406541,20250926,133000,153000,6466,5978351,515,2,,,
406541,20250926,133000,153000,6466,5978351,515,2,,,
406542,20250310,133000,153000,6466,5978351,515,2,,,
406542,20250310,133000,153000,6466,5978351,2309,2,,,
406543,20251010,133000,153000,6466,5978351,515,2,,,
406543,20251010,133000,153000,6466,5978351,2309,2,,,
406544,20251017,133000,153000,6466,5978351,515,2,,,
406544,20251017,133000,153000,6466,5978351,2309,2,,,
406545,20251024,133000,153000,6466,5978351,515,2,,,
406545,20251024,133000,153000,6466,5978351,2309,2,,,
406595,20251027,91500,123000,6453,5978338,2304,2,,,
406595,20251027,91500,123000,6453,5978338,521,2,,,
406596,20250311,91500,123000,6453,5978338,2304,2,,,
406596,20250311,91500,123000,6453,5978338,521,2,,,
406598,20251117,91500,123000,6453,5978338,2304,2,,,
406598,20251117,91500,123000,6453,5978338,521,2,,,
406599,20251124,91500,123000,6453,5978338,2304,2,,,
406599,20251124,91500,123000,6453,5978338,521,2,,,
406600,20250112,91500,123000,6453,5978338,2304,2,,,
406600,20250112,91500,123000,6453,5978338,521,2,,,
406601,20250812,91500,123000,6453,5978338,2304,2,,,
406601,20250812,91500,123000,6453,5978338,521,2,,,
406602,20251215,91500,123000,6453,5978338,2304,2,,,
406602,20251215,91500,123000,6453,5978338,2308,2,,,
407881,20251029,183000,220000,6473,6026825,2309,2,,,
407881,20251029,183000,220000,6473,6026825,2309,2,,,
407882,20250511,183000,220000,6473,6026825,2309,2,,,
407882,20250511,183000,220000,6473,6026825,2309,2,,,
407883,20251211,183000,220000,6473,6026825,2309,2,,,
407883,20251211,183000,220000,6473,6026825,2309,2,,,
407884,20251119,183000,220000,6473,6026825,2309,2,,,
407884,20251119,183000,220000,6473,6026825,2309,2,,,
407885,20251126,183000,220000,6473,6026825,2309,2,,,
407885,20251126,183000,220000,6473,6026825,2309,2,,,
407886,20250312,183000,220000,6473,6026825,2309,2,,,
407886,20250312,183000,220000,6473,6026825,2309,2,,,
407887,20251012,183000,220000,6473,6026825,2309,2,,,
407887,20251012,183000,220000,6473,6026825,2309,2,,,
407888,20251217,183000,220000,6473,6026825,2309,2,,,
407888,20251217,183000,220000,6473,6026825,2309,2,,,
407981,20251031,103000,123000,6466,5978351,2309,2,,,
407981,20251031,103000,123000,6466,5978351,2309,2,,,
407982,20250711,103000,123000,6466,5978351,2309,2,,,
407982,20250711,103000,123000,6466,5978351,2309,2,,,
407983,20251114,103000,123000,6466,5978351,2309,2,,,
407983,20251114,103000,123000,6466,5978351,2309,2,,,
407984,20251121,103000,123000,6466,5978351,2309,2,,,
407984,20251121,103000,123000,6466,5978351,2309,2,,,
407985,20251128,103000,123000,6466,5978351,2309,2,,,
407985,20251128,103000,123000,6466,5978351,2309,2,,,
407986,20250512,103000,123000,6466,5978351,2309,2,,,
407986,20250512,103000,123000,6466,5978351,2309,2,,,
407987,20251212,103000,123000,6466,5978351,2309,2,,,
407987,20251212,103000,123000,6466,5978351,2309,2,,,
407988,20251219,103000,123000,6466,5978351,2309,2,,,
407988,20251219,103000,123000,6466,5978351,2309,2,,,
407989,20251031,133000,153000,6466,5978351,515,2,,,
407989,20251031,133000,153000,6466,5978351,2309,2,,,
407990,20250711,133000,153000,6466,5978351,515,2,,,
407990,20250711,133000,153000,6466,5978351,2309,2,,,
407991,20251114,133000,153000,6466,5978351,515,2,,,
407991,20251114,133000,153000,6466,5978351,2309,2,,,
407992,20251121,133000,153000,6466,5978351,515,2,,,
407992,20251121,133000,153000,6466,5978351,2309,2,,,
407993,20251128,133000,153000,6466,5978351,515,2,,,
407993,20251128,133000,153000,6466,5978351,2309,2,,,
407994,20250512,133000,153000,6466,5978351,515,2,,,
407994,20250512,133000,153000,6466,5978351,2309,2,,,
407995,20251212,133000,153000,6466,5978351,515,2,,,
407995,20251212,133000,153000,6466,5978351,2309,2,,,
407996,20251219,133000,153000,6466,5978351,515,2,,,
407996,20251219,133000,153000,6466,5978351,2309,2,,,
407997,20251031,160000,164500,6466,5978351,515,2,,,
407997,20251031,154500,164500,6466,5978351,2309,2,,,
407998,20250711,160000,164500,6466,5978351,515,2,,,
407998,20250711,154500,164500,6466,5978351,2309,2,,,
407999,20251114,160000,164500,6466,5978351,515,2,,,
407999,20251114,154500,164500,6466,5978351,2309,2,,,
408000,20251121,160000,164500,6466,5978351,515,2,,,
408000,20251121,154500,164500,6466,5978351,2309,2,,,
408001,20251128,160000,164500,6466,5978351,515,2,,,
408001,20251128,154500,164500,6466,5978351,2309,2,,,
408002,20250512,160000,164500,6466,5978351,515,2,,,
408002,20250512,154500,164500,6466,5978351,2309,2,,,
408003,20251212,160000,164500,6466,5978351,515,2,,,
408003,20251212,154500,164500,6466,5978351,2309,2,,,
408004,20251219,160000,164500,6466,5978351,515,2,,,
408004,20251219,154500,164500,6466,5978351,2309,2,,,
409321,20250610,133000,153000,6653,5870267,2299,8,,,
409321,20250610,133000,153000,6653,5870267,2317,8,,,
409321,20250610,133000,153000,6653,5870308,2299,8,,,
409321,20250610,133000,153000,6653,5870308,2317,8,,,
409323,20251020,133000,153000,6653,5870267,2299,8,,,
409323,20251020,133000,153000,6653,5870267,2317,8,,,
409323,20251020,133000,153000,6653,5870308,2299,8,,,
409323,20251020,133000,153000,6653,5870308,2317,8,,,
409334,20250610,154500,174500,6653,5870267,2299,8,,,
409334,20250610,154500,174500,6653,5870267,2317,8,,,
409334,20250610,154500,174500,6653,5870308,2299,8,,,
409334,20250610,154500,174500,6653,5870308,2317,8,,,
409336,20251020,154500,174500,6653,5870267,2299,8,,,
409336,20251020,154500,174500,6653,5870267,2317,8,,,
409336,20251020,154500,174500,6653,5870308,2299,8,,,
409336,20251020,154500,174500,6653,5870308,2317,8,,,
411745,20251013,140000,153000,9686,6057031,2299,2,,,
411745,20251013,140000,153000,9686,6057031,2296,2,,,
411750,20251013,154500,173000,9686,6057031,2299,2,,,
411750,20251013,154500,173000,9686,6057031,2296,2,,,
411766,20251117,140000,153000,9685,6057030,1118,2,,,
411766,20251117,140000,153000,9685,6057030,1594,2,,,
411771,20251117,154500,173000,9685,6057030,1118,2,,,
411771,20251117,154500,173000,9685,6057030,1594,2,,,
411985,20251013,180000,213000,9680,6053321,2302,2,,,
411985,20251013,180000,213000,9680,6053321,2295,2,,,
411989,20251215,180000,213000,9680,6053321,2302,2,,,
411989,20251215,140000,153000,9680,6053321,1604,2,,,
412014,20250922,180000,213000,9694,6057108,1551,2,,,
412014,20250929,180000,213000,9694,6057108,1551,2,,,
412015,20250610,180000,213000,9694,6057108,2301,2,,,
412015,20251022,180000,213000,9694,6057108,2301,2,,,
412016,20251027,180000,213000,9694,6057108,1622,2,,,
412016,20251027,160000,193000,9694,6057108,1616,2,,,
414402,20251010,91500,123000,11010,6090036,1572,2,,,
414402,20250610,133000,164500,11010,6090036,1539,2,,,
418457,20260601,133000,163000,4043,6027000,1604,19,,,
418457,20260601,133000,153000,4043,6027000,1604,19,,,
419562,20251016,154500,174500,10521,6043976,521,7,,,
419562,20251016,154500,174500,10521,6043976,521,7,,,
419562,20251016,154500,174500,10521,6043991,521,7,,,
419562,20251016,154500,174500,10521,6043991,521,7,,,
419562,20251016,154500,174500,10521,6051931,521,7,,,
419562,20251016,154500,174500,10521,6051931,521,7,,,
419562,20251016,154500,174500,10521,6051946,521,7,,,
419562,20251016,154500,174500,10521,6051946,521,7,,,
419596,20251016,133000,153000,10521,6051976,521,7,,,
419596,20251016,133000,153000,10521,6051976,521,7,,,
419596,20251016,133000,153000,10521,6051991,521,7,,,
419596,20251016,133000,153000,10521,6051991,521,7,,,
419596,20251016,133000,153000,10521,6052006,521,7,,,
419596,20251016,133000,153000,10521,6052006,521,7,,,
419851,20251113,81500,101500,10521,6051976,514,7,,,
419851,20251113,81500,101500,10521,6051976,514,7,,,
419851,20251113,81500,101500,10521,6051991,514,7,,,
419851,20251113,81500,101500,10521,6051991,514,7,,,
419851,20251113,81500,101500,10521,6052006,514,7,,,
419851,20251113,81500,101500,10521,6052006,514,7,,,
420762,20250710,81500,101500,10793,6113564,522,7,,,
420762,20250710,81500,101500,10793,6113564,521,7,,,
420762,20250710,81500,101500,10793,6113595,522,7,,,
420762,20250710,81500,101500,10793,6113595,521,7,,,
420762,20250710,81500,101500,10793,6113626,522,7,,,
420762,20250710,81500,101500,10793,6113626,521,7,,,
420762,20250710,81500,101500,10793,6113657,522,7,,,
420762,20250710,81500,101500,10793,6113657,521,7,,,
420762,20250710,81500,101500,10793,6113688,522,7,,,
420762,20250710,81500,101500,10793,6113688,521,7,,,
420762,20250710,81500,101500,10793,6113719,522,7,,,
420762,20250710,81500,101500,10793,6113719,521,7,,,
420762,20250710,81500,101500,10793,6113750,522,7,,,
420762,20250710,81500,101500,10793,6113750,521,7,,,
421191,20250411,133000,164500,10245,5798843,1573,7,,,
421191,20250411,133000,164500,10245,5798843,1573,7,,,
421226,20250210,133000,153000,9872,5850506,1122,10,,,
421226,20250210,133000,153000,9872,5850506,1122,10,,,
421226,20250210,133000,153000,9872,5979735,1122,10,,,
421226,20250210,133000,153000,9872,5979735,1122,10,,,
422331,20250110,180000,200000,5,5876654,1118,2,,,
422331,20250210,180000,200000,5,5876654,1118,2,,,
422332,20250810,180000,200000,5,5876654,1118,2,,,
422332,20250910,180000,200000,5,5876654,1118,2,,,
422332,20250910,180000,200000,5,5876654,1580,2,,,
422333,20251015,180000,200000,5,5876654,1118,2,,,
422333,20251016,180000,200000,5,5876654,1118,2,,,
422333,20251016,180000,200000,5,5876654,1607,2,,,
422334,20251022,180000,200000,5,5876654,1118,2,,,
422334,20251023,180000,200000,5,5876654,1118,2,,,
422334,20251023,180000,200000,5,5876654,1607,2,,,
422335,20251029,180000,200000,5,5876654,1118,2,,,
422335,20251030,180000,200000,5,5876654,1118,2,,,
422335,20251030,180000,200000,5,5876654,1580,2,,,
422336,20250511,180000,200000,5,5876654,1118,2,,,
422336,20250611,180000,200000,5,5876654,1118,2,,,
422336,20250611,180000,200000,5,5876654,1580,2,,,
422337,20251211,180000,200000,5,5876654,1118,2,,,
422337,20251113,180000,200000,5,5876654,1118,2,,,
422337,20251113,180000,200000,5,5876654,1580,2,,,
422338,20251119,180000,200000,5,5876654,1118,2,,,
422338,20251120,180000,200000,5,5876654,1118,2,,,
422338,20251120,180000,200000,5,5876654,1607,2,,,
422339,20251126,180000,200000,5,5876654,1118,2,,,
422339,20251127,180000,200000,5,5876654,1118,2,,,
422339,20251127,180000,200000,5,5876654,1580,2,,,
422340,20250312,180000,200000,5,5876654,1118,2,,,
422340,20250412,180000,200000,5,5876654,1118,2,,,
422340,20250412,180000,200000,5,5876654,1607,2,,,
422341,20251012,180000,200000,5,5876654,1118,2,,,
422341,20251112,180000,200000,5,5876654,1118,2,,,
422341,20251112,180000,200000,5,5876654,1607,2,,,
422343,20251218,180000,200000,5,5876654,1118,18,,,
422343,20251217,180000,200000,5,5876654,1118,18,,,
422704,20250924,133000,153000,5791,5793310,1622,2,,,
422704,20250924,133000,153000,5791,5793310,1622,2,,,
422704,20250924,133000,153000,5791,5795026,1622,2,,,
422704,20250924,133000,153000,5791,5795026,1622,2,,,
422704,20250924,133000,153000,5791,5795904,1622,2,,,
422704,20250924,133000,153000,5791,5795904,1622,2,,,
422704,20250924,133000,153000,5791,5951618,1622,2,,,
422704,20250924,133000,153000,5791,5951618,1622,2,,,
422704,20250924,133000,153000,5791,5955246,1622,2,,,
422704,20250924,133000,153000,5791,5955246,1622,2,,,
422876,20260226,81500,101500,4128,5879763,520,2,,,
422876,20260226,81500,101500,4128,5879763,517,2,,,
422876,20260226,81500,101500,4128,5959454,520,2,,,
422876,20260226,81500,101500,4128,5959454,517,2,,,
424229,20260226,103000,123000,4135,5997675,520,2,,,
424229,20260226,103000,123000,4135,5997675,517,2,,,
427174,20260213,103000,123000,4149,5788379,2316,2,,,
427174,20260213,103000,123000,4149,5788379,2316,2,,,
427174,20260213,103000,123000,4149,5807220,2316,2,,,
427174,20260213,103000,123000,4149,5807220,2316,2,,,
427175,20260227,103000,123000,4149,5788379,2316,2,,,
427175,20260227,103000,123000,4149,5788379,2316,2,,,
427175,20260227,103000,123000,4149,5807220,2316,2,,,
427175,20260227,103000,123000,4149,5807220,2316,2,,,
427176,20260313,103000,123000,4149,5788379,2316,2,,,
427176,20260313,103000,123000,4149,5788379,2316,2,,,
427176,20260313,103000,123000,4149,5807220,2316,2,,,
427176,20260313,103000,123000,4149,5807220,2316,2,,,
427177,20260327,103000,123000,4149,5788379,2316,2,,,
427177,20260327,103000,123000,4149,5788379,2316,2,,,
427177,20260327,103000,123000,4149,5807220,2316,2,,,
427177,20260327,103000,123000,4149,5807220,2316,2,,,
427179,20260424,103000,123000,4149,5788379,2316,2,,,
427179,20260424,103000,123000,4149,5788379,2316,2,,,
427179,20260424,103000,123000,4149,5807220,2316,2,,,
427179,20260424,103000,123000,4149,5807220,2316,2,,,
427180,20260805,103000,123000,4149,5788379,2316,2,,,
427180,20260805,103000,123000,4149,5788379,2316,2,,,
427180,20260805,103000,123000,4149,5807220,2316,2,,,
427180,20260805,103000,123000,4149,5807220,2316,2,,,
427181,20260522,103000,123000,4149,5788379,2316,2,,,
427181,20260522,103000,123000,4149,5788379,2316,2,,,
427181,20260522,103000,123000,4149,5807220,2316,2,,,
427181,20260522,103000,123000,4149,5807220,2316,2,,,
428497,20250925,81500,101500,4139,5788166,2294,2,,,
428497,20250925,81500,101500,4139,5788166,517,2,,,
428497,20250925,81500,101500,4139,5939146,2294,2,,,
428497,20250925,81500,101500,4139,5939146,517,2,,,
429020,20250923,181500,201500,9754,5785003,1604,2,,,
429020,20250923,181500,201500,9754,5785003,1604,2,,,
429020,20250923,181500,201500,9754,5785003,2305,2,,,
429021,20250930,181500,201500,9754,5785003,1604,2,,,
429021,20250930,181500,201500,9754,5785003,1604,2,,,
429021,20250930,181500,201500,9754,5785003,520,2,,,
429022,20250710,181500,201500,9754,5785003,1604,2,,,
429022,20250710,181500,201500,9754,5785003,1604,2,,,
429023,20251028,181500,201500,9754,5785003,1604,2,,,
429023,20251028,181500,201500,9754,5785003,1604,2,,,
429024,20251125,181500,201500,9754,5785003,1604,2,,,
429024,20251125,181500,201500,9754,5785003,1604,2,,,
429025,20250212,181500,201500,9754,5785003,1604,2,,,
429025,20250212,181500,201500,9754,5785003,1604,2,,,
429026,20250912,181500,201500,9754,5785003,1604,2,,,
429026,20250912,181500,201500,9754,5785003,1604,2,,,
430134,20251031,103000,123000,3905,5816221,2302,7,,,
430134,20251031,103000,123000,3905,5816221,2302,7,,,
430134,20251031,103000,123000,3905,5866239,2302,7,,,
430134,20251031,103000,123000,3905,5866239,2302,7,,,
430145,20260428,133000,164500,4584,5804081,1591,7,,,
430145,20260428,133000,164500,4584,5804081,1116,7,,,
430145,20260428,133000,164500,4584,5804158,1591,7,,,
430145,20260428,133000,164500,4584,5804158,1116,7,,,
430145,20260428,133000,164500,4584,5826313,1591,7,,,
430145,20260428,133000,164500,4584,5826313,1116,7,,,
430145,20260428,133000,164500,4584,5826390,1591,7,,,
430145,20260428,133000,164500,4584,5826390,1116,7,,,
430145,20260428,133000,164500,4584,5836755,1591,7,,,
430145,20260428,133000,164500,4584,5836755,1116,7,,,
430147,20260213,91500,123000,4584,5826236,1594,7,,,
430147,20260213,91500,123000,4584,5826236,515,7,,,
430147,20260213,91500,123000,4584,5826236,1120,7,,,
430147,20260213,91500,123000,4584,5826313,1594,7,,,
430147,20260213,91500,123000,4584,5826313,515,7,,,
430147,20260213,91500,123000,4584,5826313,1120,7,,,
430147,20260213,91500,123000,4584,5826390,1594,7,,,
430147,20260213,91500,123000,4584,5826390,515,7,,,
430147,20260213,91500,123000,4584,5826390,1120,7,,,
430148,20260220,91500,123000,4584,5826236,1591,7,,,
430148,20260220,91500,123000,4584,5826236,515,7,,,
430148,20260220,91500,123000,4584,5826313,1591,7,,,
430148,20260220,91500,123000,4584,5826313,515,7,,,
430148,20260220,91500,123000,4584,5826390,1591,7,,,
430148,20260220,91500,123000,4584,5826390,515,7,,,
430149,20260227,91500,123000,4584,5826236,1594,7,,,
430149,20260227,91500,123000,4584,5826236,515,7,,,
430149,20260227,91500,123000,4584,5826313,1594,7,,,
430149,20260227,91500,123000,4584,5826313,515,7,,,
430149,20260227,91500,123000,4584,5826390,1594,7,,,
430149,20260227,91500,123000,4584,5826390,515,7,,,
430150,20260603,91500,123000,4584,5826236,1591,7,,,
430150,20260603,91500,123000,4584,5826236,515,7,,,
430150,20260603,91500,123000,4584,5826313,1591,7,,,
430150,20260603,91500,123000,4584,5826313,515,7,,,
430150,20260603,91500,123000,4584,5826390,1591,7,,,
430150,20260603,91500,123000,4584,5826390,515,7,,,
430151,20260313,91500,123000,4584,5826236,1594,7,,,
430151,20260313,91500,123000,4584,5826236,515,7,,,
430151,20260313,91500,123000,4584,5826313,1594,7,,,
430151,20260313,91500,123000,4584,5826313,515,7,,,
430151,20260313,91500,123000,4584,5826390,1594,7,,,
430151,20260313,91500,123000,4584,5826390,515,7,,,
430152,20260320,91500,123000,4584,5826236,1591,7,,,
430152,20260320,91500,123000,4584,5826236,515,7,,,
430152,20260320,91500,123000,4584,5826313,1591,7,,,
430152,20260320,91500,123000,4584,5826313,515,7,,,
430152,20260320,91500,123000,4584,5826390,1591,7,,,
430152,20260320,91500,123000,4584,5826390,515,7,,,
430153,20260327,91500,123000,4584,5826236,1594,7,,,
430153,20260327,91500,123000,4584,5826236,515,7,,,
430153,20260327,91500,123000,4584,5826313,1594,7,,,
430153,20260327,91500,123000,4584,5826313,515,7,,,
430153,20260327,91500,123000,4584,5826390,1594,7,,,
430153,20260327,91500,123000,4584,5826390,515,7,,,
430154,20260304,91500,123000,4584,5826236,1591,7,,,
430154,20260304,91500,123000,4584,5826236,515,7,,,
430154,20260304,91500,123000,4584,5826313,1591,7,,,
430154,20260304,91500,123000,4584,5826313,515,7,,,
430154,20260304,91500,123000,4584,5826390,1591,7,,,
430154,20260304,91500,123000,4584,5826390,515,7,,,
430155,20260424,91500,123000,4584,5826236,1594,7,,,
430155,20260424,91500,123000,4584,5826236,515,7,,,
430155,20260424,91500,123000,4584,5826313,1594,7,,,
430155,20260424,91500,123000,4584,5826313,515,7,,,
430155,20260424,91500,123000,4584,5826390,1594,7,,,
430155,20260424,91500,123000,4584,5826390,515,7,,,
431559,20261002,91500,123000,4584,5804235,1591,7,,,
431559,20261002,91500,123000,4584,5804235,1116,7,,,
431559,20261002,91500,123000,4584,5859005,1591,7,,,
431559,20261002,91500,123000,4584,5859005,1116,7,,,
431568,20260428,91500,123000,4584,5804235,1591,7,,,
431568,20260428,91500,123000,4584,5804235,1116,7,,,
431568,20260428,91500,123000,4584,5826236,1591,7,,,
431568,20260428,91500,123000,4584,5826236,1116,7,,,
431568,20260428,91500,123000,4584,5859005,1591,7,,,
431568,20260428,91500,123000,4584,5859005,1116,7,,,
433570,20251118,81500,101500,6371,6054262,2311,2,,,
433570,20251118,81500,101500,6371,6054262,2311,2,,,
433576,20250611,154500,174500,6371,6054262,2295,2,,,
433576,20250611,154500,184500,6371,6054262,2311,2,,,
433577,20251120,154500,174500,6371,6054262,2295,2,,,
433577,20251120,154500,174500,6371,6054262,2295,2,,,
433585,20251128,133000,153000,6371,6054262,2302,2,,,
433585,20251128,81500,101500,6371,6054262,2291,2,,,
433585,20251128,81500,101500,6371,6054262,2291,2,,,
433695,20260217,133000,153000,6427,5722889,2303,2,,,
433695,20260217,133000,163000,6427,5722889,2303,2,,,
434221,20260226,103000,123000,6122,5889016,517,2,,,
434221,20260226,103000,123000,6122,5889016,2311,2,,,
434230,20260226,81500,101500,6120,5889014,2295,2,,,
434230,20260226,81500,101500,6120,5889014,2295,2,,,
434232,20260326,81500,101500,6120,5889014,2295,2,,,
434232,20260326,81500,101500,6120,5889014,2295,2,,,
434279,20260430,140000,160000,6189,5889086,1549,2,,,
434279,20260430,133000,153000,6189,5889086,1549,2,,,
434328,20260430,103000,123000,6105,5794220,515,2,,,
434328,20260430,81500,101500,6105,5794220,515,2,,,
435541,20260217,103000,123000,3906,5777060,1113,2,,,
435541,20260217,103000,123000,3906,5777060,1113,2,,,
435541,20260217,103000,123000,3906,5777395,1113,2,,,
435541,20260217,103000,123000,3906,5777395,1113,2,,,
435541,20260217,103000,123000,3906,5898689,1113,2,,,
435541,20260217,103000,123000,3906,5898689,1113,2,,,
435541,20260217,103000,123000,3906,5900054,1113,2,,,
435541,20260217,103000,123000,3906,5900054,1113,2,,,
436224,20250810,133000,153000,6216,5896196,524,2,,,
436224,20250810,133000,153000,6216,5896196,524,2,,,
436225,20251015,133000,153000,6216,5896196,524,2,,,
436225,20251015,133000,153000,6216,5896196,524,2,,,
436226,20251022,133000,153000,6216,5896196,524,2,,,
436226,20251022,133000,153000,6216,5896196,524,2,,,
436227,20251029,133000,153000,6216,5896196,524,2,,,
436227,20251029,133000,153000,6216,5896196,524,2,,,
436228,20250511,133000,153000,6216,5896196,524,2,,,
436228,20250511,133000,153000,6216,5896196,524,2,,,
436229,20251119,133000,153000,6216,5896196,524,2,,,
436229,20251119,133000,153000,6216,5896196,524,2,,,
436230,20251126,133000,153000,6216,5896196,524,2,,,
436230,20251126,133000,153000,6216,5896196,524,2,,,
436231,20250312,133000,153000,6216,5896196,524,2,,,
436231,20250312,133000,153000,6216,5896196,524,2,,,
436232,20251217,133000,153000,6216,5896196,524,2,,,
436232,20251217,133000,153000,6216,5896196,524,2,,,
436245,20260313,133000,153000,3832,5909067,1574,7,,,
436245,20260313,133000,153000,3832,5909067,2317,7,,,
436245,20260313,133000,153000,3832,5941315,1574,7,,,
436245,20260313,133000,153000,3832,5941315,2317,7,,,
436245,20260313,133000,153000,3832,5941524,1574,7,,,
436245,20260313,133000,153000,3832,5941524,2317,7,,,
436252,20260304,133000,153000,3832,5909067,1574,7,,,
436252,20260304,133000,153000,3832,5909067,2318,7,,,
436252,20260304,133000,153000,3832,5941315,1574,7,,,
436252,20260304,133000,153000,3832,5941315,2318,7,,,
436252,20260304,133000,153000,3832,5941524,1574,7,,,
436252,20260304,133000,153000,3832,5941524,2318,7,,,
436281,20261105,133000,153000,3832,5909067,1113,7,,,
436281,20261105,133000,153000,3832,5909067,2318,7,,,
436281,20261105,133000,153000,3832,5941315,1113,7,,,
436281,20261105,133000,153000,3832,5941315,2318,7,,,
436281,20261105,133000,153000,3832,5941524,1113,7,,,
436281,20261105,133000,153000,3832,5941524,2318,7,,,
436320,20250926,133000,153000,5347,5754559,2305,2,,,
436320,20250926,133000,153000,5347,5754559,2305,2,,,
436321,20250310,133000,153000,5347,5754559,2305,2,,,
436321,20250310,133000,153000,5347,5754559,2305,2,,,
436321,20250310,133000,153000,5347,5754559,520,2,,,
436322,20251010,133000,153000,5347,5754559,2305,2,,,
436322,20251010,133000,153000,5347,5754559,2305,2,,,
436322,20251010,133000,153000,5347,5754559,520,2,,,
436323,20251017,133000,153000,5347,5754559,2305,2,,,
436323,20251017,133000,153000,5347,5754559,2305,2,,,
436324,20250711,133000,153000,5347,5754559,2305,2,,,
436324,20250711,133000,153000,5347,5754559,2305,2,,,
436324,20250711,133000,153000,5347,5754559,520,2,,,
436325,20251114,133000,153000,5347,5754559,2305,2,,,
436325,20251114,133000,153000,5347,5754559,2305,2,,,
436325,20251114,133000,153000,5347,5754559,520,2,,,
436326,20251121,133000,153000,5347,5754559,2305,2,,,
436326,20251121,133000,153000,5347,5754559,2305,2,,,
436326,20251121,133000,153000,5347,5754559,520,2,,,
436327,20251212,133000,153000,5347,5754559,2305,2,,,
436327,20251212,133000,153000,5347,5754559,2305,2,,,
436327,20251212,133000,153000,5347,5754559,520,2,,,
436328,20251219,133000,153000,5347,5754559,2305,2,,,
436328,20251219,133000,153000,5347,5754559,2305,2,,,
436328,20251219,133000,153000,5347,5754559,520,2,,,
436330,20251024,133000,153000,5347,5754559,2309,2,,,
436330,20251024,133000,153000,5347,5754559,2309,2,,,
436330,20251024,133000,153000,5347,5754559,520,2,,,
436331,20251031,133000,153000,5347,5754559,2309,2,,,
436331,20251031,133000,153000,5347,5754559,2309,2,,,
436331,20251031,133000,153000,5347,5754559,520,2,,,
436332,20251128,133000,153000,5347,5754559,2309,2,,,
436332,20251128,133000,153000,5347,5754559,2309,2,,,
436332,20251128,133000,153000,5347,5754559,520,2,,,
436333,20250512,133000,153000,5347,5754559,2309,2,,,
436333,20250512,133000,153000,5347,5754559,2309,2,,,
436333,20250512,133000,153000,5347,5754559,520,2,,,
436334,20250926,154500,174500,10790,6069979,1553,2,,,
436334,20250926,154500,174500,10790,6069979,1580,2,,,
436367,20250610,81500,123000,6454,5891208,2301,2,,,
436367,20250610,81500,123000,6454,5891208,2322,2,,,
436368,20251013,81500,123000,6454,5891208,2301,2,,,
436368,20251013,81500,123000,6454,5891208,2322,2,,,
436371,20250311,81500,123000,6454,5891208,2301,2,,,
436371,20250311,81500,123000,6454,5891208,2322,2,,,
436402,20260503,103000,123000,4016,5846555,1604,8,,,
436402,20260503,103000,123000,4016,5846555,1113,8,,,
436402,20260503,103000,123000,4016,5909246,1604,8,,,
436402,20260503,103000,123000,4016,5909246,1113,8,,,
436402,20260503,103000,123000,4016,5941494,1604,8,,,
436402,20260503,103000,123000,4016,5941494,1113,8,,,
436402,20260503,103000,123000,4016,5941912,1604,8,,,
436402,20260503,103000,123000,4016,5941912,1113,8,,,
436514,20260423,81500,101500,4798,5900263,1113,2,,,
436514,20260423,81500,101500,4798,5900263,1113,2,,,
436514,20260423,81500,101500,4798,5900263,1113,2,,,
436514,20260423,81500,101500,4798,5900319,1113,2,,,
436514,20260423,81500,101500,4798,5900319,1113,2,,,
436514,20260423,81500,101500,4798,5900319,1113,2,,,
436514,20260423,81500,101500,4798,5900375,1113,2,,,
436514,20260423,81500,101500,4798,5900375,1113,2,,,
436514,20260423,81500,101500,4798,5900375,1113,2,,,
436514,20260423,81500,101500,4798,5974371,1113,2,,,
436514,20260423,81500,101500,4798,5974371,1113,2,,,
436514,20260423,81500,101500,4798,5974371,1113,2,,,
436514,20260423,81500,101500,4798,6048587,1113,2,,,
436514,20260423,81500,101500,4798,6048587,1113,2,,,
436514,20260423,81500,101500,4798,6048587,1113,2,,,
437119,20251031,164500,174500,11190,6110715,1580,2,,,
437119,20251031,164500,174500,11190,6110715,1580,2,,,
437119,20251031,164500,174500,11190,6110715,1580,2,,,
437119,20251031,164500,174500,11190,6110716,1580,2,,,
437119,20251031,164500,174500,11190,6110716,1580,2,,,
437119,20251031,164500,174500,11190,6110716,1580,2,,,
437119,20251031,164500,174500,11190,6110720,1580,2,,,
437119,20251031,164500,174500,11190,6110720,1580,2,,,
437119,20251031,164500,174500,11190,6110720,1580,2,,,
438521,20250110,133000,164500,5791,5793310,1622,2,,,
438521,20250110,133000,164500,5791,5793310,1622,2,,,
438521,20250110,133000,164500,5791,5795026,1622,2,,,
438521,20250110,133000,164500,5791,5795026,1622,2,,,
438521,20250110,133000,164500,5791,5795904,1622,2,,,
438521,20250110,133000,164500,5791,5795904,1622,2,,,
438521,20250110,133000,164500,5791,5951618,1622,2,,,
438521,20250110,133000,164500,5791,5951618,1622,2,,,
438521,20250110,133000,164500,5791,5955246,1622,2,,,
438521,20250110,133000,164500,5791,5955246,1622,2,,,
438522,20250810,133000,164500,5791,5793310,1622,2,,,
438522,20250810,133000,164500,5791,5793310,1622,2,,,
438522,20250810,133000,164500,5791,5795026,1622,2,,,
438522,20250810,133000,164500,5791,5795026,1622,2,,,
438522,20250810,133000,164500,5791,5795904,1622,2,,,
438522,20250810,133000,164500,5791,5795904,1622,2,,,
438522,20250810,133000,164500,5791,5951618,1622,2,,,
438522,20250810,133000,164500,5791,5951618,1622,2,,,
438522,20250810,133000,164500,5791,5955246,1622,2,,,
438522,20250810,133000,164500,5791,5955246,1622,2,,,
438523,20251015,133000,164500,5791,5793310,1622,2,,,
438523,20251015,133000,164500,5791,5793310,1622,2,,,
438523,20251015,133000,164500,5791,5795026,1622,2,,,
438523,20251015,133000,164500,5791,5795026,1622,2,,,
438523,20251015,133000,164500,5791,5795904,1622,2,,,
438523,20251015,133000,164500,5791,5795904,1622,2,,,
438523,20251015,133000,164500,5791,5951618,1622,2,,,
438523,20251015,133000,164500,5791,5951618,1622,2,,,
438523,20251015,133000,164500,5791,5955246,1622,2,,,
438523,20251015,133000,164500,5791,5955246,1622,2,,,
438524,20251022,133000,164500,5800,5792815,1622,2,,,
438524,20251022,133000,164500,5800,5792815,1622,2,,,
438524,20251022,133000,164500,5800,5793319,1622,2,,,
438524,20251022,133000,164500,5800,5793319,1622,2,,,
438524,20251022,133000,164500,5800,5795913,1622,2,,,
438524,20251022,133000,164500,5800,5795913,1622,2,,,
438524,20251022,133000,164500,5800,5817622,1622,2,,,
438524,20251022,133000,164500,5800,5817622,1622,2,,,
438524,20251022,133000,164500,5800,5951627,1622,2,,,
438524,20251022,133000,164500,5800,5951627,1622,2,,,
438524,20251022,133000,164500,5800,5955255,1622,2,,,
438524,20251022,133000,164500,5800,5955255,1622,2,,,
438524,20251022,133000,164500,5800,5984438,1622,2,,,
438524,20251022,133000,164500,5800,5984438,1622,2,,,
438525,20251029,133000,164500,5800,5792815,1622,2,,,
438525,20251029,133000,164500,5800,5792815,1622,2,,,
438525,20251029,133000,164500,5800,5793319,1622,2,,,
438525,20251029,133000,164500,5800,5793319,1622,2,,,
438525,20251029,133000,164500,5800,5795913,1622,2,,,
438525,20251029,133000,164500,5800,5795913,1622,2,,,
438525,20251029,133000,164500,5800,5817622,1622,2,,,
438525,20251029,133000,164500,5800,5817622,1622,2,,,
438525,20251029,133000,164500,5800,5951627,1622,2,,,
438525,20251029,133000,164500,5800,5951627,1622,2,,,
438525,20251029,133000,164500,5800,5955255,1622,2,,,
438525,20251029,133000,164500,5800,5955255,1622,2,,,
438525,20251029,133000,164500,5800,5984438,1622,2,,,
438525,20251029,133000,164500,5800,5984438,1622,2,,,
438526,20250511,133000,164500,5800,5792815,1622,2,,,
438526,20250511,133000,164500,5800,5792815,1622,2,,,
438526,20250511,133000,164500,5800,5793319,1622,2,,,
438526,20250511,133000,164500,5800,5793319,1622,2,,,
438526,20250511,133000,164500,5800,5795913,1622,2,,,
438526,20250511,133000,164500,5800,5795913,1622,2,,,
438526,20250511,133000,164500,5800,5817622,1622,2,,,
438526,20250511,133000,164500,5800,5817622,1622,2,,,
438526,20250511,133000,164500,5800,5951627,1622,2,,,
438526,20250511,133000,164500,5800,5951627,1622,2,,,
438526,20250511,133000,164500,5800,5955255,1622,2,,,
438526,20250511,133000,164500,5800,5955255,1622,2,,,
438526,20250511,133000,164500,5800,5984438,1622,2,,,
438526,20250511,133000,164500,5800,5984438,1622,2,,,
438527,20251211,133000,164500,5800,5792815,1622,2,,,
438527,20251211,133000,164500,5800,5792815,1622,2,,,
438527,20251211,133000,164500,5800,5793319,1622,2,,,
438527,20251211,133000,164500,5800,5793319,1622,2,,,
438527,20251211,133000,164500,5800,5795913,1622,2,,,
438527,20251211,133000,164500,5800,5795913,1622,2,,,
438527,20251211,133000,164500,5800,5817622,1622,2,,,
438527,20251211,133000,164500,5800,5817622,1622,2,,,
438527,20251211,133000,164500,5800,5951627,1622,2,,,
438527,20251211,133000,164500,5800,5951627,1622,2,,,
438527,20251211,133000,164500,5800,5955255,1622,2,,,
438527,20251211,133000,164500,5800,5955255,1622,2,,,
438527,20251211,133000,164500,5800,5984438,1622,2,,,
438527,20251211,133000,164500,5800,5984438,1622,2,,,
438528,20251119,133000,164500,5800,5792815,1622,2,,,
438528,20251119,133000,164500,5800,5792815,1622,2,,,
438528,20251119,133000,164500,5800,5793319,1622,2,,,
438528,20251119,133000,164500,5800,5793319,1622,2,,,
438528,20251119,133000,164500,5800,5795913,1622,2,,,
438528,20251119,133000,164500,5800,5795913,1622,2,,,
438528,20251119,133000,164500,5800,5817622,1622,2,,,
438528,20251119,133000,164500,5800,5817622,1622,2,,,
438528,20251119,133000,164500,5800,5951627,1622,2,,,
438528,20251119,133000,164500,5800,5951627,1622,2,,,
438528,20251119,133000,164500,5800,5955255,1622,2,,,
438528,20251119,133000,164500,5800,5955255,1622,2,,,
438528,20251119,133000,164500,5800,5984438,1622,2,,,
438528,20251119,133000,164500,5800,5984438,1622,2,,,
438529,20251126,133000,164500,5800,5792815,1622,2,,,
438529,20251126,133000,164500,5800,5792815,1622,2,,,
438529,20251126,133000,164500,5800,5793319,1622,2,,,
438529,20251126,133000,164500,5800,5793319,1622,2,,,
438529,20251126,133000,164500,5800,5795913,1622,2,,,
438529,20251126,133000,164500,5800,5795913,1622,2,,,
438529,20251126,133000,164500,5800,5817622,1622,2,,,
438529,20251126,133000,164500,5800,5817622,1622,2,,,
438529,20251126,133000,164500,5800,5951627,1622,2,,,
438529,20251126,133000,164500,5800,5951627,1622,2,,,
438529,20251126,133000,164500,5800,5955255,1622,2,,,
438529,20251126,133000,164500,5800,5955255,1622,2,,,
438529,20251126,133000,164500,5800,5984438,1622,2,,,
438529,20251126,133000,164500,5800,5984438,1622,2,,,
438751,20260902,91500,123000,6431,5909046,1573,2,,,
438751,20260902,91500,123000,6431,5909046,1573,2,,,
438753,20260223,91500,123000,6431,5909046,1573,2,,,
438753,20260223,91500,123000,6431,5909046,1573,2,,,
438754,20260203,91500,123000,6431,5909046,1573,2,,,
438754,20260203,91500,123000,6431,5909046,1573,2,,,
438815,20260902,91500,123000,6436,5978416,2323,2,,,
438815,20260902,91500,123000,6436,5978416,2323,2,,,
438817,20260223,91500,123000,6436,5978416,2323,2,,,
438817,20260223,91500,123000,6436,5978416,2323,2,,,
438818,20260203,91500,123000,6436,5978416,2323,2,,,
438818,20260203,91500,123000,6436,5978416,2323,2,,,
438819,20260903,91500,123000,6436,5978416,2323,2,,,
438819,20260903,91500,123000,6436,5978416,2323,2,,,
438820,20260316,91500,123000,6436,5978416,2323,2,,,
438820,20260316,91500,123000,6436,5978416,2323,2,,,
438821,20260323,91500,123000,6436,5978416,2323,2,,,
438821,20260323,91500,123000,6436,5978416,2323,2,,,
438822,20260330,91500,123000,6436,5978416,2323,2,,,
438822,20260330,91500,123000,6436,5978416,2323,2,,,
438825,20260420,91500,123000,6436,5978416,2323,2,,,
438825,20260420,91500,123000,6436,5978416,2323,2,,,
438826,20260427,91500,123000,6436,5978416,2323,2,,,
438826,20260427,91500,123000,6436,5978416,2323,2,,,
438827,20260405,91500,123000,6436,5978416,2323,2,,,
438827,20260405,91500,123000,6436,5978416,2323,2,,,
439012,20260223,133000,153000,6464,5909049,2318,2,,,
439012,20260223,133000,153000,6464,5909049,2318,2,,,
439013,20260203,133000,153000,6464,5909049,2318,2,,,
439013,20260203,133000,153000,6464,5909049,2318,2,,,
439014,20260903,133000,153000,6464,5909049,2318,2,,,
439014,20260903,133000,153000,6464,5909049,2318,2,,,
439218,20260217,133000,174500,6449,5978387,1563,2,,,
439218,20260217,133000,174500,6449,5978387,1563,2,,,
439219,20260303,133000,174500,6449,5978387,1563,2,,,
439219,20260303,133000,174500,6449,5978387,1563,2,,,
439220,20260317,133000,174500,6449,5978387,1563,2,,,
439220,20260317,133000,174500,6449,5978387,1563,2,,,
439221,20260331,133000,174500,6449,5978387,1563,2,,,
439221,20260331,133000,174500,6449,5978387,1563,2,,,
439223,20260428,133000,174500,6449,5978387,1563,2,,,
439223,20260428,133000,174500,6449,5978387,1563,2,,,
439716,20251027,133000,164500,6432,5891227,2302,2,,,
439716,20251027,133000,164500,6432,5891227,2317,2,,,
440801,20260421,154500,174500,6105,5794220,515,2,,,
440801,20260423,133000,153000,6105,5794220,515,2,,,
440802,20260428,154500,174500,6105,5794220,515,2,,,
440802,20260430,103000,123000,6105,5794220,515,2,,,
440829,20260225,154500,174500,3899,5771021,1105,2,,,
440829,20260225,154500,174500,3899,5771021,1105,2,,,
440829,20260225,154500,174500,3899,5771230,1105,2,,,
440829,20260225,154500,174500,3899,5771230,1105,2,,,
440829,20260225,154500,174500,3899,5771439,1105,2,,,
440829,20260225,154500,174500,3899,5771439,1105,2,,,
440829,20260225,154500,174500,3899,5771760,1105,2,,,
440829,20260225,154500,174500,3899,5771760,1105,2,,,
440829,20260225,154500,174500,3899,5771969,1105,2,,,
440829,20260225,154500,174500,3899,5771969,1105,2,,,
440829,20260225,154500,174500,3899,5779183,1105,2,,,
440829,20260225,154500,174500,3899,5779183,1105,2,,,
440829,20260225,154500,174500,3899,5785216,1105,2,,,
440829,20260225,154500,174500,3899,5785216,1105,2,,,
440829,20260225,154500,174500,3899,5819387,1105,2,,,
440829,20260225,154500,174500,3899,5819387,1105,2,,,
440829,20260225,154500,174500,3899,5867376,1105,2,,,
440829,20260225,154500,174500,3899,5867376,1105,2,,,
440829,20260225,154500,174500,3899,5872649,1105,2,,,
440829,20260225,154500,174500,3899,5872649,1105,2,,,
440829,20260225,154500,174500,3899,5879015,1105,2,,,
440829,20260225,154500,174500,3899,5879015,1105,2,,,
440829,20260225,154500,174500,3899,5879224,1105,2,,,
440829,20260225,154500,174500,3899,5879224,1105,2,,,
440831,20260318,154500,174500,3899,5771021,1105,2,,,
440831,20260318,154500,174500,3899,5771021,1105,2,,,
440831,20260318,154500,174500,3899,5771230,1105,2,,,
440831,20260318,154500,174500,3899,5771230,1105,2,,,
440831,20260318,154500,174500,3899,5771439,1105,2,,,
440831,20260318,154500,174500,3899,5771439,1105,2,,,
440831,20260318,154500,174500,3899,5771760,1105,2,,,
440831,20260318,154500,174500,3899,5771760,1105,2,,,
440831,20260318,154500,174500,3899,5771969,1105,2,,,
440831,20260318,154500,174500,3899,5771969,1105,2,,,
440831,20260318,154500,174500,3899,5779183,1105,2,,,
440831,20260318,154500,174500,3899,5779183,1105,2,,,
440831,20260318,154500,174500,3899,5785216,1105,2,,,
440831,20260318,154500,174500,3899,5785216,1105,2,,,
440831,20260318,154500,174500,3899,5819387,1105,2,,,
440831,20260318,154500,174500,3899,5819387,1105,2,,,
440831,20260318,154500,174500,3899,5867376,1105,2,,,
440831,20260318,154500,174500,3899,5867376,1105,2,,,
440831,20260318,154500,174500,3899,5872649,1105,2,,,
440831,20260318,154500,174500,3899,5872649,1105,2,,,
440831,20260318,154500,174500,3899,5879015,1105,2,,,
440831,20260318,154500,174500,3899,5879015,1105,2,,,
440831,20260318,154500,174500,3899,5879224,1105,2,,,
440831,20260318,154500,174500,3899,5879224,1105,2,,,
440944,20260605,133000,153000,6120,5889014,2295,2,,,
440944,20260605,133000,153000,6120,5889014,2295,2,,,
441171,20261002,133000,153000,6213,5760471,524,2,,,
441171,20261002,133000,153000,6213,5760471,524,2,,,
441172,20260217,133000,153000,6213,5760471,524,2,,,
441172,20260217,133000,153000,6213,5760471,524,2,,,
441173,20260224,133000,153000,6213,5760471,524,2,,,
441173,20260224,133000,153000,6213,5760471,524,2,,,
441174,20260303,133000,153000,6213,5760471,524,2,,,
441174,20260303,133000,153000,6213,5760471,524,2,,,
441175,20261003,133000,153000,6213,5760471,524,2,,,
441175,20261003,133000,153000,6213,5760471,524,2,,,
441176,20260317,133000,153000,6213,5760471,524,2,,,
441176,20260317,133000,153000,6213,5760471,524,2,,,
441177,20260324,133000,153000,6213,5760471,524,2,,,
441177,20260324,133000,153000,6213,5760471,524,2,,,
441178,20260421,133000,153000,6213,5760471,524,2,,,
441178,20260421,133000,153000,6213,5760471,524,2,,,
441179,20261205,133000,153000,6213,5760471,524,2,,,
441179,20261205,133000,153000,6213,5760471,524,2,,,
441566,20260403,154500,174500,6213,5760471,524,2,,,
441566,20260403,154500,174500,6213,5760471,524,2,,,
441568,20260325,154500,174500,6213,5760471,524,2,,,
441568,20260325,154500,174500,6213,5760471,524,2,,,
441569,20260422,154500,174500,6213,5760471,524,2,,,
441569,20260422,154500,174500,6213,5760471,524,2,,,
441874,20260219,91500,123000,3941,5915090,1122,2,,,
441874,20260219,91500,123000,3941,5915090,1122,2,,,
441875,20260226,91500,123000,3941,5915090,1122,2,,,
441875,20260226,91500,123000,3941,5915090,1122,2,,,
441876,20260503,91500,123000,3941,5915090,1122,2,,,
441876,20260503,91500,123000,3941,5915090,1122,2,,,
441877,20261203,91500,123000,3941,5915090,1122,2,,,
441877,20261203,91500,123000,3941,5915090,1122,2,,,
441878,20260319,91500,123000,3941,5915090,1122,2,,,
441878,20260319,91500,123000,3941,5915090,1122,2,,,
441885,20260326,91500,123000,3941,5915090,1122,2,,,
441885,20260326,91500,123000,3941,5915090,1122,2,,,
441890,20260330,133000,164500,3939,5915088,1113,2,,,
441890,20260330,133000,164500,3939,5915088,1113,2,,,
441981,20261202,133000,174500,3939,5915088,1113,2,,,
441981,20261202,133000,174500,3939,5915088,1113,2,,,
441988,20260430,133000,153000,6100,5760235,2299,2,,,
441988,20260423,133000,153000,6100,5760235,2299,2,,,
442021,20260423,154500,174500,6120,5889014,2295,2,,,
442021,20260423,133000,153000,6120,5889014,2295,2,,,
442022,20260430,81500,101500,6120,5889014,2295,2,,,
442022,20260430,103000,123000,6120,5889014,2295,2,,,
442290,20261102,81500,123000,6431,5909046,1573,2,,,
442290,20261102,81500,123000,6431,5909046,1573,2,,,
442291,20260218,81500,123000,6431,5909046,1573,2,,,
442291,20260218,81500,123000,6431,5909046,1573,2,,,
442292,20260225,81500,123000,6431,5909046,1573,2,,,
442292,20260225,81500,123000,6431,5909046,1573,2,,,
442293,20260403,81500,123000,6431,5909046,1573,2,,,
442293,20260403,81500,123000,6431,5909046,1573,2,,,
442294,20261103,81500,123000,6431,5909046,1573,2,,,
442294,20261103,81500,123000,6431,5909046,1573,2,,,
442404,20261102,91500,123000,6478,6033769,2311,2,,,
442404,20261102,91500,123000,6478,6033769,2311,2,,,
442405,20260218,91500,123000,6478,6033769,2311,2,,,
442405,20260218,91500,123000,6478,6033769,2311,2,,,
442406,20260225,91500,123000,6478,6033769,2311,2,,,
442406,20260225,91500,123000,6478,6033769,2311,2,,,
442407,20260403,91500,123000,6478,6033769,2311,2,,,
442407,20260403,91500,123000,6478,6033769,2311,2,,,
442408,20261103,91500,123000,6478,6033769,2311,2,,,
442408,20261103,91500,123000,6478,6033769,2311,2,,,
442409,20260318,91500,123000,6478,6033769,2311,2,,,
442409,20260318,91500,123000,6478,6033769,2311,2,,,
442410,20260325,91500,123000,6478,6033769,2311,2,,,
442410,20260325,91500,123000,6478,6033769,2311,2,,,
442411,20260104,91500,123000,6478,6033769,2311,2,,,
442411,20260104,91500,123000,6478,6033769,2311,2,,,
442414,20260422,91500,123000,6478,6033769,2311,2,,,
442414,20260422,91500,123000,6478,6033769,2311,2,,,
442415,20260429,91500,123000,6478,6033769,2311,2,,,
442415,20260429,91500,123000,6478,6033769,2311,2,,,
442416,20260605,91500,123000,6478,6033769,2311,2,,,
442416,20260605,91500,123000,6478,6033769,2311,2,,,
442510,20260318,133000,174500,6433,5909047,2311,2,,,
442510,20260318,133000,174500,6433,5909047,2311,2,,,
442511,20260325,133000,174500,6433,5909047,2311,2,,,
442511,20260325,133000,174500,6433,5909047,2311,2,,,
442512,20260104,133000,174500,6433,5909047,2311,2,,,
442512,20260104,133000,174500,6433,5909047,2311,2,,,
442515,20260422,133000,174500,6433,5909047,2311,2,,,
442515,20260422,133000,174500,6433,5909047,2311,2,,,
442516,20260429,133000,174500,6433,5909047,2311,2,,,
442516,20260429,133000,174500,6433,5909047,2311,2,,,
442517,20260605,133000,174500,6433,5909047,2311,2,,,
442517,20260605,133000,174500,6433,5909047,2311,2,,,
442805,20261202,81500,123000,6482,6057610,2309,2,,,
442805,20261202,81500,123000,6482,6057610,2309,2,,,
442806,20260219,81500,123000,6482,6057610,2323,2,,,
442806,20260219,81500,123000,6482,6057610,2323,2,,,
442807,20260226,81500,123000,6482,6057610,2323,2,,,
442807,20260226,81500,123000,6482,6057610,2323,2,,,
442808,20260503,81500,123000,6482,6057610,2323,2,,,
442808,20260503,81500,123000,6482,6057610,2323,2,,,
442809,20261203,81500,123000,6482,6057610,2323,2,,,
442809,20261203,81500,123000,6482,6057610,2309,2,,,
442809,20261203,81500,123000,6482,6057610,2309,2,,,
442810,20260319,81500,123000,6482,6057610,2323,2,,,
442810,20260319,81500,123000,6482,6057610,2323,2,,,
442811,20260326,81500,123000,6482,6057610,2323,2,,,
442811,20260326,81500,123000,6482,6057610,2323,2,,,
442812,20260204,81500,123000,6482,6057610,2323,2,,,
442812,20260204,81500,123000,6482,6057610,2309,2,,,
442812,20260204,81500,123000,6482,6057610,2309,2,,,
442815,20260423,81500,123000,6482,6057610,2323,2,,,
442815,20260423,81500,123000,6482,6057610,2309,2,,,
442815,20260423,81500,123000,6482,6057610,2309,2,,,
442816,20260430,81500,123000,6482,6057610,2323,2,,,
442816,20260430,81500,123000,6482,6057610,2323,2,,,
442817,20260705,81500,123000,6482,6057610,2323,2,,,
442817,20260705,81500,123000,6482,6057610,2309,2,,,
442817,20260705,81500,123000,6482,6057610,2309,2,,,
442818,20261202,133000,174500,6482,6057610,2309,2,,,
442818,20261202,133000,174500,6482,6057610,2309,2,,,
442819,20260219,133000,174500,6482,6057610,2323,2,,,
442819,20260219,133000,174500,6482,6057610,2323,2,,,
442820,20260226,133000,174500,6482,6057610,2323,2,,,
442820,20260226,133000,174500,6482,6057610,2323,2,,,
442821,20260503,133000,174500,6482,6057610,2323,2,,,
442821,20260503,133000,174500,6482,6057610,2323,2,,,
442822,20261203,133000,174500,6482,6057610,2323,2,,,
442822,20261203,133000,174500,6482,6057610,2309,2,,,
442822,20261203,133000,174500,6482,6057610,2309,2,,,
442823,20260319,133000,174500,6482,6057610,2323,2,,,
442823,20260319,133000,174500,6482,6057610,2323,2,,,
442824,20260326,133000,174500,6482,6057610,2323,2,,,
442824,20260326,133000,174500,6482,6057610,2323,2,,,
442825,20260204,133000,174500,6482,6057610,2323,2,,,
442825,20260204,133000,174500,6482,6057610,2309,2,,,
442825,20260204,133000,174500,6482,6057610,2309,2,,,
442828,20260423,133000,174500,6482,6057610,2323,2,,,
442828,20260423,133000,174500,6482,6057610,2309,2,,,
442828,20260423,133000,174500,6482,6057610,2309,2,,,
442829,20260430,133000,174500,6482,6057610,2323,2,,,
442829,20260430,133000,174500,6482,6057610,2323,2,,,
442830,20260705,133000,174500,6482,6057610,2323,2,,,
442830,20260705,133000,174500,6482,6057610,2309,2,,,
442830,20260705,133000,174500,6482,6057610,2309,2,,,
443074,20260213,81500,123000,6451,5909045,2323,2,,,
443074,20260213,81500,123000,6451,5909045,2323,2,,,
443075,20260220,81500,123000,6451,5909045,2323,2,,,
443075,20260220,81500,123000,6451,5909045,2323,2,,,
443076,20260227,81500,123000,6451,5909045,2323,2,,,
443076,20260227,81500,123000,6451,5909045,2323,2,,,
443077,20260603,81500,123000,6451,5909045,2323,2,,,
443077,20260603,81500,123000,6451,5909045,2323,2,,,
443078,20260313,81500,123000,6451,5909045,2323,2,,,
443078,20260313,81500,123000,6451,5909045,2323,2,,,
443079,20260320,81500,123000,6451,5909045,2323,2,,,
443079,20260320,81500,123000,6451,5909045,2323,2,,,
443080,20260327,81500,123000,6451,5909045,2323,2,,,
443080,20260327,81500,123000,6451,5909045,2323,2,,,
443081,20260304,81500,123000,6451,5909045,2323,2,,,
443081,20260304,81500,123000,6451,5909045,2323,2,,,
443084,20260424,81500,123000,6451,5909045,2323,2,,,
443084,20260424,81500,123000,6451,5909045,2323,2,,,
443086,20260805,81500,123000,6451,5909045,2323,2,,,
443086,20260805,81500,123000,6451,5909045,2323,2,,,
447013,20260217,133000,153000,3849,5777007,523,7,,,
447013,20260217,133000,153000,3849,5777007,2309,7,,,
447013,20260217,133000,153000,3849,5900001,523,7,,,
447013,20260217,133000,153000,3849,5900001,2309,7,,,
447013,20260217,133000,153000,3849,6140150,523,7,,,
447013,20260217,133000,153000,3849,6140150,2309,7,,,
447013,20260217,133000,153000,3849,6140696,523,7,,,
447013,20260217,133000,153000,3849,6140696,2309,7,,,
447014,20260224,133000,153000,3849,5777007,523,7,,,
447014,20260224,133000,153000,3849,5777007,2309,7,,,
447014,20260224,133000,153000,3849,5900001,523,7,,,
447014,20260224,133000,153000,3849,5900001,2309,7,,,
447014,20260224,133000,153000,3849,6140150,523,7,,,
447014,20260224,133000,153000,3849,6140150,2309,7,,,
447014,20260224,133000,153000,3849,6140696,523,7,,,
447014,20260224,133000,153000,3849,6140696,2309,7,,,
447016,20260317,133000,153000,3849,5777007,523,7,,,
447016,20260317,133000,153000,3849,5777007,2309,7,,,
447016,20260317,133000,153000,3849,5900001,523,7,,,
447016,20260317,133000,153000,3849,5900001,2309,7,,,
447016,20260317,133000,153000,3849,6140150,523,7,,,
447016,20260317,133000,153000,3849,6140150,2309,7,,,
447016,20260317,133000,153000,3849,6140696,523,7,,,
447016,20260317,133000,153000,3849,6140696,2309,7,,,
447017,20260324,133000,153000,3849,5777007,523,7,,,
447017,20260324,133000,153000,3849,5777007,2309,7,,,
447017,20260324,133000,153000,3849,5900001,523,7,,,
447017,20260324,133000,153000,3849,5900001,2309,7,,,
447017,20260324,133000,153000,3849,6140150,523,7,,,
447017,20260324,133000,153000,3849,6140150,2309,7,,,
447017,20260324,133000,153000,3849,6140696,523,7,,,
447017,20260324,133000,153000,3849,6140696,2309,7,,,
447018,20260331,133000,153000,3849,5777007,523,7,,,
447018,20260331,133000,153000,3849,5777007,2309,7,,,
447018,20260331,133000,153000,3849,5900001,523,7,,,
447018,20260331,133000,153000,3849,5900001,2309,7,,,
447018,20260331,133000,153000,3849,6140150,523,7,,,
447018,20260331,133000,153000,3849,6140150,2309,7,,,
447018,20260331,133000,153000,3849,6140696,523,7,,,
447018,20260331,133000,153000,3849,6140696,2309,7,,,
447019,20260421,133000,153000,3849,5777007,523,7,,,
447019,20260421,133000,153000,3849,5777007,2309,7,,,
447019,20260421,133000,153000,3849,5900001,523,7,,,
447019,20260421,133000,153000,3849,5900001,2309,7,,,
447019,20260421,133000,153000,3849,6140150,523,7,,,
447019,20260421,133000,153000,3849,6140150,2309,7,,,
447019,20260421,133000,153000,3849,6140696,523,7,,,
447019,20260421,133000,153000,3849,6140696,2309,7,,,
447020,20260428,133000,153000,3849,5777007,523,7,,,
447020,20260428,133000,153000,3849,5777007,2309,7,,,
447020,20260428,133000,153000,3849,5900001,523,7,,,
447020,20260428,133000,153000,3849,5900001,2309,7,,,
447020,20260428,133000,153000,3849,6140150,523,7,,,
447020,20260428,133000,153000,3849,6140150,2309,7,,,
447020,20260428,133000,153000,3849,6140696,523,7,,,
447020,20260428,133000,153000,3849,6140696,2309,7,,,
447021,20260505,133000,153000,3849,5777007,523,7,,,
447021,20260505,133000,153000,3849,5777007,2309,7,,,
447021,20260505,133000,153000,3849,5900001,523,7,,,
447021,20260505,133000,153000,3849,5900001,2309,7,,,
447021,20260505,133000,153000,3849,6140150,523,7,,,
447021,20260505,133000,153000,3849,6140150,2309,7,,,
447021,20260505,133000,153000,3849,6140696,523,7,,,
447021,20260505,133000,153000,3849,6140696,2309,7,,,
447022,20261205,133000,153000,3849,5777007,523,7,,,
447022,20261205,133000,153000,3849,5777007,2309,7,,,
447022,20261205,133000,153000,3849,5900001,523,7,,,
447022,20261205,133000,153000,3849,5900001,2309,7,,,
447022,20261205,133000,153000,3849,6140150,523,7,,,
447022,20261205,133000,153000,3849,6140150,2309,7,,,
447022,20261205,133000,153000,3849,6140696,523,7,,,
447022,20261205,133000,153000,3849,6140696,2309,7,,,
447023,20260217,154500,174500,3849,5777342,2323,7,,,
447023,20260217,154500,174500,3849,5777342,523,7,,,
447023,20260217,154500,174500,3849,5893266,2323,7,,,
447023,20260217,154500,174500,3849,5893266,523,7,,,
447024,20260224,154500,174500,3849,5777342,2323,7,,,
447024,20260224,154500,174500,3849,5777342,523,7,,,
447024,20260224,154500,174500,3849,5893266,2323,7,,,
447024,20260224,154500,174500,3849,5893266,523,7,,,
447026,20260317,154500,174500,3849,5777342,2323,7,,,
447026,20260317,154500,174500,3849,5777342,523,7,,,
447026,20260317,154500,174500,3849,5893266,2323,7,,,
447026,20260317,154500,174500,3849,5893266,523,7,,,
447027,20260324,154500,174500,3849,5777342,2323,7,,,
447027,20260324,154500,174500,3849,5777342,523,7,,,
447027,20260324,154500,174500,3849,5893266,2323,7,,,
447027,20260324,154500,174500,3849,5893266,523,7,,,
447028,20260331,154500,174500,3849,5777342,2323,7,,,
447028,20260331,154500,174500,3849,5777342,523,7,,,
447028,20260331,154500,174500,3849,5893266,2323,7,,,
447028,20260331,154500,174500,3849,5893266,523,7,,,
447029,20260421,154500,174500,3849,5777342,2323,7,,,
447029,20260421,154500,174500,3849,5777342,523,7,,,
447029,20260421,154500,174500,3849,5893266,2323,7,,,
447029,20260421,154500,174500,3849,5893266,523,7,,,
447030,20260428,154500,174500,3849,5777342,2323,7,,,
447030,20260428,154500,174500,3849,5777342,523,7,,,
447030,20260428,154500,174500,3849,5893266,2323,7,,,
447030,20260428,154500,174500,3849,5893266,523,7,,,
447031,20260505,154500,174500,3849,5777342,2323,7,,,
447031,20260505,154500,174500,3849,5777342,523,7,,,
447031,20260505,154500,174500,3849,5893266,2323,7,,,
447031,20260505,154500,174500,3849,5893266,523,7,,,
447032,20261205,154500,174500,3849,5777342,2323,7,,,
447032,20261205,154500,174500,3849,5777342,523,7,,,
447032,20261205,154500,174500,3849,5893266,2323,7,,,
447032,20261205,154500,174500,3849,5893266,523,7,,,
447033,20260217,133000,153000,3849,5777342,2323,7,,,
447033,20260217,133000,153000,3849,5777342,523,7,,,
447033,20260217,133000,153000,3849,5893266,2323,7,,,
447033,20260217,133000,153000,3849,5893266,523,7,,,
447034,20260224,133000,153000,3849,5777342,2323,7,,,
447034,20260224,133000,153000,3849,5777342,523,7,,,
447034,20260224,133000,153000,3849,5893266,2323,7,,,
447034,20260224,133000,153000,3849,5893266,523,7,,,
447036,20260317,133000,153000,3849,5777342,2323,7,,,
447036,20260317,133000,153000,3849,5777342,523,7,,,
447036,20260317,133000,153000,3849,5893266,2323,7,,,
447036,20260317,133000,153000,3849,5893266,523,7,,,
447037,20260324,133000,153000,3849,5777342,2323,7,,,
447037,20260324,133000,153000,3849,5777342,523,7,,,
447037,20260324,133000,153000,3849,5893266,2323,7,,,
447037,20260324,133000,153000,3849,5893266,523,7,,,
447038,20260331,133000,153000,3849,5777342,2323,7,,,
447038,20260331,133000,153000,3849,5777342,523,7,,,
447038,20260331,133000,153000,3849,5893266,2323,7,,,
447038,20260331,133000,153000,3849,5893266,523,7,,,
447039,20260421,133000,153000,3849,5777342,2323,7,,,
447039,20260421,133000,153000,3849,5777342,523,7,,,
447039,20260421,133000,153000,3849,5893266,2323,7,,,
447039,20260421,133000,153000,3849,5893266,523,7,,,
447040,20260428,133000,153000,3849,5777342,2323,7,,,
447040,20260428,133000,153000,3849,5777342,523,7,,,
447040,20260428,133000,153000,3849,5893266,2323,7,,,
447040,20260428,133000,153000,3849,5893266,523,7,,,
447041,20260505,133000,153000,3849,5777342,2323,7,,,
447041,20260505,133000,153000,3849,5777342,523,7,,,
447041,20260505,133000,153000,3849,5893266,2323,7,,,
447041,20260505,133000,153000,3849,5893266,523,7,,,
447042,20261205,133000,153000,3849,5777342,2323,7,,,
447042,20261205,133000,153000,3849,5777342,523,7,,,
447042,20261205,133000,153000,3849,5893266,2323,7,,,
447042,20261205,133000,153000,3849,5893266,523,7,,,
447075,20260217,154500,174500,3849,5777007,523,7,,,
447075,20260217,154500,174500,3849,5777007,2317,7,,,
447075,20260217,154500,174500,3849,5900001,523,7,,,
447075,20260217,154500,174500,3849,5900001,2317,7,,,
447075,20260217,154500,174500,3849,6140150,523,7,,,
447075,20260217,154500,174500,3849,6140150,2317,7,,,
447075,20260217,154500,174500,3849,6140696,523,7,,,
447075,20260217,154500,174500,3849,6140696,2317,7,,,
447076,20260224,154500,174500,3849,5777007,523,7,,,
447076,20260224,154500,174500,3849,5777007,2317,7,,,
447076,20260224,154500,174500,3849,5900001,523,7,,,
447076,20260224,154500,174500,3849,5900001,2317,7,,,
447076,20260224,154500,174500,3849,6140150,523,7,,,
447076,20260224,154500,174500,3849,6140150,2317,7,,,
447076,20260224,154500,174500,3849,6140696,523,7,,,
447076,20260224,154500,174500,3849,6140696,2317,7,,,
447078,20260317,154500,174500,3849,5777007,523,7,,,
447078,20260317,154500,174500,3849,5777007,2317,7,,,
447078,20260317,154500,174500,3849,5900001,523,7,,,
447078,20260317,154500,174500,3849,5900001,2317,7,,,
447078,20260317,154500,174500,3849,6140150,523,7,,,
447078,20260317,154500,174500,3849,6140150,2317,7,,,
447078,20260317,154500,174500,3849,6140696,523,7,,,
447078,20260317,154500,174500,3849,6140696,2317,7,,,
447079,20260324,154500,174500,3849,5777007,523,7,,,
447079,20260324,154500,174500,3849,5777007,2317,7,,,
447079,20260324,154500,174500,3849,5900001,523,7,,,
447079,20260324,154500,174500,3849,5900001,2317,7,,,
447079,20260324,154500,174500,3849,6140150,523,7,,,
447079,20260324,154500,174500,3849,6140150,2317,7,,,
447079,20260324,154500,174500,3849,6140696,523,7,,,
447079,20260324,154500,174500,3849,6140696,2317,7,,,
447080,20260331,154500,174500,3849,5777007,523,7,,,
447080,20260331,154500,174500,3849,5777007,2317,7,,,
447080,20260331,154500,174500,3849,5900001,523,7,,,
447080,20260331,154500,174500,3849,5900001,2317,7,,,
447080,20260331,154500,174500,3849,6140150,523,7,,,
447080,20260331,154500,174500,3849,6140150,2317,7,,,
447080,20260331,154500,174500,3849,6140696,523,7,,,
447080,20260331,154500,174500,3849,6140696,2317,7,,,
447081,20260421,154500,174500,3849,5777007,523,7,,,
447081,20260421,154500,174500,3849,5777007,2317,7,,,
447081,20260421,154500,174500,3849,5900001,523,7,,,
447081,20260421,154500,174500,3849,5900001,2317,7,,,
447081,20260421,154500,174500,3849,6140150,523,7,,,
447081,20260421,154500,174500,3849,6140150,2317,7,,,
447081,20260421,154500,174500,3849,6140696,523,7,,,
447081,20260421,154500,174500,3849,6140696,2317,7,,,
447082,20260428,154500,174500,3849,5777007,523,7,,,
447082,20260428,154500,174500,3849,5777007,2317,7,,,
447082,20260428,154500,174500,3849,5900001,523,7,,,
447082,20260428,154500,174500,3849,5900001,2317,7,,,
447082,20260428,154500,174500,3849,6140150,523,7,,,
447082,20260428,154500,174500,3849,6140150,2317,7,,,
447082,20260428,154500,174500,3849,6140696,523,7,,,
447082,20260428,154500,174500,3849,6140696,2317,7,,,
447083,20260505,154500,174500,3849,5777007,523,7,,,
447083,20260505,154500,174500,3849,5777007,2317,7,,,
447083,20260505,154500,174500,3849,5900001,523,7,,,
447083,20260505,154500,174500,3849,5900001,2317,7,,,
447083,20260505,154500,174500,3849,6140150,523,7,,,
447083,20260505,154500,174500,3849,6140150,2317,7,,,
447083,20260505,154500,174500,3849,6140696,523,7,,,
447083,20260505,154500,174500,3849,6140696,2317,7,,,
447084,20261205,154500,174500,3849,5777007,523,7,,,
447084,20261205,154500,174500,3849,5777007,2317,7,,,
447084,20261205,154500,174500,3849,5900001,523,7,,,
447084,20261205,154500,174500,3849,5900001,2317,7,,,
447084,20261205,154500,174500,3849,6140150,523,7,,,
447084,20261205,154500,174500,3849,6140150,2317,7,,,
447084,20261205,154500,174500,3849,6140696,523,7,,,
447084,20261205,154500,174500,3849,6140696,2317,7,,,
447351,20261102,81500,101500,3856,5777014,1604,7,,,
447351,20261102,81500,101500,3856,5777014,1604,7,,,
447351,20261102,81500,101500,3856,5777014,1556,7,,,
447351,20261102,81500,101500,3856,5900008,1604,7,,,
447351,20261102,81500,101500,3856,5900008,1604,7,,,
447351,20261102,81500,101500,3856,5900008,1556,7,,,
447351,20261102,81500,101500,3856,6140703,1604,7,,,
447351,20261102,81500,101500,3856,6140703,1604,7,,,
447351,20261102,81500,101500,3856,6140703,1556,7,,,
447353,20261102,103000,123000,3856,5777349,1604,7,,,
447353,20261102,103000,123000,3856,5777349,1556,7,,,
447353,20261102,103000,123000,3856,5893273,1604,7,,,
447353,20261102,103000,123000,3856,5893273,1556,7,,,
447449,20260225,81500,123000,3847,5777005,2301,2,,,
447449,20260225,81500,123000,3847,5777005,1125,2,,,
447449,20260225,81500,123000,3847,5777340,2301,2,,,
447449,20260225,81500,123000,3847,5777340,1125,2,,,
447449,20260225,81500,123000,3847,5893264,2301,2,,,
447449,20260225,81500,123000,3847,5893264,1125,2,,,
447449,20260225,81500,123000,3847,5899999,2301,2,,,
447449,20260225,81500,123000,3847,5899999,1125,2,,,
447449,20260225,81500,123000,3847,6140148,2301,2,,,
447449,20260225,81500,123000,3847,6140148,1125,2,,,
447449,20260225,81500,123000,3847,6140694,2301,2,,,
447449,20260225,81500,123000,3847,6140694,1125,2,,,
447452,20260325,81500,123000,3847,5777005,2305,2,,,
447452,20260325,81500,123000,3847,5777005,1125,2,,,
447452,20260325,81500,123000,3847,5777340,2305,2,,,
447452,20260325,81500,123000,3847,5777340,1125,2,,,
447452,20260325,81500,123000,3847,5893264,2305,2,,,
447452,20260325,81500,123000,3847,5893264,1125,2,,,
447452,20260325,81500,123000,3847,5899999,2305,2,,,
447452,20260325,81500,123000,3847,5899999,1125,2,,,
447452,20260325,81500,123000,3847,6140148,2305,2,,,
447452,20260325,81500,123000,3847,6140148,1125,2,,,
447452,20260325,81500,123000,3847,6140694,2305,2,,,
447452,20260325,81500,123000,3847,6140694,1125,2,,,
447456,20260605,81500,123000,3847,5777005,2305,2,,,
447456,20260605,81500,123000,3847,5777005,1125,2,,,
447456,20260605,81500,123000,3847,5777340,2305,2,,,
447456,20260605,81500,123000,3847,5777340,1125,2,,,
447456,20260605,81500,123000,3847,5893264,2305,2,,,
447456,20260605,81500,123000,3847,5893264,1125,2,,,
447456,20260605,81500,123000,3847,5899999,2305,2,,,
447456,20260605,81500,123000,3847,5899999,1125,2,,,
447456,20260605,81500,123000,3847,6140148,2305,2,,,
447456,20260605,81500,123000,3847,6140148,1125,2,,,
447456,20260605,81500,123000,3847,6140694,2305,2,,,
447456,20260605,81500,123000,3847,6140694,1125,2,,,
448360,20260319,81500,101500,3906,5777060,1563,7,,,
448360,20260319,81500,101500,3906,5777060,517,7,,,
448360,20260319,81500,101500,3906,5777060,2304,7,,,
448360,20260319,81500,101500,3906,5900054,1563,7,,,
448360,20260319,81500,101500,3906,5900054,517,7,,,
448360,20260319,81500,101500,3906,5900054,2304,7,,,
448363,20260319,103000,123000,3906,5777395,1563,7,,,
448363,20260319,103000,123000,3906,5777395,2309,7,,,
448363,20260319,103000,123000,3906,5898689,1563,7,,,
448363,20260319,103000,123000,3906,5898689,2309,7,,,
448606,20260902,154500,174500,3904,5777058,1580,2,,,
448606,20260902,154500,174500,3904,5777058,1111,2,,,
448606,20260902,154500,174500,3904,5777393,1580,2,,,
448606,20260902,154500,174500,3904,5777393,1111,2,,,
448606,20260902,154500,174500,3904,5898687,1580,2,,,
448606,20260902,154500,174500,3904,5898687,1111,2,,,
448606,20260902,154500,174500,3904,5900052,1580,2,,,
448606,20260902,154500,174500,3904,5900052,1111,2,,,
448606,20260902,154500,174500,3904,6140749,1580,2,,,
448606,20260902,154500,174500,3904,6140749,1111,2,,,
448607,20260223,154500,174500,3904,5777058,1580,2,,,
448607,20260223,154500,174500,3904,5777058,1122,2,,,
448607,20260223,154500,174500,3904,5777393,1580,2,,,
448607,20260223,154500,174500,3904,5777393,1122,2,,,
448607,20260223,154500,174500,3904,5898687,1580,2,,,
448607,20260223,154500,174500,3904,5898687,1122,2,,,
448607,20260223,154500,174500,3904,5900052,1580,2,,,
448607,20260223,154500,174500,3904,5900052,1122,2,,,
448607,20260223,154500,174500,3904,6140749,1580,2,,,
448607,20260223,154500,174500,3904,6140749,1122,2,,,
448610,20260323,154500,174500,3904,5777058,1580,2,,,
448610,20260323,154500,174500,3904,5777058,1122,2,,,
448610,20260323,154500,174500,3904,5777393,1580,2,,,
448610,20260323,154500,174500,3904,5777393,1122,2,,,
448610,20260323,154500,174500,3904,5898687,1580,2,,,
448610,20260323,154500,174500,3904,5898687,1122,2,,,
448610,20260323,154500,174500,3904,5900052,1580,2,,,
448610,20260323,154500,174500,3904,5900052,1122,2,,,
448610,20260323,154500,174500,3904,6140749,1580,2,,,
448610,20260323,154500,174500,3904,6140749,1122,2,,,
448611,20260330,154500,174500,3904,5777058,1580,2,,,
448611,20260330,154500,174500,3904,5777058,1122,2,,,
448611,20260330,154500,174500,3904,5777393,1580,2,,,
448611,20260330,154500,174500,3904,5777393,1122,2,,,
448611,20260330,154500,174500,3904,5898687,1580,2,,,
448611,20260330,154500,174500,3904,5898687,1122,2,,,
448611,20260330,154500,174500,3904,5900052,1580,2,,,
448611,20260330,154500,174500,3904,5900052,1122,2,,,
448611,20260330,154500,174500,3904,6140749,1580,2,,,
448611,20260330,154500,174500,3904,6140749,1122,2,,,
448612,20260420,154500,174500,3904,5777058,1580,2,,,
448612,20260420,154500,174500,3904,5777058,1122,2,,,
448612,20260420,154500,174500,3904,5777393,1580,2,,,
448612,20260420,154500,174500,3904,5777393,1122,2,,,
448612,20260420,154500,174500,3904,5898687,1580,2,,,
448612,20260420,154500,174500,3904,5898687,1122,2,,,
448612,20260420,154500,174500,3904,5900052,1580,2,,,
448612,20260420,154500,174500,3904,5900052,1122,2,,,
448612,20260420,154500,174500,3904,6140749,1580,2,,,
448612,20260420,154500,174500,3904,6140749,1122,2,,,
448615,20261105,154500,174500,3904,5777058,1580,2,,,
448615,20261105,154500,174500,3904,5777058,1122,2,,,
448615,20261105,154500,174500,3904,5777393,1580,2,,,
448615,20261105,154500,174500,3904,5777393,1122,2,,,
448615,20261105,154500,174500,3904,5898687,1580,2,,,
448615,20261105,154500,174500,3904,5898687,1122,2,,,
448615,20261105,154500,174500,3904,5900052,1580,2,,,
448615,20261105,154500,174500,3904,5900052,1122,2,,,
448615,20261105,154500,174500,3904,6140749,1580,2,,,
448615,20261105,154500,174500,3904,6140749,1122,2,,,
448938,20260424,154500,171500,3852,5777010,1604,7,,,
448938,20260424,154500,171500,3852,5777010,1604,7,,,
448938,20260424,154500,171500,3852,5900004,1604,7,,,
448938,20260424,154500,171500,3852,5900004,1604,7,,,
448938,20260424,154500,171500,3852,6140699,1604,7,,,
448938,20260424,154500,171500,3852,6140699,1604,7,,,
448939,20260805,154500,171500,3852,5777010,1604,7,,,
448939,20260805,154500,171500,3852,5777010,1604,7,,,
448939,20260805,154500,171500,3852,5900004,1604,7,,,
448939,20260805,154500,171500,3852,5900004,1604,7,,,
448939,20260805,154500,171500,3852,6140699,1604,7,,,
448939,20260805,154500,171500,3852,6140699,1604,7,,,
449017,20260320,154500,171500,3852,5777010,1607,7,,,
449017,20260320,154500,171500,3852,5777010,1604,7,,,
449017,20260320,154500,171500,3852,5900004,1607,7,,,
449017,20260320,154500,171500,3852,5900004,1604,7,,,
449017,20260320,154500,171500,3852,6140699,1607,7,,,
449017,20260320,154500,171500,3852,6140699,1604,7,,,
449041,20260227,154500,171500,3852,5777010,1607,7,,,
449041,20260227,154500,171500,3852,5777010,1604,7,,,
449041,20260227,154500,171500,3852,5900004,1607,7,,,
449041,20260227,154500,171500,3852,5900004,1604,7,,,
449041,20260227,154500,171500,3852,6140699,1607,7,,,
449041,20260227,154500,171500,3852,6140699,1604,7,,,
449160,20260430,133000,153000,3906,5777395,2311,7,,,
449160,20260430,133000,153000,3906,5777395,2309,7,,,
449160,20260430,133000,153000,3906,5898689,2311,7,,,
449160,20260430,133000,153000,3906,5898689,2309,7,,,
449827,20260330,81500,101500,3856,5777014,1604,7,,,
449827,20260330,81500,101500,3856,5777014,1580,7,,,
449827,20260330,81500,101500,3856,5900008,1604,7,,,
449827,20260330,81500,101500,3856,5900008,1580,7,,,
449827,20260330,81500,101500,3856,6140703,1604,7,,,
449827,20260330,81500,101500,3856,6140703,1580,7,,,
449828,20260330,103000,123000,3856,5777349,1604,7,,,
449828,20260330,103000,123000,3856,5777349,1580,7,,,
449828,20260330,103000,123000,3856,5893273,1604,7,,,
449828,20260330,103000,123000,3856,5893273,1580,7,,,
450132,20260513,103000,123000,3856,5777014,1122,2,,,
450132,20260513,103000,123000,3856,5777014,1125,2,,,
450132,20260513,103000,123000,3856,5777349,1122,2,,,
450132,20260513,103000,123000,3856,5777349,1125,2,,,
450132,20260513,103000,123000,3856,5893273,1122,2,,,
450132,20260513,103000,123000,3856,5893273,1125,2,,,
450132,20260513,103000,123000,3856,5900008,1122,2,,,
450132,20260513,103000,123000,3856,5900008,1125,2,,,
450132,20260513,103000,123000,3856,6140703,1122,2,,,
450132,20260513,103000,123000,3856,6140703,1125,2,,,
450220,20261205,81500,101500,3856,5777014,1122,2,,,
450220,20261205,81500,101500,3856,5777014,1125,2,,,
450220,20261205,81500,101500,3856,5777349,1122,2,,,
450220,20261205,81500,101500,3856,5777349,1125,2,,,
450220,20261205,81500,101500,3856,5893273,1122,2,,,
450220,20261205,81500,101500,3856,5893273,1125,2,,,
450220,20261205,81500,101500,3856,5900008,1122,2,,,
450220,20261205,81500,101500,3856,5900008,1125,2,,,
450220,20261205,81500,101500,3856,6140703,1122,2,,,
450220,20261205,81500,101500,3856,6140703,1125,2,,,
450221,20260513,154500,174500,3856,5777349,1604,7,,,
450221,20260513,154500,174500,3856,5777349,1553,7,,,
450221,20260513,154500,174500,3856,5893273,1604,7,,,
450221,20260513,154500,174500,3856,5893273,1553,7,,,
450981,20260324,81500,101500,5345,5875545,1614,2,,,
450981,20260324,81500,101500,5345,5875545,1556,2,,,
450993,20260324,103000,123000,5345,5875545,1614,2,,,
450993,20260324,103000,123000,5345,5875545,1556,2,,,
451096,20260324,103000,123000,10790,6069978,1595,2,,,
451096,20260324,103000,123000,10790,6069978,1113,2,,,
451133,20260324,133000,153000,10790,6069980,1614,2,,,
451133,20260324,133000,153000,10790,6069980,1122,2,,,
451151,20261002,133000,153000,10790,6070080,1611,2,,,
451151,20261002,133000,153000,10790,6070080,1611,2,,,
451151,20261002,81500,101500,10790,6070080,520,2,,,
451152,20260217,133000,153000,10790,6070080,1611,2,,,
451152,20260217,133000,153000,10790,6070080,1611,2,,,
451152,20260217,81500,101500,10790,6070080,520,2,,,
451153,20260224,133000,153000,10790,6070080,1611,2,,,
451153,20260224,133000,153000,10790,6070080,1611,2,,,
451153,20260224,81500,101500,10790,6070080,520,2,,,
451154,20260303,133000,153000,10790,6070080,1611,2,,,
451154,20260303,133000,153000,10790,6070080,1611,2,,,
451154,20260303,81500,101500,10790,6070080,520,2,,,
451155,20261003,133000,153000,10790,6070080,1611,2,,,
451155,20261003,133000,153000,10790,6070080,1611,2,,,
451155,20261003,81500,101500,10790,6070080,520,2,,,
451156,20260317,133000,153000,10790,6070080,1611,2,,,
451156,20260317,133000,153000,10790,6070080,1611,2,,,
451156,20260317,81500,101500,10790,6070080,520,2,,,
451157,20260324,133000,153000,10790,6070080,1611,2,,,
451157,20260324,133000,153000,10790,6070080,1611,2,,,
451157,20260324,81500,101500,10790,6070080,520,2,,,
451158,20260331,133000,153000,10790,6070080,1611,2,,,
451158,20260331,133000,153000,10790,6070080,1611,2,,,
451158,20260331,81500,101500,10790,6070080,520,2,,,
451159,20260421,133000,153000,10790,6070080,1611,2,,,
451159,20260421,133000,153000,10790,6070080,1611,2,,,
451159,20260421,81500,101500,10790,6070080,520,2,,,
451160,20260428,133000,153000,10790,6070080,1611,2,,,
451160,20260428,133000,153000,10790,6070080,1611,2,,,
451160,20260428,81500,101500,10790,6070080,520,2,,,
451161,20260505,133000,153000,10790,6070080,1611,2,,,
451161,20260505,133000,153000,10790,6070080,1611,2,,,
451161,20260505,81500,101500,10790,6070080,520,2,,,
451162,20261205,133000,153000,10790,6070080,1611,2,,,
451162,20261205,133000,153000,10790,6070080,1611,2,,,
451162,20261205,81500,101500,10790,6070080,520,2,,,
451163,20260519,133000,153000,10790,6070080,1611,2,,,
451163,20260519,133000,153000,10790,6070080,1611,2,,,
451163,20260519,81500,101500,10790,6070080,520,2,,,
451273,20260214,80000,103000,6723,5770971,2295,2,,,
451273,20260214,80000,103000,6723,5770971,2295,2,,,
451274,20260221,80000,103000,6723,5770971,2295,2,,,
451274,20260221,80000,103000,6723,5770971,2295,2,,,
451275,20260228,80000,103000,6723,5770971,2295,2,,,
451275,20260228,80000,103000,6723,5770971,2295,2,,,
451276,20260703,80000,103000,6723,5770971,2295,2,,,
451276,20260703,80000,103000,6723,5770971,2295,2,,,
451277,20260314,80000,103000,6723,5770971,2295,2,,,
451277,20260314,80000,103000,6723,5770971,2295,2,,,
451278,20260321,80000,103000,6723,5770971,2295,2,,,
451278,20260321,80000,103000,6723,5770971,2295,2,,,
451279,20260328,80000,103000,6723,5770971,2295,2,,,
451279,20260328,80000,103000,6723,5770971,2295,2,,,
451280,20260404,80000,103000,6723,5770971,2295,2,,,
451280,20260404,80000,103000,6723,5770971,2295,2,,,
451281,20260425,80000,103000,6723,5770971,2295,2,,,
451281,20260425,80000,103000,6723,5770971,2295,2,,,
451282,20260205,80000,103000,6723,5770971,2295,2,,,
451282,20260205,80000,103000,6723,5770971,2295,2,,,
451283,20260905,80000,103000,6723,5770971,2295,2,,,
451283,20260905,80000,103000,6723,5770971,2295,2,,,
451284,20260516,80000,103000,6723,5770971,2295,2,,,
451284,20260516,80000,103000,6723,5770971,2295,2,,,
452353,20260324,133000,153000,5381,5747730,1595,2,,,
452353,20260324,133000,153000,5381,5747730,1116,2,,,
452353,20260324,133000,153000,5381,5786681,1595,2,,,
452353,20260324,133000,153000,5381,5786681,1116,2,,,
452353,20260324,133000,153000,5381,5811798,1595,2,,,
452353,20260324,133000,153000,5381,5811798,1116,2,,,
452353,20260324,133000,153000,5381,5920590,1595,2,,,
452353,20260324,133000,153000,5381,5920590,1116,2,,,
452753,20260324,154500,174500,5382,5747731,1614,2,,,
452753,20260324,154500,174500,5382,5747731,1116,2,,,
453100,20260325,81500,123000,5788,6009608,1600,2,,,
453100,20260325,133000,153000,5788,6009608,1604,2,,,
453101,20260104,81500,123000,5788,6009608,1600,2,,,
453101,20260104,133000,153000,5788,6009608,1604,2,,,
453102,20260422,81500,123000,5788,6009608,1600,2,,,
453102,20260422,133000,153000,5788,6009608,1604,2,,,
453103,20260429,81500,123000,5788,6009608,1600,2,,,
453103,20260429,133000,153000,5788,6009608,1604,2,,,
453104,20260605,81500,123000,5788,6009608,1600,2,,,
453104,20260605,133000,153000,5788,6009608,1604,2,,,
453105,20260513,81500,123000,5788,6009608,1600,2,,,
453105,20260513,133000,153000,5788,6009608,1604,2,,,
453106,20260520,81500,123000,5788,6009608,1600,2,,,
453106,20260520,133000,153000,5788,6009608,1604,2,,,
453250,20261202,133000,153000,5786,5781721,2318,2,,,
453250,20261202,133000,153000,5786,5781721,2318,2,,,
453250,20261202,133000,153000,5786,5811146,2318,2,,,
453250,20261202,133000,153000,5786,5811146,2318,2,,,
453250,20261202,133000,153000,5786,5951474,2318,2,,,
453250,20261202,133000,153000,5786,5951474,2318,2,,,
453250,20261202,133000,153000,5786,5978005,2318,2,,,
453250,20261202,133000,153000,5786,5978005,2318,2,,,
453251,20260219,133000,153000,5786,5781721,2318,2,,,
453251,20260219,133000,153000,5786,5781721,2318,2,,,
453251,20260219,133000,153000,5786,5811146,2318,2,,,
453251,20260219,133000,153000,5786,5811146,2318,2,,,
453251,20260219,133000,153000,5786,5951474,2318,2,,,
453251,20260219,133000,153000,5786,5951474,2318,2,,,
453251,20260219,133000,153000,5786,5978005,2318,2,,,
453251,20260219,133000,153000,5786,5978005,2318,2,,,
453252,20260226,133000,153000,5786,5781721,2318,2,,,
453252,20260226,133000,153000,5786,5781721,2318,2,,,
453252,20260226,133000,153000,5786,5811146,2318,2,,,
453252,20260226,133000,153000,5786,5811146,2318,2,,,
453252,20260226,133000,153000,5786,5951474,2318,2,,,
453252,20260226,133000,153000,5786,5951474,2318,2,,,
453252,20260226,133000,153000,5786,5978005,2318,2,,,
453252,20260226,133000,153000,5786,5978005,2318,2,,,
453253,20260503,133000,153000,5786,5781721,2318,2,,,
453253,20260503,133000,153000,5786,5781721,2318,2,,,
453253,20260503,133000,153000,5786,5811146,2318,2,,,
453253,20260503,133000,153000,5786,5811146,2318,2,,,
453253,20260503,133000,153000,5786,5951474,2318,2,,,
453253,20260503,133000,153000,5786,5951474,2318,2,,,
453253,20260503,133000,153000,5786,5978005,2318,2,,,
453253,20260503,133000,153000,5786,5978005,2318,2,,,
453254,20261203,133000,153000,5786,5781721,2318,2,,,
453254,20261203,133000,153000,5786,5781721,2318,2,,,
453254,20261203,133000,153000,5786,5811146,2318,2,,,
453254,20261203,133000,153000,5786,5811146,2318,2,,,
453254,20261203,133000,153000,5786,5951474,2318,2,,,
453254,20261203,133000,153000,5786,5951474,2318,2,,,
453254,20261203,133000,153000,5786,5978005,2318,2,,,
453254,20261203,133000,153000,5786,5978005,2318,2,,,
453255,20260319,133000,153000,5786,5781721,2318,2,,,
453255,20260319,133000,153000,5786,5781721,2318,2,,,
453255,20260319,133000,153000,5786,5811146,2318,2,,,
453255,20260319,133000,153000,5786,5811146,2318,2,,,
453255,20260319,133000,153000,5786,5951474,2318,2,,,
453255,20260319,133000,153000,5786,5951474,2318,2,,,
453255,20260319,133000,153000,5786,5978005,2318,2,,,
453255,20260319,133000,153000,5786,5978005,2318,2,,,
453256,20260326,133000,153000,5786,5781721,2318,2,,,
453256,20260326,133000,153000,5786,5781721,2318,2,,,
453256,20260326,133000,153000,5786,5811146,2318,2,,,
453256,20260326,133000,153000,5786,5811146,2318,2,,,
453256,20260326,133000,153000,5786,5951474,2318,2,,,
453256,20260326,133000,153000,5786,5951474,2318,2,,,
453256,20260326,133000,153000,5786,5978005,2318,2,,,
453256,20260326,133000,153000,5786,5978005,2318,2,,,
453257,20260204,133000,153000,5786,5781721,2318,2,,,
453257,20260204,133000,153000,5786,5781721,2318,2,,,
453257,20260204,133000,153000,5786,5811146,2318,2,,,
453257,20260204,133000,153000,5786,5811146,2318,2,,,
453257,20260204,133000,153000,5786,5951474,2318,2,,,
453257,20260204,133000,153000,5786,5951474,2318,2,,,
453257,20260204,133000,153000,5786,5978005,2318,2,,,
453257,20260204,133000,153000,5786,5978005,2318,2,,,
453258,20260423,133000,153000,5786,5781721,2318,2,,,
453258,20260423,133000,153000,5786,5781721,2318,2,,,
453258,20260423,133000,153000,5786,5811146,2318,2,,,
453258,20260423,133000,153000,5786,5811146,2318,2,,,
453258,20260423,133000,153000,5786,5951474,2318,2,,,
453258,20260423,133000,153000,5786,5951474,2318,2,,,
453258,20260423,133000,153000,5786,5978005,2318,2,,,
453258,20260423,133000,153000,5786,5978005,2318,2,,,
453259,20260430,133000,153000,5786,5781721,2318,2,,,
453259,20260430,133000,153000,5786,5781721,2318,2,,,
453259,20260430,133000,153000,5786,5811146,2318,2,,,
453259,20260430,133000,153000,5786,5811146,2318,2,,,
453259,20260430,133000,153000,5786,5951474,2318,2,,,
453259,20260430,133000,153000,5786,5951474,2318,2,,,
453259,20260430,133000,153000,5786,5978005,2318,2,,,
453259,20260430,133000,153000,5786,5978005,2318,2,,,
453260,20260705,133000,153000,5786,5781721,2318,2,,,
453260,20260705,133000,153000,5786,5781721,2318,2,,,
453260,20260705,133000,153000,5786,5811146,2318,2,,,
453260,20260705,133000,153000,5786,5811146,2318,2,,,
453260,20260705,133000,153000,5786,5951474,2318,2,,,
453260,20260705,133000,153000,5786,5951474,2318,2,,,
453260,20260705,133000,153000,5786,5978005,2318,2,,,
453260,20260705,133000,153000,5786,5978005,2318,2,,,
453261,20260521,133000,153000,5786,5781721,2318,2,,,
453261,20260521,133000,153000,5786,5781721,2318,2,,,
453261,20260521,133000,153000,5786,5811146,2318,2,,,
453261,20260521,133000,153000,5786,5811146,2318,2,,,
453261,20260521,133000,153000,5786,5951474,2318,2,,,
453261,20260521,133000,153000,5786,5951474,2318,2,,,
453261,20260521,133000,153000,5786,5978005,2318,2,,,
453261,20260521,133000,153000,5786,5978005,2318,2,,,
453292,20261202,154500,174500,5786,5853791,2318,2,,,
453292,20261202,154500,174500,5786,5853791,2318,2,,,
453293,20260219,154500,174500,5786,5853791,2318,2,,,
453293,20260219,154500,174500,5786,5853791,2318,2,,,
453294,20260226,154500,174500,5786,5853791,2318,2,,,
453294,20260226,154500,174500,5786,5853791,2318,2,,,
453295,20260503,154500,174500,5786,5853791,2318,2,,,
453295,20260503,154500,174500,5786,5853791,2318,2,,,
453296,20261203,154500,174500,5786,5853791,2318,2,,,
453296,20261203,154500,174500,5786,5853791,2318,2,,,
453297,20260319,154500,174500,5786,5853791,2318,2,,,
453297,20260319,154500,174500,5786,5853791,2318,2,,,
453298,20260326,154500,174500,5786,5853791,2318,2,,,
453298,20260326,154500,174500,5786,5853791,2318,2,,,
453299,20260204,154500,174500,5786,5853791,2318,2,,,
453299,20260204,154500,174500,5786,5853791,2318,2,,,
453300,20260423,154500,174500,5786,5853791,2318,2,,,
453300,20260423,154500,174500,5786,5853791,2318,2,,,
453301,20260430,154500,174500,5786,5853791,2318,2,,,
453301,20260430,154500,174500,5786,5853791,2318,2,,,
453302,20260705,154500,174500,5786,5853791,2318,2,,,
453302,20260705,154500,174500,5786,5853791,2318,2,,,
453303,20260521,154500,174500,5786,5853791,2318,2,,,
453303,20260521,154500,174500,5786,5853791,2318,2,,,
453440,20260513,133000,153000,3856,5777014,1604,7,,,
453440,20260513,133000,153000,3856,5777014,1574,7,,,
453440,20260513,133000,153000,3856,5900008,1604,7,,,
453440,20260513,133000,153000,3856,5900008,1574,7,,,
453440,20260513,133000,153000,3856,6140703,1604,7,,,
453440,20260513,133000,153000,3856,6140703,1574,7,,,
453925,20261002,133000,174500,5802,5726939,1105,9,,,
453925,20261002,133000,174500,5802,5726939,1105,9,,,
453925,20261002,133000,174500,5802,5734067,1105,9,,,
453925,20261002,133000,174500,5802,5734067,1105,9,,,
453925,20261002,133000,174500,5802,5792817,1105,9,,,
453925,20261002,133000,174500,5802,5792817,1105,9,,,
453925,20261002,133000,174500,5802,5793321,1105,9,,,
453925,20261002,133000,174500,5802,5793321,1105,9,,,
453925,20261002,133000,174500,5802,5794533,1105,9,,,
453925,20261002,133000,174500,5802,5794533,1105,9,,,
453925,20261002,133000,174500,5802,5894757,1105,9,,,
453925,20261002,133000,174500,5802,5894757,1105,9,,,
453925,20261002,133000,174500,5802,5949320,1105,9,,,
453925,20261002,133000,174500,5802,5949320,1105,9,,,
453925,20261002,133000,174500,5802,5951629,1105,9,,,
453925,20261002,133000,174500,5802,5951629,1105,9,,,
453925,20261002,133000,174500,5802,5963121,1105,9,,,
453925,20261002,133000,174500,5802,5963121,1105,9,,,
454329,20260220,133000,153000,4788,6016898,1604,2,,,
454329,20260220,133000,153000,4788,6016898,1574,2,,,
454329,20260220,133000,153000,4788,6047851,1604,2,,,
454329,20260220,133000,153000,4788,6047851,1574,2,,,
454330,20260220,154500,174500,4788,6016899,1604,2,,,
454330,20260220,154500,174500,4788,6016899,1574,2,,,
454331,20260220,133000,153000,4789,6016906,1555,2,,,
454331,20260220,133000,153000,4789,6016906,2318,2,,,
454332,20260220,154500,174500,4789,6016905,1555,2,,,
454332,20260220,154500,174500,4789,6016905,2318,2,,,
454332,20260220,154500,174500,4789,6047852,1555,2,,,
454332,20260220,154500,174500,4789,6047852,2318,2,,,
454333,20260227,154500,174500,4788,6016899,1604,2,,,
454333,20260227,154500,174500,4788,6016899,2318,2,,,
454334,20260227,154500,174500,4789,6016905,1591,2,,,
454334,20260227,154500,174500,4789,6016905,2317,2,,,
454334,20260227,154500,174500,4789,6047852,1591,2,,,
454334,20260227,154500,174500,4789,6047852,2317,2,,,
454335,20260227,133000,153000,4788,6016898,1604,2,,,
454335,20260227,133000,153000,4788,6016898,2318,2,,,
454335,20260227,133000,153000,4788,6047851,1604,2,,,
454335,20260227,133000,153000,4788,6047851,2318,2,,,
454336,20260227,133000,153000,4789,6016906,1607,2,,,
454336,20260227,133000,153000,4789,6016906,2317,2,,,
454337,20260603,154500,174500,4789,6016905,514,2,,,
454337,20260603,154500,174500,4789,6016905,1574,2,,,
454337,20260603,154500,174500,4789,6047852,514,2,,,
454337,20260603,154500,174500,4789,6047852,1574,2,,,
454338,20260603,154500,174500,4788,6016899,1607,2,,,
454338,20260603,154500,174500,4788,6016899,2318,2,,,
454339,20260603,133000,153000,4788,6016898,1607,2,,,
454339,20260603,133000,153000,4788,6016898,2318,2,,,
454339,20260603,133000,153000,4788,6047851,1607,2,,,
454339,20260603,133000,153000,4788,6047851,2318,2,,,
454340,20260603,133000,153000,4789,6016906,1551,2,,,
454340,20260603,133000,153000,4789,6016906,1574,2,,,
454341,20260506,154500,174500,4789,6016905,1555,2,,,
454341,20260506,154500,174500,4789,6016905,1574,2,,,
454341,20260506,154500,174500,4789,6047852,1555,2,,,
454341,20260506,154500,174500,4789,6047852,1574,2,,,
454342,20260506,154500,174500,4788,6016899,1604,2,,,
454342,20260506,154500,174500,4788,6016899,2318,2,,,
454343,20260506,133000,153000,4788,6016898,1604,2,,,
454343,20260506,133000,153000,4788,6016898,2318,2,,,
454343,20260506,133000,153000,4788,6047851,1604,2,,,
454343,20260506,133000,153000,4788,6047851,2318,2,,,
454344,20260506,133000,153000,4789,6016906,1555,2,,,
454344,20260506,133000,153000,4789,6016906,1574,2,,,
454345,20260320,154500,174500,4789,6016905,514,2,,,
454345,20260320,154500,174500,4789,6016905,2318,2,,,
454345,20260320,154500,174500,4789,6047852,514,2,,,
454345,20260320,154500,174500,4789,6047852,2318,2,,,
454346,20260320,154500,174500,4788,6016899,1601,2,,,
454346,20260320,154500,174500,4788,6016899,1574,2,,,
454347,20260320,133000,153000,4788,6016898,1601,2,,,
454347,20260320,133000,153000,4788,6016898,1574,2,,,
454347,20260320,133000,153000,4788,6047851,1601,2,,,
454347,20260320,133000,153000,4788,6047851,1574,2,,,
454348,20260320,133000,153000,4789,6016906,1607,2,,,
454348,20260320,133000,153000,4789,6016906,2318,2,,,
454349,20260529,154500,174500,4789,6016905,1551,2,,,
454349,20260529,154500,174500,4789,6016905,1574,2,,,
454349,20260529,154500,174500,4789,6047852,1551,2,,,
454349,20260529,154500,174500,4789,6047852,1574,2,,,
454350,20260529,154500,174500,4788,6016899,1555,2,,,
454350,20260529,154500,174500,4788,6016899,2318,2,,,
454351,20260529,133000,153000,4788,6016898,1555,2,,,
454351,20260529,133000,153000,4788,6016898,2318,2,,,
454351,20260529,133000,153000,4788,6047851,1555,2,,,
454351,20260529,133000,153000,4788,6047851,2318,2,,,
454352,20260529,133000,153000,4789,6016906,1551,2,,,
454352,20260529,133000,153000,4789,6016906,1574,2,,,
454368,20260304,154500,174500,4789,6016905,1601,2,,,
454368,20260304,154500,174500,4789,6016905,2317,2,,,
454368,20260304,154500,174500,4789,6047852,1601,2,,,
454368,20260304,154500,174500,4789,6047852,2317,2,,,
454369,20260304,154500,174500,4788,6016899,1551,2,,,
454369,20260304,154500,174500,4788,6016899,520,2,,,
454370,20260304,133000,153000,4789,6016906,1601,2,,,
454370,20260304,133000,153000,4789,6016906,2317,2,,,
454371,20260304,133000,153000,4788,6016898,1551,2,,,
454371,20260304,133000,153000,4788,6016898,520,2,,,
454371,20260304,133000,153000,4788,6047851,1551,2,,,
454371,20260304,133000,153000,4788,6047851,520,2,,,
454372,20260424,154500,174500,4789,6016905,1555,2,,,
454372,20260424,154500,174500,4789,6016905,1574,2,,,
454372,20260424,154500,174500,4789,6047852,1555,2,,,
454372,20260424,154500,174500,4789,6047852,1574,2,,,
454373,20260424,154500,174500,4788,6016899,1607,2,,,
454373,20260424,154500,174500,4788,6016899,2318,2,,,
454374,20260424,133000,153000,4789,6016906,1555,2,,,
454374,20260424,133000,153000,4789,6016906,1574,2,,,
454375,20260424,133000,153000,4788,6016898,1607,2,,,
454375,20260424,133000,153000,4788,6016898,2318,2,,,
454375,20260424,133000,153000,4788,6047851,1607,2,,,
454375,20260424,133000,153000,4788,6047851,2318,2,,,
454376,20260805,154500,174500,4789,6016905,1555,2,,,
454376,20260805,154500,174500,4789,6016905,1574,2,,,
454376,20260805,154500,174500,4789,6047852,1555,2,,,
454376,20260805,154500,174500,4789,6047852,1574,2,,,
454377,20260805,154500,174500,4788,6016899,1607,2,,,
454377,20260805,154500,174500,4788,6016899,2318,2,,,
454378,20260805,133000,153000,4789,6016906,1555,2,,,
454378,20260805,133000,153000,4789,6016906,1574,2,,,
454379,20260805,133000,153000,4788,6016898,1607,2,,,
454379,20260805,133000,153000,4788,6016898,2318,2,,,
454379,20260805,133000,153000,4788,6047851,1607,2,,,
454379,20260805,133000,153000,4788,6047851,2318,2,,,
454380,20261206,154500,174500,4789,6016905,1594,2,,,
454380,20261206,154500,174500,4789,6016905,1574,2,,,
454380,20261206,154500,174500,4789,6047852,1594,2,,,
454380,20261206,154500,174500,4789,6047852,1574,2,,,
454381,20261206,154500,174500,4788,6016899,1604,2,,,
454381,20261206,154500,174500,4788,6016899,2318,2,,,
454382,20261206,133000,153000,4789,6016906,1594,2,,,
454382,20261206,133000,153000,4789,6016906,1574,2,,,
454383,20261206,133000,153000,4788,6016898,1604,2,,,
454383,20261206,133000,153000,4788,6016898,2318,2,,,
454383,20261206,133000,153000,4788,6047851,1604,2,,,
454383,20261206,133000,153000,4788,6047851,2318,2,,,
454447,20260225,113000,123000,4750,5957725,2305,3,,,
454447,20260225,81500,91500,4750,5957725,2305,3,,,
454447,20260225,113000,123000,4750,5957747,2305,3,,,
454447,20260225,81500,91500,4750,5957747,2305,3,,,
454447,20260225,113000,123000,4750,6047813,2305,3,,,
454447,20260225,81500,91500,4750,6047813,2305,3,,,
454632,20261102,133000,153000,6599,5870131,2323,2,,,
454632,20260902,81500,101500,6599,5870131,524,2,,,
454635,20260403,133000,153000,6599,5870131,2323,2,,,
454635,20260203,81500,101500,6599,5870131,524,2,,,
454830,20260227,133000,153000,6595,5939335,1120,2,,,
454830,20260227,133000,153000,6595,5939335,1108,2,,,
454830,20260227,133000,153000,6595,5939372,1120,2,,,
454830,20260227,133000,153000,6595,5939372,1108,2,,,
456384,20261203,133000,174500,4893,5876558,1556,2,,,
456384,20261203,133000,174500,4893,5876558,1116,2,,,
456384,20261203,133000,174500,4893,6121675,1556,2,,,
456384,20261203,133000,174500,4893,6121675,1116,2,,,
456384,20261203,133000,174500,4893,6121729,1556,2,,,
456384,20261203,133000,174500,4893,6121729,1116,2,,,
456386,20260326,133000,174500,4893,5876558,1556,2,,,
456386,20260326,133000,174500,4893,5876558,1116,2,,,
456386,20260326,133000,174500,4893,6121675,1556,2,,,
456386,20260326,133000,174500,4893,6121675,1116,2,,,
456386,20260326,133000,174500,4893,6121729,1556,2,,,
456386,20260326,133000,174500,4893,6121729,1116,2,,,
457362,20260331,133000,153000,10288,6035625,1572,7,,,
457362,20260331,133000,153000,10288,6035625,1572,7,,,
457362,20260331,133000,153000,10288,6035626,1572,7,,,
457362,20260331,133000,153000,10288,6035626,1572,7,,,
457362,20260331,133000,153000,10288,6035627,1572,7,,,
457362,20260331,133000,153000,10288,6035627,1572,7,,,
457362,20260331,133000,153000,10288,6035628,1572,7,,,
457362,20260331,133000,153000,10288,6035628,1572,7,,,
463534,20260420,133000,174500,10185,5864908,1607,7,,,
463534,20260420,133000,174500,10185,5864908,1607,7,,,
463534,20260420,133000,174500,10185,5865035,1607,7,,,
463534,20260420,133000,174500,10185,5865035,1607,7,,,
463534,20260420,133000,174500,10185,5865162,1607,7,,,
463534,20260420,133000,174500,10185,5865162,1607,7,,,
463534,20260420,133000,174500,10185,5865289,1607,7,,,
463534,20260420,133000,174500,10185,5865289,1607,7,,,
463543,20250711,81500,123000,6451,5870000,521,2,,,
463543,20250711,81500,123000,6451,5870000,2302,2,,,
464386,20250611,81500,123000,6451,5870051,521,2,,,
464386,20250611,81500,123000,6451,5870051,1550,2,,,
464386,20250611,81500,123000,6451,5870051,2301,2,,,
464387,20251113,81500,123000,6451,5870051,521,2,,,
464387,20251113,81500,123000,6451,5870051,1550,2,,,
464388,20251120,81500,123000,6451,5870051,521,2,,,
464388,20251120,81500,123000,6451,5870051,1551,2,,,
464389,20251127,81500,123000,6451,5870051,521,2,,,
464389,20251127,81500,123000,6451,5870051,517,2,,,
464390,20250412,81500,123000,6451,5870051,521,2,,,
464390,20250412,81500,123000,6451,5870051,1550,2,,,
464391,20251112,81500,123000,6451,5870051,521,2,,,
464391,20251112,81500,123000,6451,5870051,1550,2,,,
464392,20251218,81500,123000,6451,5870051,521,2,,,
464392,20251218,81500,123000,6451,5870051,517,2,,,
466571,20250910,133000,153000,10792,6113563,2319,2,,,
466571,20250923,133000,153000,10792,6113563,2319,2,,,
466571,20250930,154500,174500,10792,6113563,514,2,,,
466571,20250930,133000,153000,10792,6113563,514,2,,,
466571,20250910,133000,153000,10792,6113594,2319,2,,,
466571,20250923,133000,153000,10792,6113594,2319,2,,,
466571,20250930,154500,174500,10792,6113594,514,2,,,
466571,20250930,133000,153000,10792,6113594,514,2,,,
466571,20250910,133000,153000,10792,6113625,2319,2,,,
466571,20250923,133000,153000,10792,6113625,2319,2,,,
466571,20250930,154500,174500,10792,6113625,514,2,,,
466571,20250930,133000,153000,10792,6113625,514,2,,,
466571,20250910,133000,153000,10792,6113656,2319,2,,,
466571,20250923,133000,153000,10792,6113656,2319,2,,,
466571,20250930,154500,174500,10792,6113656,514,2,,,
466571,20250930,133000,153000,10792,6113656,514,2,,,
466571,20250910,133000,153000,10792,6113687,2319,2,,,
466571,20250923,133000,153000,10792,6113687,2319,2,,,
466571,20250930,154500,174500,10792,6113687,514,2,,,
466571,20250930,133000,153000,10792,6113687,514,2,,,
466571,20250910,133000,153000,10792,6113718,2319,2,,,
466571,20250923,133000,153000,10792,6113718,2319,2,,,
466571,20250930,154500,174500,10792,6113718,514,2,,,
466571,20250930,133000,153000,10792,6113718,514,2,,,
466571,20250910,133000,153000,10792,6113749,2319,2,,,
466571,20250923,133000,153000,10792,6113749,2319,2,,,
466571,20250930,154500,174500,10792,6113749,514,2,,,
466571,20250930,133000,153000,10792,6113749,514,2,,,
466667,20260902,91500,123000,5374,5747219,1118,2,,,
466667,20260902,91500,123000,5374,5747219,1118,2,,,
466667,20260902,91500,123000,5374,5747723,1118,2,,,
466667,20260902,91500,123000,5374,5747723,1118,2,,,
466667,20260902,91500,123000,5374,5749127,1118,2,,,
466667,20260902,91500,123000,5374,5749127,1118,2,,,
466667,20260902,91500,123000,5374,5786674,1118,2,,,
466667,20260902,91500,123000,5374,5786674,1118,2,,,
466667,20260902,91500,123000,5374,5811791,1118,2,,,
466667,20260902,91500,123000,5374,5811791,1118,2,,,
466667,20260902,91500,123000,5374,5895565,1118,2,,,
466667,20260902,91500,123000,5374,5895565,1118,2,,,
466667,20260902,91500,123000,5374,5908423,1118,2,,,
466667,20260902,91500,123000,5374,5908423,1118,2,,,
466667,20260902,91500,123000,5374,5913455,1118,2,,,
466667,20260902,91500,123000,5374,5913455,1118,2,,,
466667,20260902,91500,123000,5374,5920583,1118,2,,,
466667,20260902,91500,123000,5374,5920583,1118,2,,,
466668,20260223,91500,123000,5374,5747219,1118,2,,,
466668,20260223,91500,123000,5374,5747219,1118,2,,,
466668,20260223,91500,123000,5374,5747723,1118,2,,,
466668,20260223,91500,123000,5374,5747723,1118,2,,,
466668,20260223,91500,123000,5374,5749127,1118,2,,,
466668,20260223,91500,123000,5374,5749127,1118,2,,,
466668,20260223,91500,123000,5374,5786674,1118,2,,,
466668,20260223,91500,123000,5374,5786674,1118,2,,,
466668,20260223,91500,123000,5374,5811791,1118,2,,,
466668,20260223,91500,123000,5374,5811791,1118,2,,,
466668,20260223,91500,123000,5374,5895565,1118,2,,,
466668,20260223,91500,123000,5374,5895565,1118,2,,,
466668,20260223,91500,123000,5374,5908423,1118,2,,,
466668,20260223,91500,123000,5374,5908423,1118,2,,,
466668,20260223,91500,123000,5374,5913455,1118,2,,,
466668,20260223,91500,123000,5374,5913455,1118,2,,,
466668,20260223,91500,123000,5374,5920583,1118,2,,,
466668,20260223,91500,123000,5374,5920583,1118,2,,,
466669,20260203,91500,123000,5374,5747219,1118,2,,,
466669,20260203,91500,123000,5374,5747219,1118,2,,,
466669,20260203,91500,123000,5374,5747723,1118,2,,,
466669,20260203,91500,123000,5374,5747723,1118,2,,,
466669,20260203,91500,123000,5374,5749127,1118,2,,,
466669,20260203,91500,123000,5374,5749127,1118,2,,,
466669,20260203,91500,123000,5374,5786674,1118,2,,,
466669,20260203,91500,123000,5374,5786674,1118,2,,,
466669,20260203,91500,123000,5374,5811791,1118,2,,,
466669,20260203,91500,123000,5374,5811791,1118,2,,,
466669,20260203,91500,123000,5374,5895565,1118,2,,,
466669,20260203,91500,123000,5374,5895565,1118,2,,,
466669,20260203,91500,123000,5374,5908423,1118,2,,,
466669,20260203,91500,123000,5374,5908423,1118,2,,,
466669,20260203,91500,123000,5374,5913455,1118,2,,,
466669,20260203,91500,123000,5374,5913455,1118,2,,,
466669,20260203,91500,123000,5374,5920583,1118,2,,,
466669,20260203,91500,123000,5374,5920583,1118,2,,,
466670,20260903,91500,123000,5374,5747219,1118,2,,,
466670,20260903,91500,123000,5374,5747219,1118,2,,,
466670,20260903,91500,123000,5374,5747723,1118,2,,,
466670,20260903,91500,123000,5374,5747723,1118,2,,,
466670,20260903,91500,123000,5374,5749127,1118,2,,,
466670,20260903,91500,123000,5374,5749127,1118,2,,,
466670,20260903,91500,123000,5374,5786674,1118,2,,,
466670,20260903,91500,123000,5374,5786674,1118,2,,,
466670,20260903,91500,123000,5374,5811791,1118,2,,,
466670,20260903,91500,123000,5374,5811791,1118,2,,,
466670,20260903,91500,123000,5374,5895565,1118,2,,,
466670,20260903,91500,123000,5374,5895565,1118,2,,,
466670,20260903,91500,123000,5374,5908423,1118,2,,,
466670,20260903,91500,123000,5374,5908423,1118,2,,,
466670,20260903,91500,123000,5374,5913455,1118,2,,,
466670,20260903,91500,123000,5374,5913455,1118,2,,,
466670,20260903,91500,123000,5374,5920583,1118,2,,,
466670,20260903,91500,123000,5374,5920583,1118,2,,,
466671,20260316,91500,123000,5374,5747219,1118,2,,,
466671,20260316,91500,123000,5374,5747219,1118,2,,,
466671,20260316,91500,123000,5374,5747723,1118,2,,,
466671,20260316,91500,123000,5374,5747723,1118,2,,,
466671,20260316,91500,123000,5374,5749127,1118,2,,,
466671,20260316,91500,123000,5374,5749127,1118,2,,,
466671,20260316,91500,123000,5374,5786674,1118,2,,,
466671,20260316,91500,123000,5374,5786674,1118,2,,,
466671,20260316,91500,123000,5374,5811791,1118,2,,,
466671,20260316,91500,123000,5374,5811791,1118,2,,,
466671,20260316,91500,123000,5374,5895565,1118,2,,,
466671,20260316,91500,123000,5374,5895565,1118,2,,,
466671,20260316,91500,123000,5374,5908423,1118,2,,,
466671,20260316,91500,123000,5374,5908423,1118,2,,,
466671,20260316,91500,123000,5374,5913455,1118,2,,,
466671,20260316,91500,123000,5374,5913455,1118,2,,,
466671,20260316,91500,123000,5374,5920583,1118,2,,,
466671,20260316,91500,123000,5374,5920583,1118,2,,,
466672,20260323,91500,123000,5374,5747219,1118,2,,,
466672,20260323,91500,123000,5374,5747219,1118,2,,,
466672,20260323,91500,123000,5374,5747723,1118,2,,,
466672,20260323,91500,123000,5374,5747723,1118,2,,,
466672,20260323,91500,123000,5374,5749127,1118,2,,,
466672,20260323,91500,123000,5374,5749127,1118,2,,,
466672,20260323,91500,123000,5374,5786674,1118,2,,,
466672,20260323,91500,123000,5374,5786674,1118,2,,,
466672,20260323,91500,123000,5374,5811791,1118,2,,,
466672,20260323,91500,123000,5374,5811791,1118,2,,,
466672,20260323,91500,123000,5374,5895565,1118,2,,,
466672,20260323,91500,123000,5374,5895565,1118,2,,,
466672,20260323,91500,123000,5374,5908423,1118,2,,,
466672,20260323,91500,123000,5374,5908423,1118,2,,,
466672,20260323,91500,123000,5374,5913455,1118,2,,,
466672,20260323,91500,123000,5374,5913455,1118,2,,,
466672,20260323,91500,123000,5374,5920583,1118,2,,,
466672,20260323,91500,123000,5374,5920583,1118,2,,,
466673,20260330,91500,123000,5374,5747219,1118,2,,,
466673,20260330,91500,123000,5374,5747219,1118,2,,,
466673,20260330,91500,123000,5374,5747723,1118,2,,,
466673,20260330,91500,123000,5374,5747723,1118,2,,,
466673,20260330,91500,123000,5374,5749127,1118,2,,,
466673,20260330,91500,123000,5374,5749127,1118,2,,,
466673,20260330,91500,123000,5374,5786674,1118,2,,,
466673,20260330,91500,123000,5374,5786674,1118,2,,,
466673,20260330,91500,123000,5374,5811791,1118,2,,,
466673,20260330,91500,123000,5374,5811791,1118,2,,,
466673,20260330,91500,123000,5374,5895565,1118,2,,,
466673,20260330,91500,123000,5374,5895565,1118,2,,,
466673,20260330,91500,123000,5374,5908423,1118,2,,,
466673,20260330,91500,123000,5374,5908423,1118,2,,,
466673,20260330,91500,123000,5374,5913455,1118,2,,,
466673,20260330,91500,123000,5374,5913455,1118,2,,,
466673,20260330,91500,123000,5374,5920583,1118,2,,,
466673,20260330,91500,123000,5374,5920583,1118,2,,,
466674,20260420,91500,123000,5374,5747219,1118,2,,,
466674,20260420,91500,123000,5374,5747219,1118,2,,,
466674,20260420,91500,123000,5374,5747723,1118,2,,,
466674,20260420,91500,123000,5374,5747723,1118,2,,,
466674,20260420,91500,123000,5374,5749127,1118,2,,,
466674,20260420,91500,123000,5374,5749127,1118,2,,,
466674,20260420,91500,123000,5374,5786674,1118,2,,,
466674,20260420,91500,123000,5374,5786674,1118,2,,,
466674,20260420,91500,123000,5374,5811791,1118,2,,,
466674,20260420,91500,123000,5374,5811791,1118,2,,,
466674,20260420,91500,123000,5374,5895565,1118,2,,,
466674,20260420,91500,123000,5374,5895565,1118,2,,,
466674,20260420,91500,123000,5374,5908423,1118,2,,,
466674,20260420,91500,123000,5374,5908423,1118,2,,,
466674,20260420,91500,123000,5374,5913455,1118,2,,,
466674,20260420,91500,123000,5374,5913455,1118,2,,,
466674,20260420,91500,123000,5374,5920583,1118,2,,,
466674,20260420,91500,123000,5374,5920583,1118,2,,,
466675,20260427,91500,123000,5374,5747219,1118,2,,,
466675,20260427,91500,123000,5374,5747219,1118,2,,,
466675,20260427,91500,123000,5374,5747723,1118,2,,,
466675,20260427,91500,123000,5374,5747723,1118,2,,,
466675,20260427,91500,123000,5374,5749127,1118,2,,,
466675,20260427,91500,123000,5374,5749127,1118,2,,,
466675,20260427,91500,123000,5374,5786674,1118,2,,,
466675,20260427,91500,123000,5374,5786674,1118,2,,,
466675,20260427,91500,123000,5374,5811791,1118,2,,,
466675,20260427,91500,123000,5374,5811791,1118,2,,,
466675,20260427,91500,123000,5374,5895565,1118,2,,,
466675,20260427,91500,123000,5374,5895565,1118,2,,,
466675,20260427,91500,123000,5374,5908423,1118,2,,,
466675,20260427,91500,123000,5374,5908423,1118,2,,,
466675,20260427,91500,123000,5374,5913455,1118,2,,,
466675,20260427,91500,123000,5374,5913455,1118,2,,,
466675,20260427,91500,123000,5374,5920583,1118,2,,,
466675,20260427,91500,123000,5374,5920583,1118,2,,,
466676,20260405,91500,123000,5374,5747219,1118,2,,,
466676,20260405,91500,123000,5374,5747219,1118,2,,,
466676,20260405,91500,123000,5374,5747723,1118,2,,,
466676,20260405,91500,123000,5374,5747723,1118,2,,,
466676,20260405,91500,123000,5374,5749127,1118,2,,,
466676,20260405,91500,123000,5374,5749127,1118,2,,,
466676,20260405,91500,123000,5374,5786674,1118,2,,,
466676,20260405,91500,123000,5374,5786674,1118,2,,,
466676,20260405,91500,123000,5374,5811791,1118,2,,,
466676,20260405,91500,123000,5374,5811791,1118,2,,,
466676,20260405,91500,123000,5374,5895565,1118,2,,,
466676,20260405,91500,123000,5374,5895565,1118,2,,,
466676,20260405,91500,123000,5374,5908423,1118,2,,,
466676,20260405,91500,123000,5374,5908423,1118,2,,,
466676,20260405,91500,123000,5374,5913455,1118,2,,,
466676,20260405,91500,123000,5374,5913455,1118,2,,,
466676,20260405,91500,123000,5374,5920583,1118,2,,,
466676,20260405,91500,123000,5374,5920583,1118,2,,,
466677,20261105,91500,123000,5374,5747219,1118,2,,,
466677,20261105,91500,123000,5374,5747219,1118,2,,,
466677,20261105,91500,123000,5374,5747723,1118,2,,,
466677,20261105,91500,123000,5374,5747723,1118,2,,,
466677,20261105,91500,123000,5374,5749127,1118,2,,,
466677,20261105,91500,123000,5374,5749127,1118,2,,,
466677,20261105,91500,123000,5374,5786674,1118,2,,,
466677,20261105,91500,123000,5374,5786674,1118,2,,,
466677,20261105,91500,123000,5374,5811791,1118,2,,,
466677,20261105,91500,123000,5374,5811791,1118,2,,,
466677,20261105,91500,123000,5374,5895565,1118,2,,,
466677,20261105,91500,123000,5374,5895565,1118,2,,,
466677,20261105,91500,123000,5374,5908423,1118,2,,,
466677,20261105,91500,123000,5374,5908423,1118,2,,,
466677,20261105,91500,123000,5374,5913455,1118,2,,,
466677,20261105,91500,123000,5374,5913455,1118,2,,,
466677,20261105,91500,123000,5374,5920583,1118,2,,,
466677,20261105,91500,123000,5374,5920583,1118,2,,,
466678,20260518,91500,123000,5374,5747219,1118,2,,,
466678,20260518,91500,123000,5374,5747219,1118,2,,,
466678,20260518,91500,123000,5374,5747723,1118,2,,,
466678,20260518,91500,123000,5374,5747723,1118,2,,,
466678,20260518,91500,123000,5374,5749127,1118,2,,,
466678,20260518,91500,123000,5374,5749127,1118,2,,,
466678,20260518,91500,123000,5374,5786674,1118,2,,,
466678,20260518,91500,123000,5374,5786674,1118,2,,,
466678,20260518,91500,123000,5374,5811791,1118,2,,,
466678,20260518,91500,123000,5374,5811791,1118,2,,,
466678,20260518,91500,123000,5374,5895565,1118,2,,,
466678,20260518,91500,123000,5374,5895565,1118,2,,,
466678,20260518,91500,123000,5374,5908423,1118,2,,,
466678,20260518,91500,123000,5374,5908423,1118,2,,,
466678,20260518,91500,123000,5374,5913455,1118,2,,,
466678,20260518,91500,123000,5374,5913455,1118,2,,,
466678,20260518,91500,123000,5374,5920583,1118,2,,,
466678,20260518,91500,123000,5374,5920583,1118,2,,,
466679,20250924,81500,101500,6129,5760388,2318,2,,,
466679,20250924,81500,101500,6129,5760388,2318,2,,,
466681,20250110,154500,174500,6129,5760388,2323,2,,,
466681,20250110,154500,174500,6129,5760388,2323,2,,,
466681,20250110,154500,174500,6129,5760388,2323,2,,,
466682,20250810,154500,174500,6129,5760388,2323,2,,,
466682,20250810,154500,174500,6129,5760388,2323,2,,,
466682,20250810,154500,174500,6129,5760388,2323,2,,,
466683,20251015,154500,174500,6129,5760388,2323,2,,,
466683,20251015,154500,174500,6129,5760388,2323,2,,,
466683,20251015,154500,174500,6129,5760388,2323,2,,,
466684,20251022,154500,174500,6129,5760388,2323,2,,,
466684,20251022,154500,174500,6129,5760388,2323,2,,,
466684,20251022,154500,174500,6129,5760388,2323,2,,,
466685,20251029,154500,174500,6129,5760388,2323,2,,,
466685,20251029,154500,174500,6129,5760388,2323,2,,,
466685,20251029,154500,174500,6129,5760388,2323,2,,,
466686,20250511,154500,174500,6129,5760388,2323,2,,,
466686,20250511,154500,174500,6129,5760388,2323,2,,,
466686,20250511,154500,174500,6129,5760388,2323,2,,,
466687,20251211,154500,174500,6129,5760388,2323,2,,,
466687,20251211,154500,174500,6129,5760388,2323,2,,,
466687,20251211,154500,174500,6129,5760388,2323,2,,,
466688,20251119,154500,174500,6129,5760388,2323,2,,,
466688,20251119,154500,174500,6129,5760388,2323,2,,,
466688,20251119,154500,174500,6129,5760388,2323,2,,,
466689,20251126,154500,174500,6129,5760388,2323,2,,,
466689,20251126,154500,174500,6129,5760388,2323,2,,,
466689,20251126,154500,174500,6129,5760388,2323,2,,,
466690,20250312,154500,174500,6129,5760388,2323,2,,,
466690,20250312,154500,174500,6129,5760388,2323,2,,,
466690,20250312,154500,174500,6129,5760388,2323,2,,,
466691,20251012,154500,174500,6129,5760388,2323,2,,,
466691,20251012,154500,174500,6129,5760388,2323,2,,,
466691,20251012,154500,174500,6129,5760388,2323,2,,,
466692,20251217,154500,174500,6129,5760388,2323,2,,,
466692,20251217,154500,174500,6129,5760388,2323,2,,,
466692,20251217,154500,174500,6129,5760388,2323,2,,,
467445,20251023,133000,153000,10970,6113574,2326,2,,,
467445,20250910,133000,153000,10970,6113574,2319,2,,,
467445,20251023,133000,153000,10970,6113605,2326,2,,,
467445,20250910,133000,153000,10970,6113605,2319,2,,,
467445,20251023,133000,153000,10970,6113636,2326,2,,,
467445,20250910,133000,153000,10970,6113636,2319,2,,,
467445,20251023,133000,153000,10970,6113667,2326,2,,,
467445,20250910,133000,153000,10970,6113667,2319,2,,,
467445,20251023,133000,153000,10970,6113698,2326,2,,,
467445,20250910,133000,153000,10970,6113698,2319,2,,,
467445,20251023,133000,153000,10970,6113729,2326,2,,,
467445,20250910,133000,153000,10970,6113729,2319,2,,,
467445,20251023,133000,153000,10970,6113760,2326,2,,,
467445,20250910,133000,153000,10970,6113760,2319,2,,,
467446,20251030,133000,170000,10970,6113574,522,7,,,
467446,20251023,133000,170000,10970,6113574,522,7,,,
467446,20251023,133000,173000,10970,6113574,522,7,,,
467446,20251030,133000,170000,10970,6113605,522,7,,,
467446,20251023,133000,170000,10970,6113605,522,7,,,
467446,20251023,133000,173000,10970,6113605,522,7,,,
467446,20251030,133000,170000,10970,6113636,522,7,,,
467446,20251023,133000,170000,10970,6113636,522,7,,,
467446,20251023,133000,173000,10970,6113636,522,7,,,
467446,20251030,133000,170000,10970,6113667,522,7,,,
467446,20251023,133000,170000,10970,6113667,522,7,,,
467446,20251023,133000,173000,10970,6113667,522,7,,,
467446,20251030,133000,170000,10970,6113698,522,7,,,
467446,20251023,133000,170000,10970,6113698,522,7,,,
467446,20251023,133000,173000,10970,6113698,522,7,,,
467446,20251030,133000,170000,10970,6113729,522,7,,,
467446,20251023,133000,170000,10970,6113729,522,7,,,
467446,20251023,133000,173000,10970,6113729,522,7,,,
467446,20251030,133000,170000,10970,6113760,522,7,,,
467446,20251023,133000,170000,10970,6113760,522,7,,,
467446,20251023,133000,173000,10970,6113760,522,7,,,
467457,20260316,81500,123000,6432,5909044,2304,2,,,
467457,20260316,81500,123000,6432,5909044,2304,2,,,
467458,20260323,81500,123000,6432,5909044,2304,2,,,
467458,20260323,81500,123000,6432,5909044,2304,2,,,
467459,20260330,81500,123000,6432,5909044,2304,2,,,
467459,20260330,81500,123000,6432,5909044,2304,2,,,
467462,20260420,81500,123000,6432,5909044,2304,2,,,
467462,20260420,81500,123000,6432,5909044,2304,2,,,
467463,20260427,81500,123000,6432,5909044,2304,2,,,
467463,20260427,81500,123000,6432,5909044,2304,2,,,
467464,20260405,81500,123000,6432,5909044,2304,2,,,
467464,20260405,81500,123000,6432,5909044,2304,2,,,
467465,20261105,81500,123000,6432,5909044,2304,2,,,
467465,20261105,81500,123000,6432,5909044,2304,2,,,
467466,20260518,81500,123000,6432,5909044,2304,2,,,
467466,20260518,81500,123000,6432,5909044,2304,2,,,
467941,20260225,180000,200000,3935,6018432,1551,7,,,
467941,20260225,180000,200000,3935,6018432,1551,7,,,
467942,20260403,180000,200000,3935,6018432,1551,7,,,
467942,20260403,180000,200000,3935,6018432,1551,7,,,
467943,20261103,180000,200000,3935,6018432,1551,7,,,
467943,20261103,180000,200000,3935,6018432,1551,7,,,
467944,20260318,180000,200000,3935,6018432,1551,7,,,
467944,20260318,180000,200000,3935,6018432,1551,7,,,
467945,20260422,180000,200000,3935,6018432,1551,7,,,
467945,20260422,180000,200000,3935,6018432,1551,7,,,
467946,20260605,180000,200000,3935,6018432,1551,7,,,
467946,20260605,180000,200000,3935,6018432,1551,7,,,
468272,20250110,91500,101500,6401,5722832,1614,2,,,
468272,20250110,91500,101500,6401,5722832,1574,2,,,
468317,20250912,130000,163000,6400,5722831,1614,9,,,
468317,20250912,130000,153000,6400,5722831,1614,9,,,
468571,20260316,154500,174500,3904,5777058,1580,2,,,
468571,20260316,154500,174500,3904,5777058,1122,2,,,
468571,20260316,154500,174500,3904,5777393,1580,2,,,
468571,20260316,154500,174500,3904,5777393,1122,2,,,
468571,20260316,154500,174500,3904,5898687,1580,2,,,
468571,20260316,154500,174500,3904,5898687,1122,2,,,
468571,20260316,154500,174500,3904,5900052,1580,2,,,
468571,20260316,154500,174500,3904,5900052,1122,2,,,
468571,20260316,154500,174500,3904,6140749,1580,2,,,
468571,20260316,154500,174500,3904,6140749,1122,2,,,
468679,20250923,81500,174500,10533,6063803,1574,2,,,
468679,20250923,93000,170000,10533,6063803,1574,2,,,
469647,20260219,133000,153000,6120,5889014,2309,2,,,
469647,20260219,133000,153000,6120,5889014,2309,2,,,
469648,20260226,154500,174500,6120,5889014,2299,2,,,
469648,20260226,154500,174500,6120,5889014,2299,2,,,
469649,20260326,154500,174500,6120,5889014,2299,2,,,
469649,20260326,154500,174500,6120,5889014,2299,2,,,
469650,20260705,133000,153000,6120,5889014,2299,2,,,
469650,20260705,133000,153000,6120,5889014,2299,2,,,
469885,20260217,81500,101500,5374,5749127,1120,7,,,
469885,20260217,81500,101500,5374,5749127,1120,7,,,
469886,20260224,81500,101500,5374,5749127,1120,7,,,
469886,20260224,81500,101500,5374,5749127,1120,7,,,
469887,20260303,81500,101500,5374,5749127,1120,7,,,
469887,20260303,81500,101500,5374,5749127,1120,7,,,
469888,20261003,81500,101500,5374,5749127,1120,7,,,
469888,20261003,81500,101500,5374,5749127,1120,7,,,
469889,20260317,81500,101500,5374,5749127,1120,7,,,
469889,20260317,81500,101500,5374,5749127,1120,7,,,
469890,20260324,81500,101500,5374,5749127,1120,7,,,
469890,20260324,81500,101500,5374,5749127,1120,7,,,
469891,20260331,81500,101500,5374,5749127,1120,7,,,
469891,20260331,81500,101500,5374,5749127,1120,7,,,
469892,20260421,81500,101500,5374,5749127,1120,7,,,
469892,20260421,81500,101500,5374,5749127,1120,7,,,
469893,20260428,81500,101500,5374,5749127,1120,7,,,
469893,20260428,81500,101500,5374,5749127,1120,7,,,
469894,20260505,81500,101500,5374,5749127,1120,7,,,
469894,20260505,81500,101500,5374,5749127,1120,7,,,
469895,20261205,81500,101500,5374,5749127,1120,7,,,
469895,20261205,81500,101500,5374,5749127,1120,7,,,
469896,20260519,81500,101500,5374,5749127,1120,7,,,
469896,20260519,81500,101500,5374,5749127,1120,7,,,
470121,20260503,81500,101500,3906,5777060,1563,7,,,
470121,20260503,81500,101500,3906,5777060,517,7,,,
470121,20260503,81500,101500,3906,5777060,2309,7,,,
470121,20260503,81500,101500,3906,5900054,1563,7,,,
470121,20260503,81500,101500,3906,5900054,517,7,,,
470121,20260503,81500,101500,3906,5900054,2309,7,,,
470122,20260503,103000,123000,3906,5777395,1563,7,,,
470122,20260503,103000,123000,3906,5777395,2309,7,,,
470122,20260503,103000,123000,3906,5898689,1563,7,,,
470122,20260503,103000,123000,3906,5898689,2309,7,,,
470125,20260203,133000,153000,3852,5777010,1113,2,,,
470125,20260203,133000,153000,3852,5777010,1122,2,,,
470125,20260203,133000,153000,3852,5777345,1113,2,,,
470125,20260203,133000,153000,3852,5777345,1122,2,,,
470125,20260203,133000,153000,3852,5893269,1113,2,,,
470125,20260203,133000,153000,3852,5893269,1122,2,,,
470125,20260203,133000,153000,3852,5900004,1113,2,,,
470125,20260203,133000,153000,3852,5900004,1122,2,,,
470125,20260203,133000,153000,3852,6140699,1113,2,,,
470125,20260203,133000,153000,3852,6140699,1122,2,,,
470128,20260303,133000,153000,3849,5777342,2323,7,,,
470128,20260303,133000,153000,3849,5777342,523,7,,,
470128,20260303,133000,153000,3849,5893266,2323,7,,,
470128,20260303,133000,153000,3849,5893266,523,7,,,
470129,20260303,154500,174500,3849,5777342,2323,7,,,
470129,20260303,154500,174500,3849,5777342,523,7,,,
470129,20260303,154500,174500,3849,5893266,2323,7,,,
470129,20260303,154500,174500,3849,5893266,523,7,,,
470130,20260303,133000,153000,3849,5777007,523,7,,,
470130,20260303,133000,153000,3849,5777007,2309,7,,,
470130,20260303,133000,153000,3849,5900001,523,7,,,
470130,20260303,133000,153000,3849,5900001,2309,7,,,
470130,20260303,133000,153000,3849,6140150,523,7,,,
470130,20260303,133000,153000,3849,6140150,2309,7,,,
470130,20260303,133000,153000,3849,6140696,523,7,,,
470130,20260303,133000,153000,3849,6140696,2309,7,,,
470131,20260303,154500,174500,3849,5777007,523,7,,,
470131,20260303,154500,174500,3849,5777007,2317,7,,,
470131,20260303,154500,174500,3849,5900001,523,7,,,
470131,20260303,154500,174500,3849,5900001,2317,7,,,
470131,20260303,154500,174500,3849,6140150,523,7,,,
470131,20260303,154500,174500,3849,6140150,2317,7,,,
470131,20260303,154500,174500,3849,6140696,523,7,,,
470131,20260303,154500,174500,3849,6140696,2317,7,,,
470135,20260603,154500,171500,3852,5777010,1551,7,,,
470135,20260603,154500,171500,3852,5777010,1607,7,,,
470135,20260603,154500,171500,3852,5900004,1551,7,,,
470135,20260603,154500,171500,3852,5900004,1607,7,,,
470135,20260603,154500,171500,3852,6140699,1551,7,,,
470135,20260603,154500,171500,3852,6140699,1607,7,,,
470267,20250925,103000,123000,10863,6117226,1113,2,,,
470267,20250925,103000,123000,10863,6117226,1113,2,,,
470267,20250925,103000,123000,10863,6117244,1113,2,,,
470267,20250925,103000,123000,10863,6117244,1113,2,,,
470267,20250925,103000,123000,10863,6160625,1113,2,,,
470267,20250925,103000,123000,10863,6160625,1113,2,,,
470270,20250210,81500,101500,10863,6117226,1113,2,,,
470270,20250210,81500,101500,10863,6117226,1113,2,,,
470270,20250210,81500,101500,10863,6117244,1113,2,,,
470270,20250210,81500,101500,10863,6117244,1113,2,,,
470270,20250210,81500,101500,10863,6160625,1113,2,,,
470270,20250210,81500,101500,10863,6160625,1113,2,,,
470271,20250210,103000,123000,10863,6117226,1113,2,,,
470271,20250210,103000,123000,10863,6117226,1113,2,,,
470271,20250210,103000,123000,10863,6117244,1113,2,,,
470271,20250210,103000,123000,10863,6117244,1113,2,,,
470271,20250210,103000,123000,10863,6160625,1113,2,,,
470271,20250210,103000,123000,10863,6160625,1113,2,,,
470285,20250910,81500,101500,10863,6117226,1113,2,,,
470285,20250910,81500,101500,10863,6117226,1113,2,,,
470285,20250910,81500,101500,10863,6117244,1113,2,,,
470285,20250910,81500,101500,10863,6117244,1113,2,,,
470285,20250910,81500,101500,10863,6160625,1113,2,,,
470285,20250910,81500,101500,10863,6160625,1113,2,,,
470286,20250910,103000,123000,10863,6117226,1113,2,,,
470286,20250910,103000,123000,10863,6117226,1113,2,,,
470286,20250910,103000,123000,10863,6117244,1113,2,,,
470286,20250910,103000,123000,10863,6117244,1113,2,,,
470286,20250910,103000,123000,10863,6160625,1113,2,,,
470286,20250910,103000,123000,10863,6160625,1113,2,,,
470291,20250610,103000,123000,10863,6117226,1122,2,,,
470291,20250610,103000,123000,10863,6117226,1122,2,,,
470291,20250610,103000,123000,10863,6117244,1122,2,,,
470291,20250610,103000,123000,10863,6117244,1122,2,,,
470291,20250610,103000,123000,10863,6160625,1122,2,,,
470291,20250610,103000,123000,10863,6160625,1122,2,,,
470311,20251215,154500,174500,4537,5825893,1113,2,,,
470311,20251215,154500,174500,4537,5825893,1113,2,,,
470311,20251215,154500,174500,4537,5825970,1113,2,,,
470311,20251215,154500,174500,4537,5825970,1113,2,,,
470311,20251215,154500,174500,4537,5826047,1113,2,,,
470311,20251215,154500,174500,4537,5826047,1113,2,,,
470311,20251215,154500,174500,4537,5826124,1113,2,,,
470311,20251215,154500,174500,4537,5826124,1113,2,,,
470311,20251215,154500,174500,4537,5878889,1113,2,,,
470311,20251215,154500,174500,4537,5878889,1113,2,,,
470311,20251215,154500,174500,4537,5983441,1113,2,,,
470311,20251215,154500,174500,4537,5983441,1113,2,,,
470502,20251016,103000,123000,4452,5750480,1553,7,,,
470502,20251016,103000,123000,4452,5750480,1553,7,,,
470502,20251016,103000,123000,4452,5750480,1553,7,,,
470502,20251016,103000,123000,4452,5818429,1553,7,,,
470502,20251016,103000,123000,4452,5818429,1553,7,,,
470502,20251016,103000,123000,4452,5818429,1553,7,,,
470502,20251016,103000,123000,4452,5818506,1553,7,,,
470502,20251016,103000,123000,4452,5818506,1553,7,,,
470502,20251016,103000,123000,4452,5818506,1553,7,,,
470502,20251016,103000,123000,4452,5990914,1553,7,,,
470502,20251016,103000,123000,4452,5990914,1553,7,,,
470502,20251016,103000,123000,4452,5990914,1553,7,,,
470504,20251023,81500,101500,4452,5906074,1551,7,,,
470504,20251023,81500,101500,4452,5906074,1551,7,,,
470504,20251023,81500,101500,4452,5906074,1551,7,,,
470504,20251023,81500,101500,4452,5990991,1551,7,,,
470504,20251023,81500,101500,4452,5990991,1551,7,,,
470504,20251023,81500,101500,4452,5990991,1551,7,,,
470586,20251112,133000,153000,10521,6051961,521,7,,,
470586,20251012,103000,123000,10521,6051961,521,7,,,
470586,20251112,133000,153000,10521,6051976,521,7,,,
470586,20251112,133000,153000,10521,6051976,521,7,,,
470586,20251012,103000,123000,10521,6051976,521,7,,,
470586,20251112,133000,153000,10521,6051991,521,7,,,
470586,20251112,133000,153000,10521,6051991,521,7,,,
470586,20251012,103000,123000,10521,6051991,521,7,,,
470586,20251112,133000,153000,10521,6052006,521,7,,,
470586,20251112,133000,153000,10521,6052006,521,7,,,
470586,20251012,103000,123000,10521,6052006,521,7,,,
470587,20251112,154500,174500,10521,6043976,521,7,,,
470587,20251112,154500,174500,10521,6043976,521,7,,,
470587,20251012,81500,101500,10521,6043976,521,7,,,
470587,20251112,154500,174500,10521,6043991,521,7,,,
470587,20251112,154500,174500,10521,6043991,521,7,,,
470587,20251012,81500,101500,10521,6043991,521,7,,,
470587,20251112,154500,174500,10521,6051931,521,7,,,
470587,20251112,154500,174500,10521,6051931,521,7,,,
470587,20251012,81500,101500,10521,6051931,521,7,,,
470587,20251112,154500,174500,10521,6051946,521,7,,,
470587,20251112,154500,174500,10521,6051946,521,7,,,
470587,20251012,81500,101500,10521,6051946,521,7,,,
470743,20251012,154500,174500,4453,5750445,853,7,,,
470743,20251012,154500,174500,4453,5750445,853,7,,,
470743,20251012,154500,174500,4453,5990879,853,7,,,
470743,20251012,154500,174500,4453,5990879,853,7,,,
470744,20250812,103000,123000,4453,5818471,853,7,,,
470744,20250812,103000,123000,4453,5818471,853,7,,,
470744,20250812,103000,123000,4453,5990956,853,7,,,
470744,20250812,103000,123000,4453,5990956,853,7,,,
470746,20250512,81500,101500,4453,5750522,853,7,,,
470746,20250512,81500,101500,4453,5750522,853,7,,,
470746,20250512,81500,101500,4453,5818548,853,7,,,
470746,20250512,81500,101500,4453,5818548,853,7,,,
470747,20250512,133000,153000,4453,5758000,853,7,,,
470747,20250512,133000,153000,4453,5758000,853,7,,,
470747,20250512,133000,153000,4453,5853535,853,7,,,
470747,20250512,133000,153000,4453,5853535,853,7,,,
470797,20251126,103000,123000,10867,6117230,1122,2,,,
470797,20251126,103000,123000,10867,6117230,1108,2,,,
470797,20251126,103000,123000,10867,6117248,1122,2,,,
470797,20251126,103000,123000,10867,6117248,1108,2,,,
470797,20251126,103000,123000,10867,6160629,1122,2,,,
470797,20251126,103000,123000,10867,6160629,1108,2,,,
470797,20251126,103000,123000,10867,6160650,1122,2,,,
470797,20251126,103000,123000,10867,6160650,1108,2,,,
471060,20250610,133000,164500,11976,6158236,2308,2,,,
471060,20250610,133000,164500,11976,6158236,2308,2,,,
471061,20251020,133000,164500,11976,6158236,2308,2,,,
471061,20251020,133000,164500,11976,6158236,2308,2,,,
471062,20251027,133000,164500,11976,6158236,2308,2,,,
471062,20251027,133000,164500,11976,6158236,2308,2,,,
471063,20250311,133000,164500,11976,6158236,2308,2,,,
471063,20250311,133000,164500,11976,6158236,2308,2,,,
471064,20251124,133000,164500,11976,6158236,2308,2,,,
471064,20251124,133000,164500,11976,6158236,2308,2,,,
471066,20251013,133000,164500,11976,6158236,2291,2,,,
471066,20251013,133000,164500,11976,6158236,2291,2,,,
471067,20251117,133000,164500,11976,6158236,2291,2,,,
471067,20251117,133000,164500,11976,6158236,2291,2,,,
471077,20251211,103000,123000,11976,6158236,523,2,,,
471077,20251211,103000,123000,11976,6158236,523,2,,,
471078,20251211,133000,143000,11976,6158236,523,2,,,
471078,20251211,133000,143000,11976,6158236,523,2,,,
471079,20250710,133000,164500,11975,6158228,2291,2,,,
471079,20250710,133000,164500,11975,6158228,1591,2,,,
471080,20251014,133000,164500,11975,6158228,2291,2,,,
471080,20251014,133000,164500,11975,6158228,1591,2,,,
471081,20251021,133000,164500,11975,6158228,2291,2,,,
471081,20251021,133000,164500,11975,6158228,1591,2,,,
471082,20251028,133000,164500,11975,6158228,514,2,,,
471082,20251028,133000,164500,11975,6158228,1570,2,,,
471083,20250411,133000,164500,11975,6158228,1614,2,,,
471083,20250411,133000,164500,11975,6158228,1604,2,,,
471334,20250210,81500,101500,4123,5938927,2294,2,,,
471334,20250210,81500,101500,4123,5938927,2323,2,,,
471335,20250910,81500,101500,4123,5938927,2294,2,,,
471335,20250910,81500,101500,4123,5938927,521,2,,,
471336,20251016,81500,101500,4123,5938927,2294,2,,,
471336,20251016,81500,101500,4123,5938927,2323,2,,,
471337,20251023,81500,101500,4123,5938927,2294,2,,,
471337,20251023,81500,101500,4123,5938927,2323,2,,,
471338,20251030,81500,101500,4123,5938927,2294,2,,,
471338,20251030,81500,101500,4123,5938927,2323,2,,,
471339,20250611,81500,101500,4123,5938927,2294,2,,,
471339,20250611,81500,101500,4123,5938927,2323,2,,,
471340,20251113,81500,101500,4123,5938927,2294,2,,,
471340,20251113,81500,101500,4123,5938927,523,2,,,
471341,20251120,81500,101500,4123,5938927,2294,2,,,
471341,20251120,81500,101500,4123,5938927,2323,2,,,
471342,20251127,81500,101500,4123,5938927,2294,2,,,
471342,20251127,81500,101500,4123,5938927,2323,2,,,
471343,20250412,81500,101500,4123,5938927,2294,2,,,
471343,20250412,81500,101500,4123,5938927,2323,2,,,
471344,20251112,81500,101500,4123,5938927,2294,2,,,
471344,20251112,81500,101500,4123,5938927,2323,2,,,
471454,20251022,133000,153000,4123,5879554,2299,2,,,
471454,20251022,133000,153000,4123,5879554,2291,2,,,
471456,20250511,133000,153000,4123,5879554,2299,2,,,
471456,20250511,133000,153000,4123,5879554,2291,2,,,
471458,20251119,133000,153000,4123,5879554,2299,2,,,
471458,20251119,133000,153000,4123,5879554,2291,2,,,
471629,20250610,203000,213000,4903,5809045,2305,19,,,
471629,20250610,190000,213000,4903,5809045,2305,19,,,
471629,20250610,180000,213000,4903,5809045,2305,19,,,
471629,20250610,203000,213000,4903,5957615,2305,19,,,
471629,20250610,190000,213000,4903,5957615,2305,19,,,
471629,20250610,180000,213000,4903,5957615,2305,19,,,
471629,20250610,203000,213000,4903,5957670,2305,19,,,
471629,20250610,190000,213000,4903,5957670,2305,19,,,
471629,20250610,180000,213000,4903,5957670,2305,19,,,
471629,20250610,203000,213000,4903,5977052,2305,19,,,
471629,20250610,190000,213000,4903,5977052,2305,19,,,
471629,20250610,180000,213000,4903,5977052,2305,19,,,
471653,20250925,133000,153000,4138,5807210,2319,2,,,
471653,20250925,133000,153000,4138,5807210,2319,2,,,
471653,20250926,133000,153000,4138,5807210,2319,2,,,
471653,20250926,133000,153000,4138,5807210,2319,2,,,
471654,20250210,133000,153000,4138,5807210,2326,2,,,
471654,20250210,133000,153000,4138,5807210,2326,2,,,
471654,20250310,133000,153000,4138,5807210,2326,2,,,
471654,20250310,133000,153000,4138,5807210,2326,2,,,
471929,20260801,133000,153000,6405,5722842,1614,10,,,
471929,20260801,133000,153000,6405,5722842,1614,10,,,
472066,20250923,91500,101500,4191,5753210,2308,2,,,
472066,20250923,91500,101500,4191,5753210,2308,2,,,
472066,20250923,91500,101500,4191,5830094,2308,2,,,
472066,20250923,91500,101500,4191,5830094,2308,2,,,
472066,20250923,91500,101500,4191,6115689,2308,2,,,
472066,20250923,91500,101500,4191,6115689,2308,2,,,
472067,20250930,91500,101500,4191,5753210,2308,2,,,
472067,20250930,91500,101500,4191,5753210,2308,2,,,
472067,20250930,91500,101500,4191,5753210,2323,2,,,
472067,20250930,91500,101500,4191,5753210,2323,2,,,
472067,20250930,91500,101500,4191,5753210,2301,2,,,
472067,20250930,91500,101500,4191,5753210,2301,2,,,
472067,20250930,91500,101500,4191,5830094,2308,2,,,
472067,20250930,91500,101500,4191,5830094,2308,2,,,
472067,20250930,91500,101500,4191,5830094,2323,2,,,
472067,20250930,91500,101500,4191,5830094,2323,2,,,
472067,20250930,91500,101500,4191,5830094,2301,2,,,
472067,20250930,91500,101500,4191,5976664,2323,2,,,
472067,20250930,91500,101500,4191,5976664,2301,2,,,
472067,20250930,91500,101500,4191,5976664,2301,2,,,
472067,20250930,91500,101500,4191,6115689,2308,2,,,
472067,20250930,91500,101500,4191,6115689,2308,2,,,
472067,20250930,91500,101500,4191,6115689,2323,2,,,
472067,20250930,91500,101500,4191,6115689,2323,2,,,
472067,20250930,91500,101500,4191,6115689,2301,2,,,
472067,20250930,91500,101500,4191,6115689,2301,2,,,
472068,20250710,91500,101500,4191,5753210,2308,2,,,
472068,20250710,91500,101500,4191,5753210,2308,2,,,
472068,20250710,91500,101500,4191,5753210,2308,2,,,
472068,20250710,91500,101500,4191,5753210,2308,2,,,
472068,20250710,91500,101500,4191,5830094,2308,2,,,
472068,20250710,91500,101500,4191,5830094,2308,2,,,
472068,20250710,91500,101500,4191,6115689,2308,2,,,
472068,20250710,91500,101500,4191,6115689,2308,2,,,
472068,20250710,91500,101500,4191,6115689,2308,2,,,
472068,20250710,91500,101500,4191,6115689,2308,2,,,
472069,20251014,91500,101500,4191,5753210,2308,2,,,
472069,20251014,91500,101500,4191,5753210,2308,2,,,
472069,20251014,91500,101500,4191,5753210,2308,2,,,
472069,20251014,91500,101500,4191,5753210,2308,2,,,
472069,20251014,91500,101500,4191,5830094,2308,2,,,
472069,20251014,91500,101500,4191,5830094,2308,2,,,
472069,20251014,91500,101500,4191,6115689,2308,2,,,
472069,20251014,91500,101500,4191,6115689,2308,2,,,
472069,20251014,91500,101500,4191,6115689,2308,2,,,
472069,20251014,91500,101500,4191,6115689,2308,2,,,
472070,20251021,91500,101500,4191,5753210,2308,2,,,
472070,20251021,91500,101500,4191,5753210,2308,2,,,
472070,20251021,91500,101500,4191,5753210,2308,2,,,
472070,20251021,91500,101500,4191,5753210,2308,2,,,
472070,20251021,91500,101500,4191,5830094,2308,2,,,
472070,20251021,91500,101500,4191,5830094,2308,2,,,
472070,20251021,91500,101500,4191,6115689,2308,2,,,
472070,20251021,91500,101500,4191,6115689,2308,2,,,
472070,20251021,91500,101500,4191,6115689,2308,2,,,
472070,20251021,91500,101500,4191,6115689,2308,2,,,
472071,20251028,91500,101500,4191,5753210,2308,2,,,
472071,20251028,91500,101500,4191,5753210,2308,2,,,
472071,20251028,91500,101500,4191,5753210,2308,2,,,
472071,20251028,91500,101500,4191,5753210,2308,2,,,
472071,20251028,91500,101500,4191,5830094,2308,2,,,
472071,20251028,91500,101500,4191,5830094,2308,2,,,
472071,20251028,91500,101500,4191,6115689,2308,2,,,
472071,20251028,91500,101500,4191,6115689,2308,2,,,
472071,20251028,91500,101500,4191,6115689,2308,2,,,
472071,20251028,91500,101500,4191,6115689,2308,2,,,
472072,20250411,91500,101500,4191,5753210,2308,2,,,
472072,20250411,91500,101500,4191,5753210,2308,2,,,
472072,20250411,91500,101500,4191,5753210,2308,2,,,
472072,20250411,91500,101500,4191,5753210,2308,2,,,
472072,20250411,91500,101500,4191,5830094,2308,2,,,
472072,20250411,91500,101500,4191,5830094,2308,2,,,
472072,20250411,91500,101500,4191,6115689,2308,2,,,
472072,20250411,91500,101500,4191,6115689,2308,2,,,
472072,20250411,91500,101500,4191,6115689,2308,2,,,
472072,20250411,91500,101500,4191,6115689,2308,2,,,
472073,20251118,91500,101500,4191,5753210,2308,2,,,
472073,20251118,91500,101500,4191,5753210,2308,2,,,
472073,20251118,91500,101500,4191,5753210,2308,2,,,
472073,20251118,91500,101500,4191,5753210,2308,2,,,
472073,20251118,91500,101500,4191,5830094,2308,2,,,
472073,20251118,91500,101500,4191,5830094,2308,2,,,
472073,20251118,91500,101500,4191,6115689,2308,2,,,
472073,20251118,91500,101500,4191,6115689,2308,2,,,
472073,20251118,91500,101500,4191,6115689,2308,2,,,
472073,20251118,91500,101500,4191,6115689,2308,2,,,
472074,20251125,91500,101500,4191,5753210,2308,2,,,
472074,20251125,91500,101500,4191,5753210,2308,2,,,
472074,20251125,91500,101500,4191,5753210,2308,2,,,
472074,20251125,91500,101500,4191,5753210,2308,2,,,
472074,20251125,91500,101500,4191,5830094,2308,2,,,
472074,20251125,91500,101500,4191,5830094,2308,2,,,
472074,20251125,91500,101500,4191,6115689,2308,2,,,
472074,20251125,91500,101500,4191,6115689,2308,2,,,
472074,20251125,91500,101500,4191,6115689,2308,2,,,
472074,20251125,91500,101500,4191,6115689,2308,2,,,
472075,20250212,91500,101500,4191,5753210,2308,2,,,
472075,20250212,91500,101500,4191,5753210,2308,2,,,
472075,20250212,91500,101500,4191,5753210,2308,2,,,
472075,20250212,91500,101500,4191,5753210,2308,2,,,
472075,20250212,91500,101500,4191,5830094,2308,2,,,
472075,20250212,91500,101500,4191,5830094,2308,2,,,
472075,20250212,91500,101500,4191,6115689,2308,2,,,
472075,20250212,91500,101500,4191,6115689,2308,2,,,
472075,20250212,91500,101500,4191,6115689,2308,2,,,
472075,20250212,91500,101500,4191,6115689,2308,2,,,
472076,20250912,91500,101500,4191,5753210,2308,2,,,
472076,20250912,91500,101500,4191,5753210,2308,2,,,
472076,20250912,91500,101500,4191,5753210,2308,2,,,
472076,20250912,91500,101500,4191,5753210,2308,2,,,
472076,20250912,91500,101500,4191,5830094,2308,2,,,
472076,20250912,91500,101500,4191,5830094,2308,2,,,
472076,20250912,91500,101500,4191,6115689,2308,2,,,
472076,20250912,91500,101500,4191,6115689,2308,2,,,
472076,20250912,91500,101500,4191,6115689,2308,2,,,
472076,20250912,91500,101500,4191,6115689,2308,2,,,
472077,20251216,91500,101500,4191,5753210,2308,2,,,
472077,20251216,91500,101500,4191,5753210,2308,2,,,
472077,20251216,91500,101500,4191,5753210,2308,2,,,
472077,20251216,91500,101500,4191,5753210,2308,2,,,
472077,20251216,91500,101500,4191,5830094,2308,2,,,
472077,20251216,91500,101500,4191,5830094,2308,2,,,
472077,20251216,91500,101500,4191,6115689,2308,2,,,
472077,20251216,91500,101500,4191,6115689,2308,2,,,
472077,20251216,91500,101500,4191,6115689,2308,2,,,
472077,20251216,91500,101500,4191,6115689,2308,2,,,
472079,20250930,103000,123000,4191,5753210,2308,2,,,
472079,20250930,103000,123000,4191,5753210,2323,2,,,
472079,20250930,103000,123000,4191,5753210,2301,2,,,
472079,20250930,103000,123000,4191,5976664,2308,2,,,
472079,20250930,103000,123000,4191,5976664,2323,2,,,
472079,20250930,103000,123000,4191,5976664,2301,2,,,
472079,20250930,103000,123000,4191,6115689,2308,2,,,
472079,20250930,103000,123000,4191,6115689,2323,2,,,
472079,20250930,103000,123000,4191,6115689,2301,2,,,
472102,20250923,91500,123000,4191,5753006,2319,2,,,
472102,20250923,91500,123000,4191,5753006,2319,2,,,
472102,20250923,91500,123000,4191,5872325,2319,2,,,
472102,20250923,91500,123000,4191,5872325,2319,2,,,
472103,20250930,91500,123000,4191,5753006,2319,2,,,
472103,20250930,91500,123000,4191,5753006,2319,2,,,
472103,20250930,91500,123000,4191,5753006,520,2,,,
472103,20250930,91500,123000,4191,5872325,2319,2,,,
472103,20250930,91500,123000,4191,5872325,2319,2,,,
472103,20250930,91500,123000,4191,5872325,520,2,,,
472104,20250710,91500,123000,4191,5753006,2319,2,,,
472104,20250710,91500,123000,4191,5753006,2319,2,,,
472104,20250710,91500,123000,4191,5872325,2319,2,,,
472104,20250710,91500,123000,4191,5872325,2319,2,,,
472107,20251028,91500,123000,4191,5753006,2319,2,,,
472107,20251028,91500,123000,4191,5753006,2319,2,,,
472107,20251028,91500,123000,4191,5872325,2319,2,,,
472107,20251028,91500,123000,4191,5872325,2319,2,,,
472108,20250411,91500,123000,4191,5753006,2319,2,,,
472108,20250411,91500,123000,4191,5753006,2319,2,,,
472108,20250411,91500,123000,4191,5872325,2319,2,,,
472108,20250411,91500,123000,4191,5872325,2319,2,,,
472112,20250212,91500,123000,4191,5753006,2319,2,,,
472112,20250212,91500,123000,4191,5753006,2319,2,,,
472112,20250212,91500,123000,4191,5872325,2319,2,,,
472112,20250212,91500,123000,4191,5872325,2319,2,,,
472113,20250912,91500,123000,4191,5753006,2319,2,,,
472113,20250912,91500,123000,4191,5753006,2319,2,,,
472113,20250912,91500,123000,4191,5872325,2319,2,,,
472113,20250912,91500,123000,4191,5872325,2319,2,,,
472157,20251112,133000,164500,4120,5879551,520,2,,,
472157,20250812,133000,164500,4120,5879551,2308,2,,,
472173,20250210,103000,123000,4138,5788165,2304,2,,,
472173,20250210,103000,123000,4138,5788165,2295,2,,,
472173,20250210,103000,123000,4138,5939145,2304,2,,,
472173,20250210,103000,123000,4138,5939145,2295,2,,,
472174,20250910,103000,123000,4138,5788165,2304,2,,,
472174,20250910,103000,123000,4138,5788165,2295,2,,,
472174,20250910,103000,123000,4138,5939145,2304,2,,,
472174,20250910,103000,123000,4138,5939145,2295,2,,,
472175,20251016,103000,123000,4138,5788165,2304,2,,,
472175,20251016,103000,123000,4138,5788165,2295,2,,,
472175,20251016,103000,123000,4138,5939145,2304,2,,,
472175,20251016,103000,123000,4138,5939145,2295,2,,,
472176,20251023,103000,123000,4138,5788165,2304,2,,,
472176,20251023,103000,123000,4138,5788165,2295,2,,,
472176,20251023,103000,123000,4138,5939145,2304,2,,,
472176,20251023,103000,123000,4138,5939145,2295,2,,,
472177,20251030,103000,123000,4138,5788165,2304,2,,,
472177,20251030,103000,123000,4138,5788165,2295,2,,,
472177,20251030,103000,123000,4138,5939145,2304,2,,,
472177,20251030,103000,123000,4138,5939145,2295,2,,,
472178,20250611,103000,123000,4138,5788165,2304,2,,,
472178,20250611,103000,123000,4138,5788165,2295,2,,,
472178,20250611,103000,123000,4138,5939145,2304,2,,,
472178,20250611,103000,123000,4138,5939145,2295,2,,,
472179,20251113,103000,123000,4138,5788165,2304,2,,,
472179,20251113,103000,123000,4138,5788165,2295,2,,,
472179,20251113,103000,123000,4138,5939145,2304,2,,,
472179,20251113,103000,123000,4138,5939145,2295,2,,,
472180,20251120,103000,123000,4138,5788165,2304,2,,,
472180,20251120,103000,123000,4138,5788165,2295,2,,,
472180,20251120,103000,123000,4138,5939145,2304,2,,,
472180,20251120,103000,123000,4138,5939145,2295,2,,,
472181,20251127,103000,123000,4138,5788165,2304,2,,,
472181,20251127,103000,123000,4138,5788165,2295,2,,,
472181,20251127,103000,123000,4138,5939145,2304,2,,,
472181,20251127,103000,123000,4138,5939145,2295,2,,,
472182,20250412,103000,123000,4138,5788165,2304,2,,,
472182,20250412,103000,123000,4138,5788165,2295,2,,,
472182,20250412,103000,123000,4138,5939145,2304,2,,,
472182,20250412,103000,123000,4138,5939145,2295,2,,,
472183,20251112,103000,123000,4138,5788165,2304,2,,,
472183,20251112,103000,123000,4138,5788165,2295,2,,,
472183,20251112,103000,123000,4138,5939145,2304,2,,,
472183,20251112,103000,123000,4138,5939145,2295,2,,,
472184,20251218,103000,123000,4138,5788165,2304,2,,,
472184,20251218,103000,123000,4138,5788165,2295,2,,,
472184,20251218,103000,123000,4138,5939145,2304,2,,,
472184,20251218,103000,123000,4138,5939145,2295,2,,,
472188,20250110,154500,174500,4307,5753142,2302,2,,,
472188,20250110,154500,174500,4307,5753142,520,2,,,
472326,20250922,130000,160000,5544,5767516,2326,2,,,
472326,20250922,130000,160000,5544,5767516,2326,2,,,
472326,20250922,130000,160000,5544,5767516,2326,2,,,
472327,20250924,130000,153000,5544,5767516,1611,2,,,
472327,20250924,130000,153000,5544,5767516,1611,2,,,
472327,20250924,130000,153000,5544,5767516,1611,2,,,
472328,20250925,113000,133000,5544,5767516,1539,2,,,
472328,20250925,113000,133000,5544,5767516,1539,2,,,
472328,20250925,113000,133000,5544,5767516,1539,2,,,
472329,20250929,130000,160000,5544,5767516,1556,2,,,
472329,20250929,130000,160000,5544,5767516,1556,2,,,
472329,20250929,130000,160000,5544,5767516,1556,2,,,
472330,20250110,130000,154500,5544,5767516,1611,2,,,
472330,20250110,130000,154500,5544,5767516,1611,2,,,
472330,20250110,130000,154500,5544,5767516,1611,2,,,
472331,20250610,130000,160000,5544,5767516,1570,2,,,
472331,20250610,130000,160000,5544,5767516,1570,2,,,
472331,20250610,130000,160000,5544,5767516,1570,2,,,
472332,20250810,130000,154500,5544,5767516,1611,2,,,
472332,20250810,130000,154500,5544,5767516,1611,2,,,
472332,20250810,130000,154500,5544,5767516,1611,2,,,
472333,20251010,90000,113000,5544,5767516,1580,2,,,
472333,20251010,90000,113000,5544,5767516,1580,2,,,
472333,20251010,90000,113000,5544,5767516,1580,2,,,
472406,20250925,154500,174500,6646,5870263,521,8,,,
472406,20250925,130000,150000,6646,5870263,521,8,,,
472406,20250925,154500,174500,6646,5870304,521,8,,,
472406,20250925,130000,150000,6646,5870304,521,8,,,
472480,20251010,81500,101500,6371,6054262,2291,2,,,
472480,20251121,81500,101500,6371,6054262,2291,2,,,
472770,20251212,103000,123000,4120,5879551,2317,2,,,
472770,20250912,91500,111500,4120,5879551,517,2,,,
472778,20251017,103000,123000,4120,5879551,2317,2,,,
472778,20251017,103000,123000,4120,5879551,2302,2,,,
473011,20250923,83000,100000,3943,5799501,1122,2,,,
473011,20250923,83000,100000,3943,5799501,1122,2,,,
473011,20250923,83000,100000,3943,5819214,1122,2,,,
473011,20250923,83000,100000,3943,5819214,1122,2,,,
473011,20250923,83000,100000,3943,6032886,1122,2,,,
473011,20250923,83000,100000,3943,6032886,1122,2,,,
473011,20250923,83000,100000,3943,6141330,1122,2,,,
473011,20250923,83000,100000,3943,6141330,1122,2,,,
473253,20250925,91500,123000,4120,5879755,2294,2,,,
473253,20250925,91500,123000,4120,5879755,1622,2,,,
473253,20250925,91500,123000,4120,5976623,2294,2,,,
473253,20250925,91500,123000,4120,5976623,1622,2,,,
473292,20250929,133000,164500,4120,5879347,514,2,,,
473292,20250929,133000,164500,4120,5879347,515,2,,,
473293,20250610,133000,164500,4120,5879347,514,2,,,
473293,20250610,133000,164500,4120,5879347,2322,2,,,
473304,20250929,91500,123000,4120,5997865,2301,2,,,
473304,20250929,91500,123000,4120,5997865,2299,2,,,
473305,20250610,91500,123000,4120,5997865,2301,2,,,
473305,20250610,91500,123000,4120,5997865,2299,2,,,
473306,20251013,91500,123000,4120,5997865,2301,2,,,
473306,20251013,91500,123000,4120,5997865,2299,2,,,
473307,20251020,91500,123000,4120,5997865,2301,2,,,
473307,20251020,91500,123000,4120,5997865,2322,2,,,
473308,20251027,91500,123000,4120,5997865,2301,2,,,
473308,20251027,91500,123000,4120,5997865,2322,2,,,
473309,20250311,91500,123000,4120,5997865,2301,2,,,
473309,20250311,91500,123000,4120,5997865,2299,2,,,
473397,20260501,133000,170000,6400,5722831,1614,11,,,
473397,20260501,133000,170000,6400,5722831,1614,11,,,
473398,20260801,91500,123000,6400,5722831,1614,11,,,
473398,20260801,91500,123000,6400,5722831,1614,11,,,
473399,20260115,91500,123000,6400,5722831,1614,11,,,
473399,20260115,91500,123000,6400,5722831,1614,11,,,
473400,20260116,91500,123000,6400,5722831,1614,11,,,
473400,20260116,91500,123000,6400,5722831,1614,11,,,
473401,20260120,91500,173000,6400,5722831,1614,11,,,
473401,20260120,91500,173000,6400,5722831,1614,11,,,
473402,20260121,91500,123000,6400,5722831,1614,11,,,
473402,20260121,91500,123000,6400,5722831,1614,11,,,
473403,20260121,133000,163000,6400,5722831,1614,11,,,
473403,20260121,133000,163000,6400,5722831,1614,11,,,
473404,20260126,91500,123000,6400,5722831,1614,11,,,
473404,20260126,91500,123000,6400,5722831,1614,11,,,
473405,20260126,133000,153000,6400,5722831,1614,11,,,
473405,20260126,133000,153000,6400,5722831,1614,11,,,
473406,20260127,91500,123000,6400,5722831,1614,11,,,
473406,20260127,91500,123000,6400,5722831,1614,11,,,
473407,20260127,133000,153000,6400,5722831,1614,11,,,
473407,20260127,133000,153000,6400,5722831,1614,11,,,
473409,20260129,90000,123000,6400,5722831,1553,11,,,
473409,20260129,90000,123000,6400,5722831,1553,11,,,
473410,20260129,133000,153000,6400,5722831,1553,11,,,
473410,20260129,133000,153000,6400,5722831,1553,11,,,
473411,20260130,90000,123000,6400,5722831,1614,11,,,
473411,20260130,90000,123000,6400,5722831,1614,11,,,
473420,20260601,93000,170000,6401,5722832,1574,2,,,
473420,20260601,93000,170000,6401,5722832,1574,2,,,
473421,20260701,93000,170000,6401,5722832,1574,2,,,
473421,20260701,93000,170000,6401,5722832,1574,2,,,
473422,20260901,91500,123000,6401,5722832,1574,2,,,
473422,20260901,91500,123000,6401,5722832,1574,2,,,
473423,20261201,93000,170000,6401,5722832,1574,2,,,
473423,20261201,93000,170000,6401,5722832,1574,2,,,
473424,20260113,93000,170000,6401,5722832,1574,2,,,
473424,20260113,93000,170000,6401,5722832,1574,2,,,
473425,20260114,93000,170000,6401,5722832,1574,2,,,
473425,20260114,93000,170000,6401,5722832,1574,2,,,
473426,20260119,93000,170000,6401,5722832,1574,2,,,
473426,20260119,93000,170000,6401,5722832,1574,2,,,
473427,20260122,93000,123000,6414,5722841,1580,2,,,
473427,20260122,93000,123000,6414,5722841,1580,2,,,
473428,20260122,133000,173000,6414,5722841,1580,2,,,
473428,20260122,133000,173000,6414,5722841,1580,2,,,
473429,20260123,93000,123000,6414,5722841,1580,2,,,
473429,20260123,93000,123000,6414,5722841,1580,2,,,
473430,20260123,133000,173000,6414,5722841,1580,2,,,
473430,20260123,133000,173000,6414,5722841,1580,2,,,
473431,20260128,133000,163000,6405,5722842,1574,2,,,
473431,20260128,133000,163000,6405,5722842,1574,2,,,
473482,20250924,133000,153000,4182,5753021,2326,2,,,
473482,20250924,133000,153000,4182,5753021,2311,2,,,
473482,20250924,133000,153000,4182,5753225,2326,2,,,
473482,20250924,133000,153000,4182,5753225,2311,2,,,
473482,20250924,133000,153000,4182,5753429,2326,2,,,
473482,20250924,133000,153000,4182,5753429,2311,2,,,
473482,20250924,133000,153000,4182,5872340,2326,2,,,
473482,20250924,133000,153000,4182,5872340,2311,2,,,
473482,20250924,133000,153000,4182,5889406,2326,2,,,
473482,20250924,133000,153000,4182,5889406,2311,2,,,
473482,20250924,133000,153000,4182,5915926,2326,2,,,
473482,20250924,133000,153000,4182,5915926,2311,2,,,
473482,20250924,133000,153000,4182,5937753,2326,2,,,
473482,20250924,133000,153000,4182,5937753,2311,2,,,
473482,20250924,133000,153000,4182,5995785,2326,2,,,
473482,20250924,133000,153000,4182,5995785,2311,2,,,
473482,20250924,133000,153000,4182,6115681,2326,2,,,
473482,20250924,133000,153000,4182,6115681,2311,2,,,
473780,20250924,81500,101500,4138,5807210,2299,2,,,
473780,20250924,81500,101500,4138,5807210,2299,2,,,
473780,20250924,81500,101500,4138,5830070,2299,2,,,
473780,20250924,81500,101500,4138,5830070,2299,2,,,
473780,20250924,81500,101500,4138,5923995,2299,2,,,
473780,20250924,81500,101500,4138,5923995,2299,2,,,
473781,20250110,81500,101500,4138,5807210,2299,2,,,
473781,20250110,81500,101500,4138,5807210,2299,2,,,
473781,20250110,81500,101500,4138,5830070,2299,2,,,
473781,20250110,81500,101500,4138,5830070,2299,2,,,
473781,20250110,81500,101500,4138,5923995,2299,2,,,
473781,20250110,81500,101500,4138,5923995,2299,2,,,
473782,20250810,81500,101500,4138,5807210,2299,2,,,
473782,20250810,81500,101500,4138,5807210,2299,2,,,
473782,20250810,81500,101500,4138,5830070,2299,2,,,
473782,20250810,81500,101500,4138,5830070,2299,2,,,
473782,20250810,81500,101500,4138,5923995,2299,2,,,
473782,20250810,81500,101500,4138,5923995,2299,2,,,
473783,20251015,81500,101500,4138,5807210,2299,2,,,
473783,20251015,81500,101500,4138,5807210,2299,2,,,
473783,20251015,81500,101500,4138,5830070,2299,2,,,
473783,20251015,81500,101500,4138,5830070,2299,2,,,
473783,20251015,81500,101500,4138,5923995,2299,2,,,
473783,20251015,81500,101500,4138,5923995,2299,2,,,
473784,20251022,81500,101500,4138,5807210,2299,2,,,
473784,20251022,81500,101500,4138,5807210,2299,2,,,
473784,20251022,81500,101500,4138,5830070,2299,2,,,
473784,20251022,81500,101500,4138,5830070,2299,2,,,
473784,20251022,81500,101500,4138,5923995,2299,2,,,
473784,20251022,81500,101500,4138,5923995,2299,2,,,
473785,20251029,81500,101500,4138,5807210,2299,2,,,
473785,20251029,81500,101500,4138,5807210,2299,2,,,
473785,20251029,81500,101500,4138,5830070,2299,2,,,
473785,20251029,81500,101500,4138,5830070,2299,2,,,
473785,20251029,81500,101500,4138,5923995,2299,2,,,
473785,20251029,81500,101500,4138,5923995,2299,2,,,
473786,20250511,81500,101500,4138,5807210,2299,2,,,
473786,20250511,81500,101500,4138,5807210,2299,2,,,
473786,20250511,81500,101500,4138,5830070,2299,2,,,
473786,20250511,81500,101500,4138,5830070,2299,2,,,
473786,20250511,81500,101500,4138,5923995,2299,2,,,
473786,20250511,81500,101500,4138,5923995,2299,2,,,
473787,20251211,81500,101500,4138,5807210,522,2,,,
473787,20251211,81500,101500,4138,5807210,522,2,,,
473787,20251211,81500,101500,4138,5830070,522,2,,,
473787,20251211,81500,101500,4138,5830070,522,2,,,
473787,20251211,81500,101500,4138,5923995,522,2,,,
473787,20251211,81500,101500,4138,5923995,522,2,,,
473788,20251119,81500,101500,4138,5807210,2299,2,,,
473788,20251119,81500,101500,4138,5807210,2299,2,,,
473788,20251119,81500,101500,4138,5830070,2299,2,,,
473788,20251119,81500,101500,4138,5830070,2299,2,,,
473788,20251119,81500,101500,4138,5923995,2299,2,,,
473788,20251119,81500,101500,4138,5923995,2299,2,,,
473789,20251126,81500,101500,4138,5807210,517,2,,,
473789,20251126,81500,101500,4138,5807210,517,2,,,
473789,20251126,81500,101500,4138,5830070,517,2,,,
473789,20251126,81500,101500,4138,5830070,517,2,,,
473789,20251126,81500,101500,4138,5923995,517,2,,,
473789,20251126,81500,101500,4138,5923995,517,2,,,
473790,20250312,81500,101500,4138,5807210,1563,2,,,
473790,20250312,81500,101500,4138,5807210,1563,2,,,
473790,20250312,81500,101500,4138,5830070,1563,2,,,
473790,20250312,81500,101500,4138,5830070,1563,2,,,
473790,20250312,81500,101500,4138,5923995,1563,2,,,
473790,20250312,81500,101500,4138,5923995,1563,2,,,
473791,20251012,81500,101500,4138,5807210,2301,2,,,
473791,20251012,81500,101500,4138,5807210,2301,2,,,
473791,20251012,81500,101500,4138,5830070,2301,2,,,
473791,20251012,81500,101500,4138,5830070,2301,2,,,
473791,20251012,81500,101500,4138,5923995,2301,2,,,
473791,20251012,81500,101500,4138,5923995,2301,2,,,
473792,20251217,81500,101500,4138,5807210,2301,2,,,
473792,20251217,81500,101500,4138,5807210,2301,2,,,
473792,20251217,81500,101500,4138,5830070,2301,2,,,
473792,20251217,81500,101500,4138,5830070,2301,2,,,
473792,20251217,81500,101500,4138,5923995,2301,2,,,
473792,20251217,81500,101500,4138,5923995,2301,2,,,
474298,20251218,81500,101500,3830,5826661,1105,2,,,
474298,20251218,81500,101500,3830,5826661,1105,2,,,
474298,20251218,81500,101500,3830,5826661,1105,2,,,
474298,20251218,81500,101500,3830,5836498,1105,2,,,
474298,20251218,81500,101500,3830,5836498,1105,2,,,
474298,20251218,81500,101500,3830,5836498,1105,2,,,
474298,20251218,81500,101500,3830,5846374,1105,2,,,
474298,20251218,81500,101500,3830,5846374,1105,2,,,
474298,20251218,81500,101500,3830,5846374,1105,2,,,
474298,20251218,81500,101500,3830,5846583,1105,2,,,
474298,20251218,81500,101500,3830,5846583,1105,2,,,
474298,20251218,81500,101500,3830,5846583,1105,2,,,
474298,20251218,81500,101500,3830,5866380,1105,2,,,
474298,20251218,81500,101500,3830,5866380,1105,2,,,
474298,20251218,81500,101500,3830,5866380,1105,2,,,
474298,20251218,81500,101500,3830,5909065,1105,2,,,
474298,20251218,81500,101500,3830,5909065,1105,2,,,
474298,20251218,81500,101500,3830,5909065,1105,2,,,
474298,20251218,81500,101500,3830,5909274,1105,2,,,
474298,20251218,81500,101500,3830,5909274,1105,2,,,
474298,20251218,81500,101500,3830,5909274,1105,2,,,
474298,20251218,81500,101500,3830,5909483,1105,2,,,
474298,20251218,81500,101500,3830,5909483,1105,2,,,
474298,20251218,81500,101500,3830,5909483,1105,2,,,
474298,20251218,81500,101500,3830,5941313,1105,2,,,
474298,20251218,81500,101500,3830,5941313,1105,2,,,
474298,20251218,81500,101500,3830,5941313,1105,2,,,
474298,20251218,81500,101500,3830,5941522,1105,2,,,
474298,20251218,81500,101500,3830,5941522,1105,2,,,
474298,20251218,81500,101500,3830,5941522,1105,2,,,
474298,20251218,81500,101500,3830,5941731,1105,2,,,
474298,20251218,81500,101500,3830,5941731,1105,2,,,
474298,20251218,81500,101500,3830,5941731,1105,2,,,
474298,20251218,81500,101500,3830,5941940,1105,2,,,
474298,20251218,81500,101500,3830,5941940,1105,2,,,
474298,20251218,81500,101500,3830,5941940,1105,2,,,
474972,20251016,154500,174500,4137,5788164,523,2,,,
474972,20251016,133000,153000,4137,5788164,2316,2,,,
474972,20251016,154500,174500,4137,5939144,523,2,,,
474972,20251016,133000,153000,4137,5939144,2316,2,,,
475531,20251013,91500,123000,5791,5794522,1556,2,,,
475531,20251013,91500,123000,5791,5794522,1118,2,,,
475531,20251013,91500,123000,5791,5894746,1556,2,,,
475531,20251013,91500,123000,5791,5894746,1118,2,,,
476133,20251124,103000,123000,5800,5726937,1105,18,,,
476133,20251124,103000,123000,5800,5726937,1105,18,,,
476133,20251124,103000,123000,5800,5734065,1105,18,,,
476133,20251124,103000,123000,5800,5734065,1105,18,,,
476133,20251124,103000,123000,5800,5792815,1105,18,,,
476133,20251124,103000,123000,5800,5792815,1105,18,,,
476133,20251124,103000,123000,5800,5793319,1105,18,,,
476133,20251124,103000,123000,5800,5793319,1105,18,,,
476133,20251124,103000,123000,5800,5794531,1105,18,,,
476133,20251124,103000,123000,5800,5794531,1105,18,,,
476133,20251124,103000,123000,5800,5795913,1105,18,,,
476133,20251124,103000,123000,5800,5795913,1105,18,,,
476133,20251124,103000,123000,5800,5817622,1105,18,,,
476133,20251124,103000,123000,5800,5817622,1105,18,,,
476133,20251124,103000,123000,5800,5894755,1105,18,,,
476133,20251124,103000,123000,5800,5894755,1105,18,,,
476133,20251124,103000,123000,5800,5951627,1105,18,,,
476133,20251124,103000,123000,5800,5951627,1105,18,,,
476133,20251124,103000,123000,5800,5955255,1105,18,,,
476133,20251124,103000,123000,5800,5955255,1105,18,,,
476133,20251124,103000,123000,5800,5984438,1105,18,,,
476133,20251124,103000,123000,5800,5984438,1105,18,,,
478219,20250924,154500,174500,6449,5891358,515,2,,,
478219,20250924,154500,174500,6449,5891358,515,2,,,
478220,20250810,154500,174500,6449,5891358,515,2,,,
478220,20250810,154500,174500,6449,5891358,515,2,,,
478221,20251022,154500,174500,6449,5891358,515,2,,,
478221,20251022,154500,174500,6449,5891358,515,2,,,
478222,20250511,154500,174500,6449,5891358,515,2,,,
478222,20250511,154500,174500,6449,5891358,515,2,,,
478223,20251119,154500,174500,6449,5891358,515,2,,,
478223,20251119,154500,174500,6449,5891358,515,2,,,
478224,20250312,154500,174500,6449,5891358,515,2,,,
478224,20250312,154500,174500,6449,5891358,515,2,,,
478225,20251217,154500,174500,6449,5891358,515,2,,,
478225,20251217,154500,174500,6449,5891358,515,2,,,
478227,20250924,133000,153000,6449,5891358,515,2,,,
478227,20250924,133000,153000,6449,5891358,515,2,,,
478228,20250810,133000,153000,6449,5891358,515,2,,,
478228,20250810,133000,153000,6449,5891358,515,2,,,
478229,20251022,133000,153000,6449,5891358,515,2,,,
478229,20251022,133000,153000,6449,5891358,515,2,,,
478230,20250511,133000,153000,6449,5891358,515,2,,,
478230,20250511,133000,153000,6449,5891358,515,2,,,
478231,20251119,133000,153000,6449,5891358,515,2,,,
478231,20251119,133000,153000,6449,5891358,515,2,,,
478232,20250312,133000,153000,6449,5891358,515,2,,,
478232,20250312,133000,153000,6449,5891358,515,2,,,
478233,20251217,133000,153000,6449,5891358,515,2,,,
478233,20251217,133000,153000,6449,5891358,515,2,,,
478340,20251024,90000,103000,6423,5722885,2303,2,,,
478340,20251024,90000,103000,6423,5722885,2303,2,,,
478425,20250411,133000,153000,5035,5786375,1614,3,,,
478425,20250411,133000,153000,5035,5786375,1614,3,,,
478425,20250411,133000,153000,5035,5823809,1614,3,,,
478425,20250411,133000,153000,5035,5823809,1614,3,,,
478428,20250411,154500,164500,5035,5786375,1614,3,,,
478428,20250411,154500,164500,5035,5786375,1614,3,,,
478428,20250411,154500,164500,5035,5823809,1614,3,,,
478428,20250411,154500,164500,5035,5823809,1614,3,,,
478642,20260122,180000,200000,4803,5892910,1113,18,,,
478642,20260122,180000,200000,4803,5892910,1113,18,,,
478642,20260122,180000,200000,4803,5892966,1113,18,,,
478642,20260122,180000,200000,4803,5892966,1113,18,,,
478642,20260122,180000,200000,4803,5893022,1113,18,,,
478642,20260122,180000,200000,4803,5893022,1113,18,,,
478642,20260122,180000,200000,4803,5893078,1113,18,,,
478642,20260122,180000,200000,4803,5893078,1113,18,,,
478642,20260122,180000,200000,4803,5974426,1113,18,,,
478642,20260122,180000,200000,4803,5974426,1113,18,,,
478642,20260122,180000,200000,4803,6056835,1113,18,,,
478642,20260122,180000,200000,4803,6056835,1113,18,,,
478642,20260122,180000,200000,4803,6117917,1113,18,,,
478642,20260122,180000,200000,4803,6117917,1113,18,,,
478642,20260122,180000,200000,4803,6117983,1113,18,,,
478642,20260122,180000,200000,4803,6117983,1113,18,,,
479428,20250611,113000,123000,5549,5763965,1601,2,,,
479428,20250711,133000,153000,5549,5763965,1591,2,,,
479428,20250611,113000,123000,5549,5791128,1601,2,,,
479428,20250711,133000,153000,5549,5791128,1591,2,,,
479428,20250611,113000,123000,5549,5819068,1601,2,,,
479428,20250711,133000,153000,5549,5819068,1591,2,,,
479428,20250611,113000,123000,5549,5825497,1601,2,,,
479428,20250711,133000,153000,5549,5825497,1591,2,,,
479428,20250611,113000,123000,5549,5883715,1601,2,,,
479428,20250711,133000,153000,5549,5883715,1591,2,,,
479701,20251118,81500,101500,6207,5794217,1595,2,,,
479701,20251118,81500,101500,6207,5794217,1595,2,,,
479703,20251125,81500,101500,6207,5794217,1595,2,,,
479703,20251125,81500,101500,6207,5794217,1595,2,,,
479704,20251125,103000,123000,6207,5794217,1553,2,,,
479704,20251125,103000,123000,6207,5794217,1553,2,,,
479708,20250212,81500,101500,6207,5794217,1595,2,,,
479708,20250212,81500,101500,6207,5794217,1595,2,,,
479724,20250611,81500,101500,6113,5889005,514,2,,,
479724,20250611,81500,101500,6113,5889005,514,2,,,
